video_id,sign_language,split
Bdj5MUf_3Hc,???,train
sIo8170zyMw,???,train
g2EhE7rk5ig,???,train
MpRSGG-3yIE,???,train
K6kmvLQMqf4,???,train
dT85-Q1FaeE,???,train
D04vbRn9hmg,???,test
GFCS9rBjiJ4,???,val
dXRGwiEINiQ,???,val
EOoS2kVS72c,???,train
SefFhZA2bYM,???,train
twSYVkpfz50,???,train
kgh0cJSWKrE,???,train
Pi6stTav_pk,???,train
qiYTDSgjdlY,???,train
68TyZnYkBIw,???,train
taDmvyIs2o4,???,train
wQd4oRcjzYI,???,train
k_9YVc0kB5M,???,train
H36Uf4lmmi4,???,train
P0WN55x-KlY,???,train
_0_SnXw0jak,???,train
Tww2Ai9qzlY,???,val
kPP9s0O_TAs,???,val
T_z3mnNFUaI,???,train
NyZYIH5O0EM,???,train
jPHcGzrH0Eg,???,test
GCkixNudBfA,???,train
jmuSF4IQfyA,???,test
6346g3bpVWM,???,train
Dbwb7-DRNW8,???,train
oaRZwzq7PKw,???,train
SSWVI0hb1dY,???,train
Qo46gKddQ0U,???,train
PRqV4mRk5zo,???,train
F1a7EAkU72c,???,test
J4cBmMw6JhM,???,train
Xan9eD-7_NQ,???,train
Aaw85EJgKXQ,???,train
lQaBv9-QBn4,???,train
_vS7E7JGc_4,???,train
fPACsFn2uIo,???,train
0ApaecT3eXA,???,train
1njnJ1osovw,???,train
qIkpHE4u01E,???,train
-_2fevmeiZA,???,train
22FOL6DTxgw,???,train
5U6mmvbzzi8,???,train
fFugfEJrMHk,???,train
9e4M8th1Hkc,???,train
7B9Y-rXqSLA,???,train
0XPKtR9nOeM,???,train
cphvRMKUjw4,???,train
Aj33WBV7VVI,???,train
HMrVr3MvqnY,???,train
DsvocWRRcqs,???,val
rnX4VdFB9_8,???,train
vZUfjz4MiAM,???,test
zHMbGt2PHu4,???,train
u7BNEj5VvwY,???,val
b9Br06FOaDs,???,train
SgCLZBrw7r4,???,train
LBMJS02Wnig,???,test
Zwc8FmXnpVs,???,train
3sXIyc-cnJE,???,train
fy4rz625IK8,???,train
ucYTWGTRZMc,???,train
V5J40Xl0p6s,???,train
oUOqeMfG1Lw,???,train
7j8kcWo2x5Q,???,train
oPnv_uj0o5U,???,test
fLOFUIg3ld4,???,train
YuMZJ0B_QXE,???,train
fGmQgQj-8t4,???,train
hI9034SCDzQ,???,train
pMzmOKCyQxA,???,train
ZHFH6iLRpQw,???,train
ZqtK5l6HBBc,???,train
BnnkQNjaqgo,???,train
3DFTI6mcUBk,???,train
_3JdFgYGqW8,???,train
QLfDi3DSSPI,???,train
7t7JsCG3Xdc,???,train
obRuyUD3ESk,???,train
N5asubwnQuY,???,train
MwHOIylCP-8,???,train
QtBelZmxHeI,???,train
yCLdc92Syu0,???,train
4m6FgJ5Z0wE,???,train
nOSoaoy0u4E,???,train
e2RvUwATIgQ,???,train
_Amn5FDtF7o,???,train
Hbo4keulvqo,???,train
PJ2FvxVn0FM,???,train
a1DTlzXw56o,???,train
v1RsQthbrZU,???,train
J1UMgR_L6Og,???,train
WRpp45BXmG8,???,train
acZCivsDL1w,???,train
ocRHCHgC290,???,train
ZacPRRMnVMg,???,train
nWQij8C7mI0,???,train
bLvDErY5YpA,???,train
NMlo39v-s90,???,train
m8Q500-G9aU,???,train
sWDukGpogSQ,???,train
8TuwFlWKIn8,???,train
tG_vb1vgNb4,???,train
h9ECoiTrW_o,???,val
9i3M5ONuLvQ,???,train
PqfFioGL2IQ,???,train
MkQpzJenYks,???,train
5HWUFMuvZMM,???,train
NnR7Iq1X5gs,???,train
Fa9IzJ8zsaQ,???,train
gCtfLfXfIFc,???,train
nHUhhrJNuik,???,train
s47WGZGs7lw,???,train
OLgbYiIpooI,???,train
QWueZTJ7MVM,???,train
6-Tcf0eEKgo,???,train
M6eoQXRxJI8,???,train
te2N3biveCE,???,train
LlAmay31uVc,???,train
nesoB0vK7Kk,???,train
xbhwAjTcmQw,???,train
2d9CDXg2UG0,???,train
Ca8XZ4Uc1hk,???,train
Z-HmTHsdg_A,???,train
dCmPPDLp__0,???,train
mQGeBDMb2q8,???,train
ivmuFdWA2Mo,???,train
fxU5IId30Gs,???,train
mnBJq1I45Pw,???,train
E01KUdarKlM,???,train
MrDaWBMR9Qg,???,train
nXN-aUgKIdQ,???,train
5NFlMIdExE4,???,train
_MV0AvM3chg,???,train
lbwrLXMP69k,???,val
W2Vhj4zWty0,???,train
j9og6lckaLM,???,train
n2maR1PsuM8,???,train
OOzqhIftSc4,???,train
lwCB0fN9xFA,???,train
kMmwQ7yr8VE,???,train
4vYI-HWPGoo,???,train
Ju2xf3mzcrc,???,train
d_g2rCsgwbo,???,train
kdLNVO0Bq0Y,???,train
ZF_XYSMKsTM,???,train
2HVNBEduzKs,???,val
R7bI3AeoPpg,???,train
FUivMm876ak,???,train
ti4CMwltERI,???,train
SWiSwGMYzEc,???,train
rfIKeaQyKxc,???,train
tvxxUrseTLw,???,train
pFPIcfcsRzs,???,train
SiAJyX1S26Q,???,train
HGGPzxh0hyk,???,train
ctVb8JGoQQc,???,train
G7kuyeE6nLs,???,train
C0ZIp1slUdM,???,test
ciQ5wDUjjVM,???,train
9fCPF9GHZyE,???,train
eML5-KySg88,???,train
0Z7HC7UPars,???,train
5axgaZJAeZg,???,train
En2B6nKl_Vg,???,train
txfdje6X-jA,???,train
XtBCuMgYXlc,???,train
wtZgtYVlBLk,???,train
_flfOs7-HVQ,???,val
8NmbempJzRI,???,train
DTf04QKaOKo,???,train
Rq0OFIfebf4,???,train
cYInKvBge5M,???,train
6D8tdvTvGEE,???,train
QTvrrD4Faq8,???,train
J4EGMC6753w,???,train
oQEwiUJ15fo,???,train
xWhzZYyqgxI,???,train
WXvokdLo0QA,???,train
u85JpPLXGM8,???,train
QaKHnQXtIYI,???,train
8-aEeiK2EC0,???,train
KOf3fkl3jpc,???,train
c0DNBcmTyr8,???,test
7ssszfqbpCM,???,test
3KOPcQL4tmw,???,train
yz95JVnxn30,???,train
Y8zQYbtPPj8,???,train
XXs9eqHQEnE,???,train
d2ea51Z4nHk,???,train
cea1fNN5J3s,???,train
YdnJIXAHDq0,???,train
Yp6B-rElasU,aed,train
MKYQO-XPfqY,aed,train
qZaTAEYE5aE,aed,train
vFgrmljpf6A,aed,train
EwSYXeLCZZA,aed,train
nu9R6RqgtNA,aed,train
SVhBeCb_gDE,aed,train
t6r6XxqvbPo,aed,train
RDFgNt_uHe8,aed,train
s8V30LrHI1Q,aed,train
OAlk_-5Vbl0,aed,train
YKBTHqx74c0,aed,train
NxkXDfYerjA,aed,train
4_1QONd20lk,aed,train
7EttArJ0jFw,aed,train
vPUaiKcW9gY,aed,train
Te7-hTp3JWk,aed,train
qQlCcwTp4kA,aed,train
rBBiKidSENw,aed,train
YAU3Y__EAVQ,aed,train
UoPHO68IWWA,aed,train
EhWOBsm_XxA,aed,train
1v4ZVDE-M_4,aed,train
YPsCGohXv6g,aed,train
jyq1oI1V5Gk,aed,train
Ln-PRZ4vBiQ,aed,train
kxwjkpKOgrY,aed,train
P1zBhI6LRsE,aed,train
FqFIzm0tnis,aed,train
3J3fJQBeq3Q,aed,train
X92dWAUt6yY,aed,train
euvcuwlgFa8,aed,train
d7akwvWNPrU,aed,test
A1rJRHxZScA,aed,train
xZhEvwn-ihM,aed,train
6VxvQ_XtJKU,aed,train
wKAI6yhMw7s,aed,train
8yyCVzy6vlE,aed,train
x2Z-btq-wPc,aed,train
swQfAVlUJ6M,aed,train
4Nh31w-4JZo,aed,train
Uj1iOaQOXSk,aed,train
TdGpXgeaN9M,aed,test
kdpJhaEzXhI,aed,train
jYPa8nkl7F8,aed,train
AuSaVTeEndU,aed,train
UPxuVfCBzzk,aed,train
zLYHvG2yeKA,aed,train
tmri2ZOjLqQ,aed,train
adHjilzvVxo,aed,train
uxJiRFgXmOc,aed,train
AsOxb6jNC4E,aed,val
2c-75MVk2XU,aed,train
DRDAwYJtra0,aed,train
ELibSn79UD4,aed,test
_pEtT1d5PJ4,aed,train
n1xxngwYh5Q,aed,train
y6FkYyBahus,aed,train
ve6xe2Tv1TQ,aed,train
eub-kc2aeLo,aed,train
iN982Aq87F0,aed,train
03PrJbwEUVM,aed,train
ARxGdAOFBVc,aed,train
i0thkzOl2Lo,aed,train
ufucwscZ9Bc,aed,train
CoEPn9Bw7Bg,aed,train
AEvwxHIEDnU,aed,train
qaBpSMcspBw,aed,test
KQUI6kT-rrw,aed,train
Z8GBrpvi8cc,aed,train
2rxDTCivODo,aed,train
Fg1BfsmMptk,aed,train
IZ-o1ExOnC8,aed,train
8F2tUX0My9Q,aed,train
mXeR0wV2RSo,aed,train
ynJJfAL7FDE,aed,train
AZB1dm6Df_A,aed,train
5oFnXs8jykw,aed,train
KHHEsoAXYrg,aed,train
AgzFWDRt56Y,aed,val
VXaTfkS5zII,aed,train
Q2IaSHkJ7jU,aed,train
63Oy7egmsis,aed,train
wIysN4sD4_Q,aed,train
ltSpXtD9uDc,aed,train
azmmVBZOebA,aed,train
CUGebsqq1JM,aed,train
gO6GzuytceE,aed,train
fjXjKamUFoE,aed,train
6eLdf-sU59Y,aed,train
ZZxgLFBqvRA,aed,train
XFquSX-DRww,aed,train
aPdswKiDYKc,aed,train
UrOmKqae0_c,aed,train
3A3biwkL-yg,aed,train
BbqPN1-UnFM,aed,val
s5SJhiXvyyk,aed,train
dnA_0pjl9sk,aed,train
d_gXmYwKFGI,aed,train
lJ-bAEuLPmk,aed,train
t5Bh12N_c10,aed,train
sSuGWu2BOQk,aed,train
g6hNIGhGyP4,aed,val
eDtpIue1Mso,aed,train
4xYqTABq0mk,aed,train
a-7hTDV3S50,aed,train
2mF71SPv7BM,aed,train
_UWlvr-WoEU,aed,train
1PDUSECpQy4,aed,test
cMhIdcpR04k,aed,train
OX1PGmE4NLA,aed,train
hKakqi7Uxfc,aed,train
BqNIBMB-PGE,aed,val
L9meIwfo81w,aed,train
2ogogASbc4Q,aed,train
Xn4Iom_DuX0,aed,val
kxrsaCu9tHw,aed,train
z73f4UmH8Tc,aed,train
W-Yh5mpmgZY,aed,train
J0kgETaJw4A,aed,train
L5UomFSIh-0,aed,train
UxmHVeEjD4c,aed,test
PKIKc9lPV_I,aed,train
L6ryUlDubrM,aed,train
ahRPjOuiGik,aed,train
gUoPz0IPvIk,aed,train
XrpxLBoV32M,aed,train
QMaBJfz1C2c,aed,train
KmjrJJLnzAg,aed,train
Z5sGGli1uV8,aed,train
BD6SAICsHhA,aed,train
d3h9gTYeaTY,aed,train
RzRrywiXEeM,aed,val
406-TJBIUAE,aed,train
Tt3bDjtj2_s,aed,train
oBHHfEu15lY,aed,test
esnBmJ-5nQo,aed,train
GXpPK6JrkYw,aed,train
YkJ0tbLZrNA,aed,val
97B6C_bOIFs,aed,train
abbe-TUM4Vo,aed,test
l6KN_qi7wQo,aed,train
b1YnGPysdmM,aed,train
JSsWVAW2TdM,aed,train
r3nYWpReO5E,aed,train
JJnPSFMzlgI,aed,train
2NF2qVMuB_s,aed,train
EwZKlswrT0s,aed,train
MNmZEJo_WTg,aed,train
dz1PMyiK_ig,aed,train
4YYcSyPnHcw,aed,train
-1Q9QGI8X30,aed,train
dlCQOAZOnig,aed,train
Tv7UPFzvsdY,aed,train
eZC_EpIFMpY,aed,train
M-0mJDj7WY8,aed,train
EfsMF2uUEkM,aed,train
0PixF6d3mQE,aed,train
iSKUNkTP6uw,aed,train
_j8WkuPQ640,aed,train
zJwm0gDgx74,ase,train
9S9babHPEVY,ase,train
QU1pcHg2YQw,ase,train
YvpSSm5oPpQ,ase,train
7zFEcTmDa3s,ase,train
3oFvBe5lZw4,ase,train
1zB3R6tR5Ow,ase,train
oP2WdYlaflE,ase,train
B6EREFQ9ElE,ase,train
zCjNh65JKWs,ase,train
r0tiB29olkk,ase,train
mce_mHeXL9I,ase,train
xHq-TBEeblU,ase,train
xbjVX28QXDQ,ase,test
iZDQXGIm_jI,ase,train
Lwq1VFMR0Ig,ase,train
ABa_cT1HZjI,ase,train
evvA531rreo,ase,train
3BGtpLceA1o,ase,test
MKaxL6t-_G8,ase,train
1Qrwys9gGaI,ase,train
kaRAnvHYY9c,ase,train
BlzpvIPLg1w,ase,train
IEcnDSYm2W0,ase,train
Gp0Iq24hj4A,ase,train
X6tsCeIC4fc,ase,train
fjhuFhu3vI0,ase,train
QXx4fPEDSKc,ase,train
FwZtKAt4uiY,ase,train
DQgYkQwi-qo,ase,train
J-0KHhPS_m4,ase,train
_ljjwCgFf1Q,ase,train
VZ4FUG_HuEM,ase,train
ezOxtUO5608,ase,train
smlh678zEu4,ase,train
z9LIwFzX_yQ,ase,train
A33z5b18iew,ase,train
TGsw9tqUA4w,ase,train
wsk7JgdmsPQ,ase,train
P7crM7PwnTk,ase,train
dF-8sngLwcU,ase,train
eTNLGLPk8GE,ase,train
h9dGzYhOCMk,ase,test
0vLMr2lZ0sg,ase,test
1DtOv8mMJPw,ase,train
l74K724HI1k,ase,train
L9iHYHc-VFw,ase,val
4pfIAo8fLX8,ase,train
i-F6l3YmS1I,ase,train
Q1Z1BjgiyY4,ase,train
qlRzEaajJwU,ase,train
4o60sz0Lxo4,ase,train
1Jagn26sxgQ,ase,train
RA6zwh5QMxE,ase,train
HtJGYKYqMBA,ase,train
shFwGHIBOiA,ase,test
HTNJQy2pmsQ,ase,train
K1fTYtXNjnY,ase,train
Wrei73TSAhg,ase,train
OZ4f6PGHqqA,ase,train
bB5QZXdGgzI,ase,train
prIWs5lp7oU,ase,train
P3OUq4sEsOs,ase,train
EyZ8NRWBDLE,ase,train
YZc9L4PGBRk,ase,train
owrREHSXIPk,ase,train
VYLUoMLnlSs,ase,train
c7V7Wump9pA,ase,train
F-SKz0U-tIE,ase,train
k7RAvMHIHf0,ase,train
um0288ZkB5c,ase,train
YfZAuGEaDWg,ase,train
cL2BQOzE6QI,ase,train
mO0ZFT9bC8Y,ase,train
4jPSJl8BjT4,ase,train
9dN1ATOuEOM,ase,train
lOiBHFLkuwc,ase,train
CjH1T6wytJ4,ase,train
iVBsWYtl4Ys,ase,train
Un6G2NVp6CI,ase,train
GgV2DMQjYuc,ase,train
qmyNG6BxU4k,ase,train
olpXrUauOTs,ase,train
3Y6EJ5mqk8I,ase,train
rJiH6xEeuYg,ase,train
6LP8-SNuX0s,ase,train
O20iEQzhfVw,ase,train
CnZ2ZK7Bv_w,ase,train
1e_omZm2H1I,ase,train
dT_l5taZONQ,ase,train
9FM9AsvCuiQ,ase,train
1JGKJFrLIxY,ase,train
KW7GMZvZSdY,ase,train
X5ITAfJ32Lc,ase,train
xZpbCKafoXM,ase,train
07n6UOSzMyk,ase,train
cuvrFou_YSA,ase,train
0mR7n0W1h9c,ase,train
Ll8lRxEQ3RA,ase,train
Bawbmhprvqs,ase,train
5gFYtIKARVg,ase,val
j-d7B2pYpbk,ase,train
03ky2gf59Hw,ase,train
6AgQp3LXgXk,ase,train
Id3E3Myp_uQ,ase,train
SZcnservpiE,ase,train
qap1UsK2eOo,ase,train
Ov97MJDKWPo,ase,train
7YL5SVVXHCo,ase,train
A_JsmFhoa2g,ase,train
N8vK7uaN0Bs,ase,train
V0VAETm1R4E,ase,train
rmFwPc96YUY,ase,train
MpTKoUclrXA,ase,train
oJC1wqV48PE,ase,train
BakdKfSMj1M,ase,train
f3HqqcIfWOs,ase,test
BEbtiFR8DIM,ase,train
Sc8SEW_iaNE,ase,train
4itOKXTJNRc,ase,train
oe1hx_Mcwng,ase,train
kMz7cPfI3NM,ase,train
CJ3vkNs4t64,ase,train
_z0YJweTUvs,ase,train
u7es5azGhCs,ase,train
FiT5DnAmGAY,ase,val
MTY9lPOvwzc,ase,val
DFcDurXy8l8,ase,train
LMAddM8IDXo,ase,train
dcI96iQtgJg,ase,train
PfaPDjH01ec,ase,train
81AEkXcuO2Y,ase,train
668bu_vGg7M,ase,val
tFsx2W0lZHA,ase,train
UDzX8QEkW64,ase,train
g3mxPtGvCoI,ase,train
cfZjpzmMYLU,ase,train
TNvHaSftLrw,ase,train
MC3PN3Sl218,ase,train
_Q4ShGf3FzY,ase,train
3zRUoFOUi4Q,ase,train
q4FNvJ4e3KY,ase,train
3kaUiON2fS8,ase,train
KUu9lNfkkW0,ase,train
LPESvRATSxI,ase,train
egE5Jp4zpf4,ase,train
3DTsjl1l9fU,ase,train
JIk69CrSeDs,ase,train
RvnMGQ187dw,ase,train
e2rNsEjzerw,ase,train
wgDOnMbfgUI,ase,train
5CQ9N0ls0Hc,ase,train
tvURFnTeIuM,ase,train
EKX7-U56t84,ase,val
DJB8r-n_U-4,ase,train
eYP1Z8zkyN4,ase,train
QE-tKTVVT6Y,ase,train
nJnr_thzg0c,ase,train
-60AS2h1R2M,ase,train
VYapXIyWbBk,ase,train
tdHCpLVZSWE,ase,train
X5g_5dWqDtk,ase,train
KPouM1JR-j0,ase,train
uFqNL_Mozqc,ase,train
Mgz1n_6-0ZI,ase,train
pVevQs0fZFc,ase,train
6eRl2gkin9w,ase,test
dOBaV-PhD-s,ase,train
febCDSGODUw,ase,train
OSYbY-VaPFg,ase,train
fhkxwNDegNg,ase,train
uxI6sjlZgRA,ase,train
QWOwBUwWMhU,ase,train
lurseCKY1dg,ase,train
gABu4hLdIPI,ase,train
TXP1RMKwABE,ase,train
ks-ZeVsQwbw,ase,train
HhucaYd0Syw,ase,train
GpHLbbhxUoo,ase,train
XV5n_GN606Q,ase,train
lqvoj7arHjI,ase,train
h9Tc85rSUVU,ase,test
tGdRqAo9Ido,ase,train
XOM46EX4nUg,ase,train
1nJ_iACyuR8,ase,train
cJyKY1fsm4Q,ase,train
py5xnRUlYkQ,ase,train
PUb2SeqbVJg,ase,train
Y26V3G6FiXI,ase,train
l_Pr8kKQInU,ase,train
MrQeObIhUXU,ase,train
4CDtoTbGU1E,ase,train
kexjiNQEcu0,ase,train
FbZrrTY0h2k,ase,test
rzGo6eQvstY,ase,train
ljXUrmczdK0,ase,train
j32SoPtfGG0,ase,train
dMiBayMX4kQ,ase,train
vbQYfyLDRM8,ase,train
QkznO9XOglo,ase,train
B57Q2xr4Zqs,ase,test
DxIpPTZM-tw,ase,train
wjZfHnfCmcw,ase,train
l6FTtwVHFbE,ase,train
J9TSX7Pz3es,ase,train
JtgOUFPpgVY,ase,train
-o9Tj5gJGI4,ase,train
tpazvXGyir0,ase,train
QM1Q1bVJDBY,ase,train
8-NLrM2XlZg,ase,train
YeP-SqrjkyU,ase,train
HMA41nLidpY,ase,train
Xi9Dda2TLF8,ase,train
c1KAO1PjIrI,ase,train
aRaWoeDRc7s,ase,train
5iRIeHAK9b0,ase,train
RrRK1s6vlBU,ase,train
Cx9fqa6YtMQ,ase,train
5zfPLAz4l-Q,ase,train
IW98HansqCk,ase,train
UMTmgiJcGXs,ase,train
TMGmcLZMHbA,ase,train
qSnhJQFRtkA,ase,train
PI5yBjoyh9g,ase,train
Pn8OOeENZOw,ase,test
S1HvZQRRIaY,ase,train
o0vCRLF-0Uk,ase,train
zyyCMDkenE4,ase,train
8n3CGSgRfJw,ase,val
CMlcjMrsaDE,ase,train
GlGYgHx9Qno,ase,train
XIfHdWYkSrg,ase,test
n3Wg2bArIkw,ase,train
aciCVh_JMp0,ase,train
UsHCSU4iV_c,ase,train
DqI4YFN0VAY,ase,train
i7Bba2aL968,ase,train
Ai0_0EEvMXo,ase,train
c0Wz0Kuvy54,ase,train
8Xx5j__dnXM,ase,train
k2Og9aFjFp0,ase,train
1wFZjYCc-8U,ase,train
4tHuL-Oan5U,ase,train
8p-k-KY5oo8,ase,val
IT5vrxsY7kA,ase,train
FAgN1onAlw0,ase,train
X61Yd2ECvRQ,ase,train
oUUWMIk-GUw,ase,train
eDM9jW83VRo,ase,train
bBqc-znpE-I,ase,train
zfmkSZqbytg,ase,train
lS3pcMWUPSI,ase,test
UERj8a5S45k,ase,train
XyDdJKmcqGw,ase,train
j7SziwCkoG4,ase,train
OLkLPPWE4Ks,ase,train
gbCXd7vaJGQ,ase,test
Yxh5sLlOfRE,ase,train
d-0NivWQG98,ase,val
pNAGA-3BAts,ase,train
DOJ2vhDD7Gg,ase,train
WRs8bBaxCZM,ase,train
DKEIfOqQMx4,ase,train
4xngx-JjvC8,ase,train
iveNZzCRtR0,ase,train
Yaq7ZdtovHk,ase,train
50iETKggGHg,ase,train
CIl6r9nP-VA,ase,train
uY583WM9yJw,ase,train
Qn01V98scVw,ase,train
L3FCRGZVnkg,ase,train
0-nd8Z9iuPE,ase,train
PNTbO_VrcSI,ase,train
-jar_eJa87Y,ase,train
vco56wWfuYU,ase,train
8yE4Lcq7dC0,ase,train
0dhT_BY2FZo,ase,train
rA5bfBITNPw,ase,train
Tl7uNQ6apFQ,ase,train
2epZdTtZYig,ase,train
1OJS1t-6_9k,ase,train
crfw6Flgwfo,ase,train
0JWnUGQrtIs,ase,test
7y_OtgaSdx4,ase,train
M17uzQsgtfw,ase,train
MexXtNDVSdU,ase,train
rauGrSZ00lg,ase,train
2deG-DmpnAQ,ase,train
Glzf4l942RQ,ase,train
Fcqg1dByeQY,ase,train
H3_xg8U_iAY,ase,train
kakTOqKnOzU,ase,train
TKRXFmA-D5s,ase,train
IvjYNWU72tw,ase,train
LJzcHWMpms8,ase,train
EoWGYt_g3Xo,ase,train
wSQwHHAMy-E,ase,train
T9RaVR2RfRk,ase,train
RQ0RdCyA-wk,ase,train
ujJNTyIiO40,ase,train
4USHMS3ap2Q,ase,train
IWZKm-Wo2Iw,ase,train
cTN5kLAShjI,ase,train
N_b7rtxl2_A,ase,train
KFnSbd2RKJ0,ase,train
jdqmM_HiTC4,ase,test
gZmJvgmmFy0,ase,train
gf4kOt6TAnY,ase,val
4d5o3B6wRP0,ase,train
8A3jpDQmkPA,ase,train
2bXnkd7DGc8,ase,train
s28rEjOtnf8,ase,train
sd_r54bUfQU,ase,train
uvdopA8aGV8,ase,train
AgraECvNR1A,ase,train
lUphjI3iqEY,ase,train
ImT8QG9Bg-Q,ase,test
w8NYrB0YDoU,ase,train
gjauzzsnOvI,ase,train
3DQO_pUD8AU,ase,train
RpZtoiKnw-Y,ase,train
JZmNueMInnk,ase,train
t9E9fmj_Hwo,ase,train
YKh3hf7AYCg,ase,train
3RnpLvQMhQQ,ase,train
IjUZClqdbpk,ase,train
W-KrNfmwEx0,ase,train
2AWyzSyzrtk,ase,train
3OtY3wNIX90,ase,train
wneZ68oct1U,ase,train
UKfaVTubwqs,ase,train
37LdIFDsUc4,ase,train
Llgrxnk6LCE,ase,train
1GYtv-DR-2Y,ase,train
-GgW0Hrt6ow,ase,train
7xpeNMA_H30,ase,train
autHVr6sKjE,ase,train
EFhz2KRPa68,ase,train
rUeZZ7E4L1g,ase,train
h7nmZ1UqNoA,ase,test
ZclWUI2HxuE,ase,train
hZEsAz3oVOA,ase,val
5VgSbQO-P70,ase,train
PMcx6RlZi7w,ase,train
0sJIlX1BvBc,ase,train
7BgQM7l2ZY0,ase,train
uMYeyplfXw8,ase,train
w9HCNzpFgDc,ase,train
Kbzb0XeYr5Y,ase,train
FShqWVOQ3w0,ase,val
tSCEj6AeUjM,ase,train
x7ieo_bLOt8,ase,train
Qv_lN9yt_qM,ase,train
o44Hp6zr2x0,ase,train
uYYYIN5bDeY,ase,train
5uyaCVlSQIY,ase,train
zvwULEttdRM,ase,train
dyncF1VNi7E,ase,train
ZHI99C68mwQ,ase,train
nyjRvU5yiZg,ase,val
IhgMwb1qmGg,ase,train
Yw13bZsHA9U,ase,train
-_8Dkjg0z3I,ase,train
j4CtUwJJKNs,ase,train
vxKDHTWKREo,ase,train
v69qG0PM0ZI,ase,train
RY08OOfwLzk,ase,train
0ZLQrQWkdGQ,ase,train
voiQ9VIsxXI,ase,train
qWIVj5y076w,ase,train
fxIGhW_cxh8,ase,train
0iJ5ac1feUo,ase,train
wPqsN_awKQ0,ase,train
7Ed0xWifFhk,ase,train
hlyhPDsnnP4,ase,train
9QZI0vEt4GQ,ase,train
zIePP-qbmSQ,ase,train
Lp6T3jqcdfo,ase,train
exEnmcyx4AE,ase,train
dhXMJmVhV5g,ase,train
greJ-l3-t4k,ase,train
ovvuXVSsItE,ase,train
CHLpAQvilH0,ase,train
2aQhjfDc_nw,ase,train
k_LHeo6sXek,ase,train
EJZK1h7uh8g,ase,train
ShCNIPCalh4,ase,train
6Pdev_juHdM,ase,train
z-RVsyJkhEg,ase,train
7f96j98SBos,ase,train
hL_kvMHjvag,ase,train
M2gtj0jFaPw,ase,train
q2dp2b7YPog,ase,train
HZRMGvpnm90,ase,train
MET7iOk_UCE,ase,train
hT3VrP8JnTY,ase,train
LdE2GVdqo8s,ase,train
re7o0qmRs38,ase,train
-4TN6D5EHHo,ase,train
i8KzxRhzQks,ase,train
0vxpnx3Pti4,ase,train
WDY8H8rSdAk,ase,train
hr4pJ4qW9ao,ase,train
FGV6O7O3DVk,ase,train
fSAY6QRd2Sk,ase,train
wFmb4N54ts8,ase,train
Jmryac-HSgI,ase,train
Vpb13X1sxdo,ase,train
9eEZwzUZejY,ase,train
NqS6Q-loOGE,ase,train
0Le-U7KC0Vo,ase,val
K9IL3PsNd6k,ase,train
iMYQVqkvJ_s,ase,train
onXu9BgH_9o,ase,train
x2B9cPuok6A,ase,test
NO7oD6JVWf8,ase,train
HLi_nmvgnMA,ase,train
70ddmjZLtJw,ase,train
kJvaQYxj69k,ase,train
sl5iY7000tk,ase,train
fDa44HdK5Jk,ase,train
H77EirljBn8,ase,train
_N5zuJa9vJI,ase,val
3WB3Ca1ocq8,ase,test
y7KIrON1uco,ase,train
-bvpPL0vdz0,ase,train
HVRi6hAw24U,ase,train
3zBcV4VQ2lg,ase,train
cF_TSTqIq-k,ase,train
YO0pNruKucY,ase,train
2D6Cb1JW_Wc,ase,val
tf7WezKs3GU,ase,train
7JVRUs0skRs,ase,train
VhyYiex6Yhg,ase,train
fF8If_n5wg0,ase,train
N7FCZ8UqFdE,ase,train
D7LNtuqLAxA,ase,train
8SatLaowpC0,ase,train
1U-rv8VSGpE,ase,train
N-x_o-q0V4w,ase,train
01DtCzgzaUU,ase,train
-a-W-R3cOkI,ase,train
QNBWZrjumaA,ase,train
Pt6IRGZPiv4,ase,train
4wy0XftG3nQ,ase,train
4MUq3Prl8pU,ase,train
oHbQ-L2nwk8,ase,train
rxgzdsivPs4,ase,train
oqsiLgMkqIU,ase,train
nPFj1dUrZOI,ase,train
PRqdTNUduvE,ase,train
wQeqn9m7zrc,ase,train
coGgJgh_WM8,ase,train
xZIfn4aIJ6o,ase,train
dVWdls7AMz0,ase,train
x6ljxM67xJo,ase,train
mOzKcVzwyMo,ase,train
vN4ed_81ojQ,ase,train
a6FKqTqw9PA,ase,train
I-BuvRRzqVc,ase,train
zSka935oFBs,ase,train
7IONUnzZCzk,ase,train
kUWc73Z5YwM,ase,train
09_WhZGpLrE,ase,train
RKZl8E2Dykk,ase,train
zfumcO72yTs,ase,train
hJzVufyCRbc,ase,train
ZyxAd6N9MVo,ase,train
uc7Vt4zcLrg,ase,train
EnUyoD85HKU,ase,train
gnk380Yy-IA,ase,train
cp4fsSSBuWA,ase,train
D0VsD6VFIIE,ase,test
1j-d1xgAXug,ase,train
Zp7vt1b0bBE,ase,val
mMQxk3wjn2M,ase,train
JHpw0dzow8o,ase,train
OsujvC5NZwM,ase,train
0ozQhjCEq8g,ase,train
TL7iR2rn_iM,ase,train
xADNh5Mu_7g,ase,train
336iG0cnp1I,ase,train
B1IFiSpZo6s,ase,train
HOfd4HntEt4,ase,train
1MuENBUZYtc,ase,train
pOeF3ReSqoM,ase,train
UQjmUGzuK7Q,ase,train
daJKdQj-fIo,ase,train
tDHrtbG04zw,ase,train
yyXX3naOlks,ase,train
O8thLeHNICM,ase,train
5cjkZmWlhKE,ase,train
VN9X1WQKjWI,ase,train
1aIPXe8ETE0,ase,train
CYRahtYNa0Q,ase,train
HJXhoSbZ9AY,ase,train
GqFTpqGVnlM,ase,train
-46vrmBr6BU,ase,train
zl5Q-PahKrQ,ase,train
Pb5-6L5KgOk,ase,train
qBp1QITth04,ase,train
q1PNpexHgyw,ase,train
OITgFr8_X9o,ase,val
uDAaXlli8Cc,ase,train
9qKwccDh4Uw,ase,train
0ox3Os4IZoM,ase,train
0RdlqDC0l4g,ase,train
Ic0Tk4Iyp_E,ase,train
OulC0hbhUtQ,ase,train
oVgz9pIC53A,ase,train
HZLViLq8x3A,ase,val
hT6ix66ZpG8,ase,train
LxWnjhBln3A,ase,train
CjfbO5QAob0,ase,train
fMCfJqqVZSI,ase,train
1dnQYiKbrA8,ase,train
mSGBm1zHVz0,ase,train
obGTDNDP8nQ,ase,train
jahgak6vSNU,ase,train
yLfw4Ickjcg,ase,train
T3HP-1xZdG8,ase,train
BYvuOPyol7M,ase,train
4Sp_9wH8hLs,ase,train
299RErdnW94,ase,train
ZOPqVHxITOE,ase,train
wRp58NgrSo8,ase,train
QlWYfiGhL08,ase,train
p4eINVM_gbg,ase,train
jzVjTSQk70w,ase,train
SI19V4-BXIs,ase,train
6q74MasV6o4,ase,train
x2MulxOXMEA,ase,train
ifXiQ2Gn-SE,ase,train
4dk7fSc9Mug,ase,train
6ID_GzmmHiI,ase,test
GM8MkMslQBY,ase,train
sGZi_GpK1Ro,ase,val
Fw676Zylago,ase,train
1O97jR0Pwd0,ase,train
1CfBoWJ8kAY,ase,train
rGN0WjdtTTY,ase,train
sU3oezTO04I,ase,train
ek0Yr1ju7zc,ase,train
iUJ8zwx7JAU,ase,train
wdCVjeMlXtw,ase,train
rPQHAeW3rFo,ase,train
oDXkuK0x_qI,ase,val
xRATfMBbnoY,ase,train
SHArO95Grvw,ase,train
2xqV9Ttjmmg,ase,train
VSyowVw0v0Y,ase,train
In_qqZTB95U,ase,train
4KDsWM3PBFo,ase,train
ZdEwfVNtSmw,ase,train
oocYh8NQAKQ,ase,train
5LX2paqf91Y,ase,train
XF-FFbeyMJY,ase,train
bt6EbW45g78,ase,train
y_sYQK0SE6A,ase,train
wVf4dXXMOIg,ase,train
gKMNtUuHhMQ,ase,train
Q3uGuYnV4Mc,ase,train
4-qdgNK3E-o,ase,train
4JYInRUHjlY,ase,train
uiXnsEXuMVY,ase,train
GapAuDu93nw,ase,train
n1SCON3gJm8,ase,train
_ZKaBl6zHy0,ase,train
0WcGVcWLLy0,ase,train
2AENol2KoQ0,ase,train
C8w5YwWTnHs,ase,train
J6W-QRND7ug,ase,train
QhMTk0LQwYU,ase,train
NQaQHzeY7-w,ase,train
kxL-djP2uzU,ase,train
B1uhgnFaTps,ase,train
ekcG9-7F65k,ase,train
-sPZSmv9iWE,ase,train
Fhx78ahV3qw,ase,train
LXNGYDwPMow,ase,train
tUKsVF1iQLs,ase,train
ts-F53gvaGQ,ase,train
TJCAE4khBr0,ase,train
SQicSIIy4i8,ase,train
4NMULDVMXXA,ase,train
XJQri5Vrhxg,ase,train
PX29D1vHus8,ase,train
azAUVMKCB_8,ase,train
vktX0pZXCS0,ase,val
seTDy1qpkmc,ase,train
BLHi5R-AWn4,ase,train
L_weQt2Pv5g,ase,train
pzY1IkMYHYw,ase,train
fwMOnKD1uTw,ase,train
_req97_FSyg,ase,train
KeFFF9SeFd0,ase,train
PqdyJWAKCqA,ase,train
pJ8TyVN7HE0,ase,train
_9WPh_kx3ms,ase,train
_KJU_YzsaZc,ase,train
OClHG2EYscM,ase,train
FSc7h8Fe0Qc,ase,test
MXdPJj8gNOQ,ase,train
aWYgWpsTAjo,ase,train
v5HzvLu7eKE,ase,train
WIyhiu72AWA,ase,train
_AUDpV4qWhg,ase,test
fldFnr1xG2g,ase,train
4G1uzZWfo9Y,ase,train
657vmBRKD78,ase,val
uz_Oq8b-OKs,ase,train
5ebFiIT2jfs,ase,train
MMmNS1zhyIA,ase,train
To9pRErIX6E,ase,train
TyzULpKvSys,ase,train
ZkuK0i-v4I4,ase,train
KtbsAj4epCk,ase,val
9zw_e286kNg,ase,train
M6miJXkHI4g,ase,train
ly08tI2LWRs,ase,train
5MUTjks5Dac,ase,train
f48ZSCY-2MA,ase,train
DypMxoHj9PI,ase,train
K1bsZiByzTs,ase,train
z5_VAr9YOTU,ase,train
grkqUYcf68w,ase,train
yJ3RLMCaL6E,ase,train
QVgXmaFw0Yc,ase,train
tfHYaORDIQQ,ase,train
n8o0aUKmNyM,ase,train
8Z2qKJWlAgY,ase,train
e-QCZVZd3Hg,ase,train
djEfK6eEs44,ase,train
bp74YDBxp98,ase,train
aT7TCz0kHIw,ase,train
-tAf0xFNJDI,ase,test
iFvJ6Z4gjn0,ase,train
8ucWglL7KAo,ase,train
C2_Ol1HmsTM,ase,train
B0jTPtxw3WA,ase,train
ZMMSrIimPeQ,ase,test
IjJpwrY6qjw,ase,val
zmzA8DqVbCU,ase,train
_-UMuMA8hPQ,ase,train
2vItFX_gYQE,ase,train
Oues6hMbXuQ,ase,val
jo_s8H_PonI,ase,train
55KLzfK4fqg,ase,train
Tpo2iNGIwwQ,ase,train
jM3QY4iINhc,ase,train
w788RI62si0,ase,train
_TnDD4HYg54,ase,train
XIEr_HzPDXg,ase,train
a5qM9Bo3pHI,ase,test
9dqpYZ8Kofg,ase,train
XQr2t0_5ja4,ase,train
_7treC-r1fw,ase,train
34wDu7ZhsXs,ase,train
g6dL_64oZ3Y,ase,train
Zvktf0tBiu8,ase,test
6y8pAvRbl1s,ase,train
WVsE-Iz_63A,ase,train
eivBB7B6hVA,ase,train
N6Gvz5aeUoY,ase,train
plyYqqtHBTQ,ase,train
Ynq3SdMJbmo,ase,train
OXKC6-d6dNg,ase,train
FZ-o3FNEVnA,ase,test
MiENdjCKv1s,ase,train
t9aDEJIhE0w,ase,train
H6q0riimCDI,ase,train
NOKlX2CRNfk,ase,train
cjH2uBZtQ4Q,ase,val
u6I45_OoMJQ,ase,train
-NWZsLFjA7A,ase,train
bnKRNLYxhA8,ase,train
9Xm4ieF32qQ,ase,train
p_nWvWKHrDM,ase,train
TknJbrY_5JE,ase,train
v7Gio5YC4YY,ase,train
p8jOQXSkjGw,ase,train
9oAD9JRPPIQ,ase,train
SBy-uRd49Xg,ase,train
xjlwYiqa7Qk,ase,train
IsvPNhfac94,ase,train
Oqg3TJrlRyU,ase,train
T4GXgrVrhoE,ase,train
wHk7-DjrqxY,ase,train
nR6bcuUQOoI,ase,train
P4JKTOo8FYE,ase,train
RDXR9VrIws8,ase,train
zv4DU3dDQc0,ase,train
X71UQ4xrYdI,ase,train
3Uhjd1gWESY,ase,val
wa0VYYDwor0,ase,train
KKRCu1DAqmY,ase,train
DGc53yW7pv0,ase,train
nK_8VaUz7Z8,ase,train
Bd2YIcGbbJg,ase,train
26P-Ma96pEs,ase,train
ab6YdVpwJUc,ase,train
NQpbC1zHtr4,ase,train
StmGJ42q2_o,ase,train
-zsVFWyuQ1g,ase,train
LzpGUjChLK8,ase,train
kGnvPcYHONM,ase,train
UihV32x1iQk,ase,train
sFa8c4wh51E,ase,train
nOD3wtwGy50,ase,train
L2myJis9fQ0,ase,train
vyut2AMpdtk,ase,val
V8-pcS_7PXk,ase,train
XpmCxyAlJZ8,ase,train
9yVpN3211-4,ase,train
3mfHu_ianaQ,ase,train
rAyFScCBavE,ase,test
rErFQSndqkE,ase,train
l85QMwap1KI,ase,train
DUPvK46M_rs,ase,train
xvrNaX156wk,ase,train
KLWZMjtNaNU,ase,train
rGHfXdfU2Gs,ase,train
1yZiY7j0AoM,ase,train
RT2ZoSSsP1Y,ase,train
4AsiL4C8l_E,ase,train
5OyIQChN5DA,ase,train
fDAfyBbiA_c,ase,train
ntb5BiKOyWo,ase,train
l0_D2ZgkE7o,ase,train
4EvCg5TAe2g,ase,train
PaEKcM-vQkw,ase,train
k5JNSAsDe8E,ase,train
NcWIuuwQTCQ,ase,train
1zk5fa3SqOY,ase,train
zWQrxQ8cvwI,ase,train
3oA25McId9w,ase,train
xNdfca54hu8,ase,train
U55I3x8ckTY,ase,train
EWrn7m2DU7Q,ase,train
3-8fEGeDfK4,ase,train
Kpz2ugEjhXU,ase,train
2MhV4_1q8vo,ase,train
fsrSph205Gg,ase,val
etphd0LQGa8,ase,train
xEMYPKqc6e4,ase,val
g2UTplDl6Qc,ase,test
-hPALuvcMsM,ase,train
l1Dec3vETdQ,ase,train
bNBT_vZIz7k,ase,train
TUH4q-QBV7k,ase,train
w1CAyTB3wFA,ase,train
-TI-YrX4Zho,ase,train
9x7l1wRg6sg,ase,train
RQ3roTUoiM0,ase,val
DGinIoH2fiE,ase,train
0TFvNc9ysQo,ase,train
guZ3CJdANAA,ase,train
0qr8Y9u7lK8,ase,train
Qh1loCoJ6n4,ase,train
5WSorhhDEsI,ase,train
4rWrNpTI7HE,ase,train
tXgZYilyozI,ase,train
3TEQLFpSk2I,ase,train
Rn1xa9cPbSo,ase,train
jPvOkmxsKoA,ase,train
0PSmYAx9Dr0,ase,train
82edaN7PsVQ,ase,train
Nt1KWTL_2RQ,ase,train
HCkAYRQSKTc,ase,train
EXwxV-YwzWw,ase,train
6czb8zhu-1g,ase,train
OLZGJMY8srU,ase,train
mSTTMIiwHRc,ase,train
uYgvY7pkd_8,ase,train
jSzbvNNh6RU,ase,train
scKeLIpDdwI,ase,test
18AYLaogChg,ase,train
vvkipQzYpTg,ase,train
QeH3qe2dtNQ,ase,train
YDVC2YLOlX4,ase,train
OcFDBYlRGwc,ase,train
5wp2PobfwPU,ase,train
12V41Um9QS4,ase,train
auhv4QGyB-U,ase,train
8n6wq6QS9Js,ase,train
GDBg3OSfLuQ,ase,train
2sRkc0SllW8,ase,train
9zbdyl9LPlY,ase,train
ddiHrN-4k3o,ase,train
48lMs6U5n0w,ase,train
FqVslwH0lNU,ase,train
Vysl4DMFBdg,ase,train
F10nhpbwFio,ase,train
sjtgiP_aK8Q,ase,train
jpo1ieme4SU,ase,train
vz8Gb-XiaeQ,ase,train
AZ_YIyaMbV4,ase,train
AIJhIR1IfbM,ase,train
pTXna7hLQHk,ase,train
OzcY34ZGRJ0,ase,train
f0-Who5qMr4,ase,test
YCmnTPwQY5M,ase,train
CePMsA2CxM4,ase,train
G6bZDfnv0Hc,ase,val
NpbXUlYGcl4,ase,train
jAJPCu0bJT8,ase,train
ST2fOv7TFJ8,ase,train
B9F8-rb0IdU,ase,train
1LMVOjWy-vo,ase,train
4SLHWjGmHR4,ase,train
5OHnJzydoKI,ase,train
ef2FKjiD_Xw,ase,train
_O1_WEXeBHY,ase,test
UJTMSNJzjYE,ase,train
CEExcdb9VxY,ase,train
Y8Ej-hoYwqg,ase,val
rqu1cNAUnu4,ase,train
DFwQQL6_YZ8,ase,train
vNNhF905WAw,ase,train
hC-WIfOlVZg,ase,train
3poB5VELd34,ase,train
4ZWZaCaywiE,ase,train
e8DIW3Oddxk,ase,train
t1tm-ISkixI,ase,train
W-Ag3H16yN0,ase,train
dDy6wxVKrcA,ase,train
YRT7PntCSYw,ase,train
fLZ-ZLa67AI,ase,train
RnP4StkyDMc,ase,val
r98gHFIKtNE,ase,train
XJeVGe1CBeI,ase,train
on1rYpuRoG8,ase,train
M9hSR4u0rKY,ase,train
As0Dy9BpNAk,ase,train
dffsnvj482I,ase,train
sf97tIvbTyE,ase,train
m0GB2bnRPOs,ase,train
Wqn9MaZ4OVA,ase,train
Lx0tEpJhsyU,ase,train
US-gNZDNQIg,ase,train
JjnlDITFr4k,ase,train
CkTE4Ya0Lms,ase,test
dAzt--IDaFY,ase,val
LY6_hf9s6yc,ase,train
R0QXjeGVQEc,ase,train
bJ6rHyvqZTo,ase,test
EB78MNLokOo,ase,train
uZriKI4MN2U,ase,train
ZQPj2F9fKFI,ase,train
nwIhMD6ZJr4,ase,train
_KmmuMjuEe0,ase,train
hSokJ57QMvA,ase,train
jM3NhsS5otI,ase,train
fXQx6Qfi9ho,ase,train
TQLxETuLYYY,ase,train
MjnooSEoEqM,ase,train
X4m_As1COXQ,ase,train
sTHgUNAxDts,ase,val
4gAMK2wL7UY,ase,val
jZP5thQ22S0,ase,train
elPm3JWd7jg,ase,train
-QHnZBBE8Ho,ase,val
3Vg-kKfUHzI,ase,train
jDyuaU5bR2M,ase,train
GelutswMv2o,ase,train
JfWFKcT8wPQ,ase,train
-7AQlPgDPN0,ase,train
41ZdIWjZilo,ase,train
MU0KtPg-TsE,ase,train
3xGoX0gMhnU,ase,train
hpgrcRBoz4M,ase,train
Uo_qsRF9wfs,ase,train
cfrSyaoWMl0,ase,train
xKZMWuGk994,ase,train
xHT55ZYj4cI,ase,train
BsWxZJZgSu0,ase,train
KU1gFL0XBxA,ase,train
FCcLqY-Nezo,ase,train
gxjb6BJX3w0,ase,test
U4V95AHZKTE,ase,train
tLjt1Szi1yo,ase,train
pkfr-y5GRWo,ase,train
PZ6xG0vEsR0,ase,train
2WvGsW3j3tI,ase,test
6He1e8CWLJw,ase,train
5-ID8hrw7lA,ase,train
2PsVSRBIyjE,ase,train
d_W7dku4s9o,ase,train
so9BbSfdQGM,ase,test
yL302D58sM4,ase,train
PQMQdj5-fys,ase,train
pUfIfiy08hM,ase,train
tcq2RFrKkEo,ase,train
eF41VWxeM00,ase,test
EqAlM7Z3HQQ,ase,train
Y7p6Y2ky-iI,ase,train
MwU8U8kw7JU,ase,train
jKhTTxkHScY,ase,val
0wTEsT9tG9A,ase,train
7ztoTdD13xM,ase,train
dfoI3lIUvx4,ase,train
ETFBaCv19IQ,ase,train
RUUM7GUfBb4,ase,train
htUQrczh7l4,ase,train
2dXAOCqLxgs,ase,test
I9kOhGRukGE,ase,train
rQ1Uq5dYm2o,ase,train
b7FlASvY17I,ase,train
tA1SpXkXlKk,ase,train
gKWW_jO_CO8,ase,train
dDIrYA9MTx4,ase,train
znwRZXn3jc0,ase,train
y57lszB5Ptk,ase,train
vTs4UBTvly8,ase,train
GmpPSx_UekY,ase,train
qb_X3GUoCsM,ase,train
V_MIbTMsODc,ase,train
sb51jo_2h8o,ase,train
sP6B4dlSOoc,ase,train
I_LAYEn9--A,ase,val
hFm2nHmWBsw,ase,val
zgB-OFgH0m8,ase,train
AIiXQEiY_kM,ase,train
_xBb_SJ4J_8,ase,train
OKZRkbpWYbI,ase,train
fdYayrt6iCA,ase,train
XumOVdDxmys,ase,train
p9jDq5hO7k8,ase,train
k1UzqIMs8hs,ase,train
ZRu5_9uLGpM,ase,train
g5E4Br2Ay7M,ase,train
L-10A_noFeI,ase,train
0nhLqtKRRsk,ase,val
FS2H_W0Rw1c,ase,train
ob-XQgW14wY,ase,train
bL5lnHzKkBI,ase,train
r7vm6YfSJH0,ase,train
8aPV9Jmw6HE,ase,train
oqOA-_xSi9c,ase,train
qIfaMTLmmFk,ase,train
n9CQmuhnheY,ase,test
naZUjjzQvL0,ase,train
akYXIVaKEUc,ase,train
6aLr21Iza1U,ase,train
GTjJ6PYkOVM,ase,train
Io0IeJ-rOCk,ase,train
p7Ys6wDkSsE,ase,train
TUcYMQyv6TI,ase,train
0xYA1GwMQcE,ase,train
T5H6bYc9X_s,ase,train
orYj9Jh-ETk,ase,train
RwDTlTY1iL4,ase,test
NgPXSA-SRWE,ase,train
Ou1KvZMWPQI,ase,train
yxagowRBBvU,ase,train
54q7y2npxbM,ase,train
-cyCLrQnXZo,ase,train
kAa2Y48ayXI,ase,train
6EqXNRLauMs,ase,train
rCxgHVKgntg,ase,train
DkoZstYadyI,ase,train
XNth76T4tbc,ase,train
3kcnT2B2WP0,ase,train
1SVT3uqXEAE,ase,train
1SfQim8avcU,ase,train
vf9gFIsoKxc,ase,train
JMAnsvJSiXc,ase,train
5oBpHPqwbSE,ase,train
Xvim3Ly-h8Q,ase,train
zcAdSWQVqh8,ase,train
XH50c6aFmzE,ase,train
lFUWngaOlIc,ase,train
kuvx4oGK0tU,ase,train
P8hhbOeDQx8,ase,train
tCn_n0YSfyU,ase,train
BKaZMYlqwBo,ase,train
bA3PhnWe0gM,ase,train
k2Xb3-2FTgY,ase,test
4nzkodp42-8,ase,train
wmxVdcsM6i0,ase,train
UFLbMjejgtI,ase,train
V5oIDieyw_s,ase,train
bj32_z1O-RI,ase,val
O4Ryj0gDrt8,ase,train
LrGzRmzn7WU,ase,train
3NmiZ3kMfVE,ase,train
WeR979_WqHc,ase,test
yN2Bs_wsPww,ase,train
Jp9eBYy4He8,ase,train
CBxI2HPHlgI,ase,train
StzKyKKL6MA,ase,train
hGakRbZtD5U,ase,train
bR96aomDq1k,ase,val
YWo3Sg2x420,ase,train
k-RvhG2TRVY,ase,train
9-UyXaEh7UI,ase,train
Wf1T-pWM23Y,ase,val
PHwKzXbbJ_g,ase,train
vQnr2GcUBTA,ase,train
_UgKWNc-wBI,ase,train
N5hHUGVN1G4,ase,train
drxldErz6LM,ase,train
UIkp9-w5t6c,ase,train
TDT-e8-n33o,ase,train
sqJcHZ4bYPw,ase,train
obI6De8I_0M,ase,train
UeRM7k7rsCc,ase,train
fyWOxU3YUq8,ase,train
4L7115Z3SQ4,ase,train
DesJoWoUrDU,ase,train
0ozA6CspdcQ,ase,train
UzJJg4Px4VI,ase,train
EuRVf4jMX6w,ase,train
OtOSa16Vv2c,ase,val
ezAvfUPI1To,ase,train
zjhom8jHY3s,ase,train
lcv4YNHjvsc,ase,test
e3wWhZEhB5w,ase,train
na2y-3lh5x4,ase,train
Mf4rodjvOPw,ase,train
TO2FhCTc-UM,ase,train
VOMirKBiEVw,ase,train
4zsgy6DmJfA,ase,train
0OTrKoliOTc,ase,train
Knp-9hvNwXA,ase,train
Su8Qye51Gmg,ase,train
cfpYnacUBGY,ase,train
h8QLVAcu1iY,ase,train
RzWDyJd5A4Y,ase,train
uk9uE69z9l4,ase,train
78PYzJd_6-I,ase,train
wxT9ulpGtkw,ase,train
d4prwHflaI4,ase,train
n7u6UW8CuPo,ase,train
cODt_tkQo5c,ase,train
EiPus06oKy0,ase,val
a91XPFdhKuU,ase,train
1iTycyw2jcE,ase,train
LifhWQwUvMg,ase,train
lUSQmBDU_sc,ase,train
--6bmFM9wT4,ase,train
e5I1o1sYuzE,ase,val
ZGORceOTG0A,ase,train
dayKxlz2lfc,ase,train
nF8SeiopEoA,ase,train
TMsVV9Y4wRM,ase,train
BK22hkz7EEA,ase,train
fblxrnHHYL4,ase,train
qAqNhdfkSwk,ase,train
UzbloJOxuaA,ase,train
1akHL1w-dg4,ase,train
zLrTP3whdb0,ase,train
UtmFajlnyEw,ase,train
8Z9yl0lQdCo,ase,train
u3Mt-gc6oco,ase,train
EDqYVeQdiBY,ase,train
Z5SJqyoQAEM,ase,train
DRIoJuDipNg,ase,train
_zA4_EFlFZ4,ase,train
QlIX-d_mGvk,ase,train
tyV9y3sfbxA,ase,train
K6wT1eWiY5k,ase,train
G8JXFAyolXo,ase,train
PwYEInAzCmw,ase,train
Z1LZrXVcI9Y,ase,train
DYEQgumlRJk,ase,train
ggeI9xiBCBc,ase,train
41HO4Sv9o1E,ase,train
1gcINL-bie0,ase,train
J30dM-ijclc,ase,train
42G9c1uWjDE,ase,test
elyTFSImpJU,ase,train
2ITtrEoHXt0,ase,train
UDktJ0JF6Ko,ase,train
g6RtHuHe2IU,ase,train
AKtthktaYps,ase,train
bySOi__Kauk,ase,val
N7WybO-_e2w,ase,train
luSqJNOOx6A,ase,train
YIyrx3dv2V4,ase,val
GvkCfTMdL7E,ase,train
E37izUvS_Xs,ase,train
CdKKRdaIQ2A,ase,train
iZq3yQQ07s0,ase,train
_w-7Bj7_dQk,ase,train
amQdxQt5WpM,ase,train
wRA2BFe8Qyg,ase,train
QZDhOOz_1gk,ase,train
Il0di3EWV_A,ase,train
7Ayn94KG1X8,ase,train
lNxzfICwyYM,ase,train
lmwHl8Hz9JU,ase,train
DzE2GZwQPfc,ase,train
nPed7g8lnc4,ase,train
gD27ugwqd9Q,ase,train
WZVRfaR4JXM,ase,train
c9tN81ztR5M,ase,train
-Zl-cALyuy8,ase,train
XrkoFbaBxxI,ase,train
skOScvj1ZeA,ase,val
YQI8XOghfj0,ase,train
GJB-4rHGGL0,ase,train
tzIaQJPzSrQ,ase,train
7iwfFafwIyo,ase,train
xyDLVLUE3E8,ase,train
GDqgee3U67I,ase,train
W0Jcps8iFJU,ase,train
Tj8BnzGN-q4,ase,train
eZibDIOJu7k,ase,train
CqQcEMENt5Y,ase,train
-HtQVCTv0Zw,ase,train
JMnH7olbiQQ,ase,train
ufngTff6iLg,ase,train
mYllE6PFcJM,ase,train
O0IMSmmaDK0,ase,train
onR_3MwRtP4,ase,train
dkShncK8FrM,ase,train
kMxs-M04g3c,ase,train
9uUU0Rttofg,ase,val
PvN4N4iktQ8,ase,train
Eu1VoQlUdIE,ase,train
3vDdDt3iiUw,ase,val
Ouf9YSEM-NM,ase,train
qyAlorZDZbw,ase,train
H14IvIvkFGM,ase,val
UoU3ZSuTef4,ase,train
DVdH1PW3R90,ase,train
HkQF_1B90EE,ase,train
WfX8WiGz124,ase,train
ktXyzrpOygk,ase,train
0k2iDuG8DnY,ase,train
EyHFK4r23qE,ase,train
WA3ZLFQrSf4,ase,train
2HCnifZR1pw,ase,train
JtPw-DVL4Rk,ase,train
8bGKwN2uYLM,ase,train
jvED-k7W39o,ase,train
l3hAa7vx9Ow,ase,train
3JGY9iG_hwA,ase,train
smq7BzXmIkE,ase,train
woBf_0sHPOU,ase,val
HLvAaSaN8GE,ase,train
nQlx2P5wxvk,ase,train
86vfHoI6V_U,ase,test
UHyt1FRD8mM,ase,train
R0EFhH15P_4,ase,train
KyLob_lcOCU,ase,train
jpMgP2N07Qk,ase,train
3y-9SX3enHo,ase,train
ggcIyiXgwRU,ase,train
RcvCCqIbwdU,ase,train
7yYu5s4k8Ig,ase,train
ygALel_4vJQ,ase,train
J2UIL6ENmj4,ase,train
JIZDMqpgg04,ase,train
H-H8y5WrQws,ase,train
tgmBCczleF0,ase,train
f75G_hZMSHs,ase,train
VKkz-ODRIXY,ase,train
jaXvjJyXW6g,ase,train
k5Gxbifw8s8,ase,train
Y86eXzDlorE,ase,train
S4XbLn_o6OY,ase,train
fnmPmrAhsHE,ase,train
20L1KcP9Zeo,ase,train
R1JmCDpndmw,ase,train
gF4Zj4htxus,ase,test
heiiaUwtoyE,ase,train
kbiHcUWKqPk,ase,train
S3JP6h-82us,ase,test
1_e2eQseSQE,ase,train
Rev_H_r9g5U,ase,train
aSOeBRbpbq0,ase,train
LVt46XiHiwo,ase,train
YwsVXOx5a8c,ase,train
yduKXA_o0Ao,ase,train
b1B850pymcg,ase,train
jj-nKpL4mWQ,ase,train
k3c9a4tYLyQ,ase,train
hkomdwZTvIc,ase,train
5F8L1mWySQY,ase,test
VSG2Q4h7WrQ,ase,train
8qXUaQ1ClaI,ase,train
1gpNf32gGp8,ase,train
rKUvYZUIkAQ,ase,train
35N28rtz66I,ase,train
vwMtiaoEXuo,ase,train
EzdwstOVsCE,ase,train
mIbhXbrdfEw,ase,train
hi8RtGrEnQk,ase,train
DEirz87kXP8,ase,train
RUVbkevydtY,ase,train
RNfTKCD_7y4,ase,train
VocIfU9bY2w,ase,train
2eLLue4X6ps,ase,train
Qfx5TgQbJBA,ase,train
Pism4kf8JEs,ase,train
PKtMXP8ECfo,ase,train
g7_7zTnzQNg,ase,train
-tHAb1yPEVM,ase,train
BfOvHqnp5Vc,ase,train
V5bpQU_qpDo,ase,train
oZ97u4DuD7Q,ase,train
8UhAQnUL7wc,ase,train
SkUDfpe0oz0,ase,val
aCTWIBbo-68,ase,train
n9bsX5vA4hw,ase,train
Hoktff6oQJY,ase,train
5epnKnBWP4Y,ase,train
mM9_hY0t2Yk,ase,train
j5tAIxbfD5I,ase,val
bxei0aUphCw,ase,train
q2uHYH3apvM,ase,train
M6B15TJEG5A,ase,test
oY4zNmRl79Q,ase,train
PMATrHhbkuc,ase,val
GR62Lp1xaLg,ase,train
tAZuEdrQpLE,ase,train
c-5mKVNHetA,ase,train
PmLUfYENGZE,ase,train
Nm9afADegAs,ase,train
XGOtzPaqvOs,ase,train
QkymX6kSlyc,ase,train
LkHx4mjN6tE,ase,train
d73yblMr4pM,ase,train
ZJtQuntEBMU,ase,test
NzRdWmeKJGQ,ase,train
LSqUH7KpWnk,ase,train
cbBTWL0UsZA,ase,train
5_k1TypH_s8,ase,test
nRRFuL30faE,ase,train
sXkksZ1s--U,ase,train
p4Nj7p_ajuk,ase,train
TAUvWfDgpWQ,ase,val
3fnSKlMreqc,ase,val
8CpmC5MXofc,ase,train
qv0Q59j9p44,ase,train
BszJNQwGZ14,ase,train
2u0Av1Ln7DI,ase,train
AWXVmOlPH_U,ase,train
vsl3QkOoCeg,ase,train
1PZd_bx3VRM,ase,train
FgXEWubM-C4,ase,train
QWz6nAIeC6o,ase,train
11QQwlNKUr4,ase,train
xYMLDF2l080,ase,train
jafgm6k2NYA,ase,train
ImwA3Ctckfk,ase,train
1k2s89desLs,ase,train
5aVtAL5Sdmo,ase,train
1c1aGRdDYB8,ase,train
IMd4o6zmSZY,ase,val
cux9_CWO_t0,ase,train
GaVM8qXM9t0,ase,test
SYKqVhZdWk4,ase,train
oSoyaeF6zog,ase,train
LQ31tEzzc-4,ase,train
gRt8imZfprY,ase,val
bRDxBoFYcU4,ase,train
B71YlNqKCdg,ase,train
ZYjZIrzinhg,ase,train
gHITisrphJw,ase,train
LgpJQ7jkX5E,ase,train
G8PUtORtufE,ase,train
mOFWVep6PpM,ase,train
NqJUfuJuPQg,ase,train
B1mBj-u8rqU,ase,train
OeSY7G5t-t4,ase,train
Kw4KWjgEYy0,ase,test
v1TjtIGbAus,ase,train
Ads-4j06eJY,ase,train
q2u0_iU7yfc,ase,train
kd9SdRDko_U,ase,train
hxzR3y9beks,ase,train
CTOvj74LWD8,ase,train
iy0MP4bYx7I,ase,val
530TBwgCiWU,ase,train
atbU5JjI8QM,ase,train
4HFhsXRMZ9k,ase,train
xpizzuBbzp0,ase,train
Tr6L95B-EjA,ase,train
nOIdsTGWzFY,ase,train
wldGPG8Me_M,ase,train
7FQogUvz09Q,ase,train
Jw6U4Wkcjxg,ase,train
1Y3LnskVNSw,ase,train
Ebrdhld-8wM,ase,train
PDCnBtFlyzA,ase,train
0dhby3HYeEM,ase,val
is-WqeiO8A8,ase,train
CvtgIaaAyV0,ase,train
fKp-LcL_C0g,ase,train
oNOtyjl4FTE,ase,train
Zqu4yvHmSmI,ase,val
nMwyEt9UP4c,ase,train
s40fbKY2O9Q,ase,train
8aghH-z3-D4,ase,train
qoHkZNxRDRI,ase,train
P3Qrb06PSDE,ase,train
Be7Kg0uuaBo,ase,train
PY8a3Q_GB1c,ase,train
eU9csQvQ6H4,ase,train
wDEG48Xhj7c,ase,train
UHzv17yPFdI,ase,train
pxShAORO6CQ,ase,train
JcFjmG6P2IY,ase,train
mXh10fFpxds,ase,train
ql-b10aeS3I,ase,test
U0RhuUss9YA,ase,train
l7t8ZaOghrQ,ase,train
JxK1vylFv6o,ase,train
TmpQJ2sDUcE,ase,train
EmdP8yqbO0k,ase,train
JwUD1lMIXgk,ase,train
4HjpxzKwpyw,ase,train
iH_H4kD6cs0,ase,test
60FBDn26-5k,ase,train
0QgDWB3M47g,ase,test
RzT_Vo8gnbU,ase,train
vvUHAu9a598,ase,test
cBeu6bZiR-A,ase,train
btdPgAr_4ow,ase,train
UCc4IpWw8bI,ase,train
jO-D2PQ25Pw,ase,val
vgV0IUhgcgc,ase,train
zL8iF3HKrTs,ase,train
mIoijeV0jiY,ase,train
murcE2K0ht8,ase,train
KR_OTQ9RpUc,ase,train
wB57ml828ks,ase,train
oMRbdakNXuk,ase,test
GVP9-AjJzp0,ase,train
eG9ElwObQXk,ase,train
hfaAP9GBOvk,ase,train
WHG9zgbUzUI,ase,train
XkecBlYcxp4,ase,val
kYfAQOobaxI,ase,val
lL8X6ylBkU0,ase,train
DapcWzQ9jws,ase,train
fQLaFTniURg,ase,train
5-XiLc5yNM4,ase,train
R80brVT7QXw,ase,train
O6yJZ85qEl0,ase,train
MhhzjSvZFPA,ase,train
1shDjV2kuYI,ase,train
XG4FumChw3o,ase,test
Tk2RStE3HwM,ase,train
Pwv3j_jgoSU,ase,train
JTEkB9AEaU0,ase,train
9F3Q_LctJFw,ase,train
GMAOpKhvlPo,ase,train
DaiaSrjcL9g,ase,train
g8T1bH8AOpg,ase,train
4b-evcJm2JQ,ase,train
YR7BS6l_95E,ase,train
YKW55ATNlQY,ase,train
lXv4TFaUx7o,ase,train
5f4Cmp-B-6E,ase,train
wJuCpwzhhEQ,ase,train
kznoOUZMuFM,ase,train
vvi69Y88kPQ,ase,train
lsT0JnToqbY,ase,train
vp188d39iL4,ase,train
iAgFnaYtCEs,ase,train
1t3Hbvflc40,ase,train
G5mm813Au1A,ase,train
_8-OpCz2XuQ,ase,train
FZ10xSnJCEI,ase,train
yevJNYripAE,ase,train
r8dj0XO8dQ8,ase,train
liLjfcAMXdo,ase,test
LdnApVupkz0,ase,train
09Qc0feFdxE,ase,train
uaADExRU8O0,ase,train
ndtzEge0g7I,ase,train
dTftIVNjE8E,ase,train
i96QICT6BiU,ase,train
XxF3oqvHhY4,ase,train
RA9dD1gCDi4,ase,train
2FvaJMgoK6Q,ase,train
8NrrsmlzppU,ase,train
_eDDOSo2JnA,ase,val
PYbUwpYMx0A,ase,train
EneN23qhjfM,ase,train
Ph12GH759zI,ase,train
TJgxItJ1apo,ase,train
25S8bfyXw9E,ase,train
wIRXPUY_aAQ,ase,train
dtxwmtPjHKM,ase,train
OW1jIuFfy58,ase,train
9I8FF25BAx8,ase,train
fx1Q3YREOu4,ase,val
kQIABcZtdI8,ase,train
pYHNX1K_nLQ,ase,train
K0qYa_Xtk2s,ase,train
_RlJLypK6ok,ase,test
Upa7xNGE1XY,ase,train
LNgou0KRz2Y,ase,train
k_ceVKZsgnw,ase,val
CjWTln_pa2E,ase,train
fxWUS2_M1zI,ase,train
XTBLEBAdj1k,ase,train
H4TTCGK_4fE,ase,test
s0p5sNW2vXQ,ase,train
OJKS7vXVbGY,ase,train
2q_XD0DUCKc,ase,train
XTSL-GS7mtk,ase,train
LtyHzspGUx0,ase,train
vNBQ2YUik4U,ase,train
giYl41lmJSI,ase,train
wNQvV1hv2fg,ase,train
-bM2DBJE7zE,ase,train
tohAVuafbhM,ase,train
fcvmWVDX2g0,ase,train
egM34eDINwg,ase,train
mHe9xxCIQH0,ase,train
-_oUXqM2Zjc,ase,train
e9o20Wskpvw,ase,train
dATJBSktK3w,ase,train
VOHbrquVRWU,ase,train
K2UvM22_7q8,ase,train
jmITAx6F4cQ,ase,train
nm-gGi3jjj8,ase,train
8dOyIkn1PAY,ase,train
ydkoHwZPGzg,ase,train
xSwt22hNaxA,ase,train
v939z9bC0iM,ase,train
WgrER17BOYk,ase,train
CzjG7_hXwu4,ase,train
nFD7_yszwkQ,ase,train
OI1QG6RRWtE,ase,train
aaOux6d7Ny4,ase,train
3h7veASAUaw,ase,train
pujXmn9i5So,ase,train
EiPM2y8c1RE,ase,train
yic6BZiXqCk,ase,train
MTUX-EjnFmg,ase,train
N1SdBBKuoSY,ase,train
gq1BqNfRgVA,ase,train
1JkgunkIw0A,ase,train
E7ky6rxSf9g,ase,train
IxRDOHsVkkg,ase,train
pukr-xueO30,ase,test
e0bxKJXsUyw,ase,val
cnfJOor7eiw,ase,test
Ez96BUo1y60,ase,train
-lDCD-IO3po,ase,train
zDsIXRBW-lk,ase,train
q9m0e9dlD0M,ase,train
46TgfdE561g,ase,train
mZ8vKBlohPk,ase,train
6bg7mMPp-FU,ase,train
Pw0hDcBPD-I,ase,train
vXi_aBKBV84,ase,train
eFh6kDzJQ2M,ase,test
xNLoATWisNs,ase,train
UPrQiRk5zuM,ase,train
aUQeUYMaqs8,ase,train
abvI9cCi-yo,ase,train
tLQI_7hZFqw,ase,train
eDikYw8Vj5Y,ase,train
klBYLWiWurA,ase,train
JunvDbTZ3Qg,ase,train
fIbxApGphXU,ase,train
NehKXZgB924,ase,train
lVFgrg5ccVg,ase,train
8SHkx17D3NI,ase,train
S2WaiQ_z2xA,ase,train
KFJwvaroAAc,ase,train
vMKRvQVTNqw,ase,train
6QuKxaUXUnY,ase,train
hVoU7P_QdUQ,ase,train
3-cl4u7Cy3w,ase,train
LT0-h4P_xBY,ase,train
ec-FdAxr7t0,ase,train
iiSQzr2_zqE,ase,train
IOoBEtlhhgI,ase,val
d-ZUpNMYE2Y,ase,train
SmKnf5521ww,ase,train
DBA7r0XgKUY,ase,val
ecb3ic4tf4Y,ase,val
XLmvwuD9QEo,ase,train
sapV4pItUsY,ase,train
x_go9E6a3SU,ase,train
IS0FR_xIPFM,ase,train
tE1XHApPXbo,ase,train
Qxdrk76nzRE,ase,train
W7oCoYTC-Ig,ase,train
Ct-0LgiwtBs,ase,train
pzJWeaAXFHs,ase,train
RRd2DlRgibg,ase,train
CihteHtAA3U,ase,train
UmqdBQBakC4,ase,train
sro9u5y2X1Q,ase,train
p6XyCRDT1os,ase,test
0QnAx0d6s5k,ase,train
5AN7sHsul6Y,ase,test
UM8JV83LUN0,ase,train
NZiIYY31OAQ,ase,train
tPN2s8LdCxY,ase,train
TUilSLMLMeU,ase,train
YQpEUTGoqcc,ase,val
TO94xxmpmII,ase,train
wKEdTTLjQ9Y,ase,val
sNqf3iECVyc,ase,train
lLPFTLjYFho,ase,train
Rw5a3Cp57Ko,ase,train
ashF1Biey-8,ase,train
vOy3JlerHII,ase,train
Mff3A0448Ek,ase,train
y3rmBWJoJg4,ase,train
-K-HfBcGPXU,ase,train
txkb931Vq4M,ase,train
clJHdbHtHks,ase,train
_Abo4EGDlfo,ase,test
cKC2J6Rbkfg,ase,train
vmaXriQbRvM,ase,train
gD1qIg05Rgs,ase,train
RUNBdgtXBSA,ase,train
idSssVtRQSM,ase,train
otNPtcHVzpE,ase,train
JCdXI56o7JA,ase,train
qilEmtLS5Qk,ase,train
UrAmx8nDnIM,ase,train
TxSdv5bLiVI,ase,test
unneAfOff7Q,ase,train
0JCeMZ4Q3XQ,ase,train
U9n99OeLKG8,ase,test
2zj0EooJVG4,ase,train
35SorE7LJiE,ase,train
lLWTs1Y7qCk,ase,train
ZsboUVmjCp0,ase,train
-_ojvPJp0c0,ase,train
nKoV4iAZnjE,ase,train
LhdnljImqv8,ase,train
_l91WZ_79I0,ase,train
wo9NnOshI_U,ase,train
YAxFqaUqQDo,ase,train
rTpK3PnlsJo,ase,train
3JxIU16AK4E,ase,train
1yTbNONofs8,ase,train
DqmvWZqmw6g,ase,train
eN0F-yTvds4,ase,train
_WV7R17690U,ase,train
LC4lJD54_HA,ase,train
g6IpTHBeXhQ,ase,train
yTmcp9oOBaY,ase,train
G0AAAE8sIkA,ase,train
bf6N7wxfAQI,ase,val
3YaVfr_FQTc,ase,train
BgZ4BCqF70U,ase,train
Jj13-bW1izQ,ase,train
LzvJ0bclBeU,ase,train
Rn9JZIrYoMA,ase,train
h-0xl-v2Bv4,ase,train
MK3P2A99iDA,ase,train
Hma5m50Husg,ase,train
yLc4y1SQkuk,ase,val
E1IULpDB7vI,ase,train
ADHBVloc1iI,ase,train
SBbvV7KZ2PQ,ase,train
oZDMo_ZKkcA,ase,train
30_5bsjoDTI,ase,train
AylNHq-HMV0,ase,train
QeMd2LWFjRQ,ase,train
JshXy9ChBTI,ase,train
-5H_8K2k7-4,ase,train
nz7SRWfSp7M,ase,train
Yze1bclCDro,ase,train
GzUDjxw1f_0,ase,train
oyVP3UIxksQ,ase,train
lraA2o6flpc,ase,train
rtzdoIl3c3A,ase,train
URLsI7KVA70,ase,train
FkpzmkJ8iUs,ase,train
O7361D4IHWA,ase,train
w80VG1G1mzU,ase,train
XPmWHh1pEDw,ase,train
BYUE92j4p5U,ase,train
SKR7hfaAx2s,ase,train
DMc9iSm8Cek,ase,train
XQJp2F6N7OQ,ase,train
noSF4Y7sGEk,ase,val
OY8W2e_WxMQ,ase,train
YL3ecmQ8WMI,ase,train
2ucO7etmU-w,ase,train
JFmkAZM-Qlw,ase,train
Q0ZkhNqUF60,ase,train
5esZ285uRPM,ase,train
t9aUD2ZNfL8,ase,train
1Tl4QYkC0xA,ase,train
Xqv2HZ35iJU,ase,val
MkSskQ3DVZc,ase,val
rg0aNrsRMVc,ase,train
wRRUbRaSdrw,ase,train
QF3sUzZhQ6w,ase,train
dlz_0MViUkM,ase,train
-EmXtaU09Tw,ase,train
0IvrNp_QQ_w,ase,train
pM3KemTR3rM,ase,train
Ca5rQokOZsg,ase,train
Vg6SwOBejDs,ase,train
15D1XA1-EtA,ase,train
M4K6TZLLucg,ase,train
3EFLTeLMx_o,ase,train
tTfP69InFwE,ase,train
VYWIecFC41I,ase,train
SBSHrSnP7G8,ase,train
sgmdxupHvxY,ase,train
DsgMcPXnruc,ase,train
nWuCPwyncMU,ase,train
Qt_mjM3HFBA,ase,train
a43gOdSzli4,ase,val
-4yLpVWhcOw,ase,train
OR9HbOIWMg8,ase,train
I6h2uqJnw7A,ase,train
tU_EnJ2E9zo,ase,train
7GLXUu1NgsE,ase,train
syDWIvL6-hk,ase,train
2_PWeBb41qM,ase,train
kz6Wsdw65K0,ase,train
hHxhQ-5ms18,ase,train
C-lM9br1t-c,ase,val
IUUsIrIkzpA,ase,train
vU9UjSclY18,ase,val
favoQ0F6Q0U,ase,test
FHx_IRV1OHI,ase,train
RSJCRbsC7HM,ase,val
9od3LD3Ng4o,ase,train
U31Qdvs4-bA,ase,train
A5YKo1ZPphU,ase,train
3SaL_1cqzAE,ase,train
hJ3j-qvoXU0,ase,train
a7rFQZJ4WI0,ase,test
LuQCFsWFeqs,ase,train
pmlOpcKDLPI,ase,train
wMUpVZEaoQY,ase,train
X1x0eUMvP58,ase,train
XiJwvy15L6I,ase,train
FND2JfzngVY,ase,train
l1_ttFLvHWk,ase,train
CdakPZuyQmU,ase,train
f5jFlyrr7ds,ase,train
fI4_UGA4MBI,ase,train
WeY6Uge23ao,ase,test
DWasXHy9uho,ase,test
WzwzFNabSAg,ase,val
PtCk2JK59NA,ase,test
LUwrCWlng-c,ase,train
Y19J0AV7E3s,ase,train
1cdmtQkNq7A,ase,train
Edzgopqfg1Y,ase,train
lppIG4s58yw,ase,train
-PBb0xCZ42M,ase,train
M4mh43_TEak,ase,train
ALGS5zsCFHk,ase,train
tGgYZecW-wM,ase,train
70ebQ0lL0d8,ase,train
a2RoVy376UE,ase,train
pxcOB6nl7CY,ase,train
AdtXXwufcbM,ase,train
Ztvg6qjfhr4,ase,train
41FOWmQsKPI,ase,train
dL-3v-3u7ws,ase,train
wJY_MfoSpmo,ase,test
-qkSHWi0ANU,ase,train
OsbzYfyvI_4,ase,train
vJdxYw1i2QM,ase,train
f2N4-pc_0tw,ase,train
QoFBE-yxOqo,ase,train
FQrjLz8_1aI,ase,train
ecvHs1wvmwc,ase,train
pHxS2h5i9Dc,ase,train
U3eg9rDfVVY,ase,train
TPNo-MhsECw,ase,train
UX8ASRvXxew,ase,train
fze9VD-zYnc,ase,train
LtwKYHJTPcE,ase,train
kuNXDb3w3Mw,ase,train
pkdMDQDXtyw,ase,train
ERsyZkLpOq0,ase,test
tm42SYfQZl8,ase,train
ORrMhgCO-HQ,ase,train
oUaGP-pj30A,ase,train
Xunjo8B9czM,ase,val
dbFMTM6uXMw,ase,train
YHDW8QHf30s,ase,train
Vr4AszSQFAA,ase,train
Ai6E8ArWukM,ase,train
XQ15XNLHk3o,ase,train
PrZEQfOk-XQ,ase,train
HA4z83HVdOk,ase,train
9d_BaaU3GUo,ase,train
BaMqQQIlBbM,ase,train
PXRh19gKlko,ase,train
9Oj4WYiljqs,ase,val
BZRSf9WgPyQ,ase,train
0VQ9H3AxdGc,ase,val
4ckqY82422o,ase,train
8lvz5LG50wc,ase,train
Pp_aWq2pNR8,ase,train
cNdBf5OrQaE,ase,train
rN_EQq-BZYI,ase,train
mYy0o6Ohclg,ase,train
hzpuXBlOJjk,ase,train
PF0xRBYOcBg,ase,train
1cT9kp1pI8A,ase,test
i89jw_gx8p4,ase,train
AcOCIO6Yvho,ase,train
Rmexs392I5c,ase,train
bZsC1UP5uWw,ase,train
0AQHLPt8NDk,ase,train
wPJ_InXF_I8,ase,train
BfUPRI3h4vo,ase,test
Fna4TLb-O3c,ase,train
ZFFaHBNsiEU,ase,train
pSMiqJmz4-w,ase,train
QLsFRIDBIKk,ase,train
z3jAMn3xpoM,ase,train
u919vf-yghQ,ase,train
kTrTETgKpBw,ase,train
vi4MuOpuhcg,ase,train
MS-fjYK__5g,ase,train
uF1WqB9o2dA,ase,train
BCP8NZ8cb2Y,ase,train
RCi45Oumau8,ase,train
Zz9jsv6y7aA,ase,train
2K6sNH3QdM4,ase,train
ziFmcT4dE8I,ase,train
bpkFrbslLbU,ase,train
x_8I6cMS548,ase,train
As6P9wKcyHE,ase,train
j2iRHiIYtTg,ase,train
rx5AScibUiQ,ase,train
wE-HDf4tK9Y,ase,val
Z1lF3UCb5sM,ase,train
ovkTXT9CzKw,ase,train
VT7VhEkV9oY,ase,train
rlUUw27_6kM,ase,train
MJijm9kbdHA,ase,train
GUSQ_SeYFiw,ase,train
O_xWsa3Yd44,ase,train
bnHFjwhoM6A,ase,train
aUCUP7JCAYo,ase,train
9C82salEk7w,ase,train
5at8X56tN58,ase,train
HZ8H8pfNwLA,ase,train
AdDxgNZ7nC0,ase,val
XyL4sxEiD3E,ase,train
EslZp7UiTck,ase,train
Asw-hzCFpsk,ase,train
nxR1Vng0-E8,ase,train
OsAAjTAdnJ0,ase,train
kEwQ9hE5en4,ase,train
gXFw0P3GjGw,ase,train
Z4ffuzkCH9M,ase,train
OzcNFHWNGvM,ase,train
CUIp1T0qhWs,ase,train
bw3SDIHQsAY,ase,train
Gibi5tcIWBs,ase,train
8Uba2tgT1nA,ase,train
GxFo4Nw1w08,ase,train
5DolK2hufSM,ase,train
vj0oCiYKF4M,ase,train
SWI4H8_iaJE,ase,train
2Wsw0KI-yQg,ase,train
8NRDuefNAB8,ase,train
0ivltlK21Ns,ase,train
ua34qSK3g6Y,ase,val
RfNqzhjI00k,ase,train
nlZiGUd6ViM,ase,train
POKkeQNjFHM,ase,train
8Pgz-GaUC6M,ase,train
wH3lJm0Typ0,ase,val
I4RR6Va9LZA,ase,train
Wv8juaN202w,ase,val
6DuQPRnG0Ww,ase,train
sHcHkKChBEE,ase,train
NJ-7WUtB5Xk,ase,train
14diAi-BS40,ase,train
ZPiRIM1gYLQ,ase,train
nsmzFUmvA_Q,ase,train
mOcbZnI2adM,ase,train
siK_sBUp3hY,ase,train
UeDzZbf97uY,ase,train
1Q9Mo892UTU,ase,train
VrTIgZlb0F8,ase,val
IEf4PpwwHFY,ase,train
-Z8qLAdmAwo,ase,train
gCBgwogxD90,ase,train
6IlzyR80mU4,ase,train
5y_POcCcSoY,ase,train
zj71SOX9oCo,ase,train
Pbtx_AEvdtU,ase,train
uZwKNtHx9FE,ase,train
rH_zcaOpZ9w,ase,train
t-krQnPN_GY,ase,train
31sHy2-FC70,ase,train
RygecVXnBB0,ase,train
s_Nte6B73wc,ase,train
cunzvS3XRX4,ase,train
VHSc-b7mj44,ase,val
HyGIBdTs9yg,ase,train
9HApTTCD_ZA,ase,train
MILWmTtYmx8,ase,train
ggouMQubrPo,ase,train
mNF1kg9azQw,ase,train
QwiEOLnbKmo,ase,train
WYvw6nVh-nA,ase,train
DjFX4idkS3o,ase,train
eqKAO5cMjqg,ase,train
D9HR4q0vbwE,ase,train
oxiUNX0pnQg,ase,train
v4kjeekPhDk,ase,train
RaYSUC_MvsI,ase,train
JG5CQ3GLUwo,ase,train
x52KEY_sg0o,ase,val
F4i2YfiFVWA,ase,train
zIAjjFnDhNg,ase,train
L-iv_Wgzj2Y,ase,train
AFnaBCqKXjY,ase,train
6rf3bfocwRE,ase,train
RjJSxzMkC90,ase,train
WUddLxofi8c,ase,train
DBWeTHcejYc,ase,train
yWSOa-EGYZM,ase,train
nBu6MUAqbOU,ase,train
Swrk-C5k6bw,ase,train
0av-wKimT9Q,ase,train
kDl3vMr9-bo,ase,train
sQDnLDY2bPk,ase,train
owuiopLZSNE,ase,train
JsRzFgTC0r8,ase,train
0KUtHBQ93UA,ase,train
xZmNyN6_1bk,ase,train
WXXadfqr0LE,ase,train
-943KtZkiCQ,ase,train
rvj5bMxhGck,ase,train
ZDKoHWIQLso,ase,train
1-UWD5mgnAw,ase,train
_Un-CI3aDxQ,ase,train
NcyieJ9Yy6Y,ase,train
5zCLCm5eTfU,ase,train
rUfFiSyW-_k,ase,train
EJOkupsVoqc,ase,train
r8phb11nrS0,ase,train
MsjPxUtLF7E,ase,train
QgpduS12vuE,ase,train
_dOtiTnkoxk,ase,train
4vfuSkczIcI,ase,train
GofX5UB3f10,ase,train
JubapwGjwHU,ase,train
SQmc8Cz_cq4,ase,train
QVEdHXE-xGU,ase,train
K_L4B4u6L7Y,ase,train
3gWIt6KUn2Y,ase,train
FV4HBtRL89c,ase,train
ZOzmoIHIx7c,ase,train
Fp-uzRiUjYA,ase,test
y0_Id80EZ2Y,ase,train
qM3O_kbpMu4,ase,train
9MBFq3hQGB0,ase,train
ryC1yxGuuQ0,ase,val
mfS4CuaOtxI,ase,train
yuw1gcJuWUI,ase,val
6ro7A-XZ2s4,ase,train
4SVP0ShrpN0,ase,train
UkeRNzk3mWk,ase,train
xecv4abyVIM,ase,val
UiQXOTBxiVM,ase,test
ELZ2hHlrfqU,ase,train
dZQp7OeNINo,ase,train
_0Kb5WNSfNo,ase,train
1opYrIh0eGc,ase,train
MzoVgNGuDrs,ase,val
1zRfH_9kqtk,ase,train
jb-p5dfoBm8,ase,train
XO8uXs4x3m4,ase,train
4GnFufO-8Yc,ase,train
Q4ssOiCoEZI,ase,train
6TDs5FKNTmM,ase,test
zsX7rrJK2Ho,ase,train
pimixabgzlc,ase,val
GdANpi-iksc,ase,train
QwyYZ37YL-g,ase,train
poWavwlUcwI,ase,train
SsQxB7yYxgQ,ase,val
_kXwaFCl6Xk,ase,val
03LjSYPMBK8,ase,train
tcNm8IW4Zw8,ase,train
mYfTg-wrGyk,ase,train
Ie9ZS4SVWSE,ase,train
MeOyB3keIqo,ase,train
2ybDcnPdFUk,ase,train
c7ZWc7gebDQ,ase,train
qmL-_edshTo,ase,train
YiQA5ekyTB4,ase,train
zjzzuNtuvM4,ase,train
6FXrKHL9HJE,ase,train
HrbTWWl3QRw,ase,test
MWmUdruw_kI,ase,train
PJ2cnOVaFUI,ase,train
X1kFhWfz2So,ase,val
VHvvbpwj_qM,ase,train
g0_rpTr4a04,ase,train
XVmKZnAlPbw,ase,train
vYvnh68R-Eo,ase,train
jnu8t6vptis,ase,train
8OdWDKRJBMI,ase,train
MlkCkPmoWPs,ase,train
frHPSdr6rIM,ase,train
gh1m72YqPK8,ase,val
FrcyJM5zrwY,ase,train
h8dOib-Zgic,ase,train
_rwyLFpjTUQ,ase,train
0FXHt0ifSvM,ase,train
zPiE-DdEphM,ase,train
VYpWzAUDNks,ase,train
UMQh-3Z04gA,ase,train
WbUpc1ukr64,ase,train
BJzvPCzkZ3Q,ase,train
XedlpAq-QRg,ase,train
fk1C9sC3uuw,ase,train
vloegJYaPe0,ase,train
5j_RYzaXUvo,ase,test
FXfNRvClUfE,ase,train
nrL1Qrg4v-g,ase,train
j8N8RXxJYTk,ase,train
3AECbbprur0,ase,train
dIrGN8SfUmc,ase,train
HIqy1wIz2uE,ase,train
5udliYZHcX4,ase,train
4i0Y_mFJejI,ase,train
_IiHCdbLKyM,ase,train
LzU-kjS2xHY,ase,train
HyebxDeXCPI,ase,train
Y-LR74Vix9M,ase,train
KsP9C70v48M,ase,train
ftjAL7MnqsE,ase,train
cZJt9T7ZJJ0,ase,train
mlWT-0WbcUs,ase,test
pkV9v250i4w,ase,train
n3f7LSYur4s,ase,train
Eh3k6oJrFgY,ase,train
Wn7vjQ22Bwo,ase,train
5XDn22CL-ig,ase,train
XSAWM-spOhU,ase,train
3DigAUAvEM0,ase,train
0fZJVfJ2RBk,ase,train
BXjgMNlzXts,ase,train
_cX2P0wOQZM,ase,train
xnIyM3ujX4E,ase,train
fCCl-5JPqys,ase,train
vjI6vJxet_M,ase,train
uCs7pvg02dE,ase,train
mnwCQzmi-pg,ase,train
Urk6yIzgmNQ,ase,train
nmDzNBqVdXg,ase,train
24fz_9v18Us,ase,test
KvQT44G45kM,ase,train
UfbpgVCJM-Q,ase,train
YK5b2oCZKBk,ase,train
iWkiOB3Q7M0,ase,train
_OHMg8OBtws,ase,train
3v8sZtJUTFw,ase,train
hgi6y5hyASs,ase,val
AsrselCGBNw,ase,train
DrO77wFa0h8,ase,train
HRKSr1wPwXQ,ase,train
jEjtVRj8yRA,ase,train
rd72lEXczfs,ase,train
IRJtyOUMIeM,ase,train
gwo0dhvT1yA,ase,train
QAVt8hEdGJs,ase,train
Nd6Hu3JuOlU,ase,train
M4EHcwyPx-I,ase,train
A0TqKW_XJZg,ase,test
f9IWQ5RfWOE,ase,train
xkvI1I-BDVM,ase,train
qfPvQtMLS6s,ase,train
CtzHLhxMNEg,ase,train
0ulVg4h6W9E,ase,train
7CyI8OaIPEg,ase,train
W1U3pIkaLaE,ase,train
hvsIMRUhF3g,ase,train
T1sUIyqsKJs,ase,train
xptSLkXKn4Q,ase,train
FkflDYt3zpE,ase,train
9pk8Y3m6qfs,ase,train
KfLok7tmM64,ase,test
54S9SzY3rC8,ase,train
ALW91e6WPTU,ase,train
zxTnvkq7UY0,ase,train
tI2WCkbd9L8,ase,train
UBHIPWeJzUE,ase,train
6fjvNHU3utk,ase,train
CNvItMnGsqQ,ase,train
WSPCvubQxoI,ase,train
9FlJ6A2VtHE,ase,train
oaGpJO-vqvo,ase,train
ZOOpGprUm3w,ase,train
eyuQSdSbbp8,ase,val
ZKV3Rujh2yg,ase,val
d2gB2dwOh8Y,ase,train
RCcpgGmY_9I,ase,train
fVrkINxNlAg,ase,train
UKsbijB9dwk,ase,train
_dOoJwD0jck,ase,train
uBkopJhtca4,ase,train
t3PUzNnQFGk,ase,train
2-0BoNb-3DE,ase,train
LtVZfkxGME4,ase,train
58pfZuiBfxs,ase,train
Vh7R5Q2nX-o,ase,train
eLmY7Wgy92A,ase,train
jEMv5qYrQQU,ase,train
I1UDU-5qDXQ,ase,train
ndkxCPRzupg,ase,train
3pKwGJ55kYM,ase,train
TN4gzAmuqLI,ase,train
DHNrMfrmQLo,ase,train
yFwKYyjhzz0,ase,train
5V9VcrKqap0,ase,train
aV1hiKXr_H4,ase,train
kY6zV1_bNu4,ase,val
lIE16P1LVhc,ase,train
ur-HzfnbPSI,ase,train
8_wTTVpQyb0,ase,train
cvqbe6xyT7Y,ase,train
zStwKOvIhPA,ase,train
XUocxvX-DJk,ase,train
G3zfes_ZL5U,ase,train
6y4R_EYLT4A,ase,train
R8-V2-uN3lw,ase,train
B7EfVhrulk4,ase,train
Exjh4uwEBhM,ase,train
prduqpDxnGs,ase,train
6cF1wysTBio,ase,test
zViz5q_jppE,ase,train
hDwx7q8PybM,ase,train
CvlyhtXd9e8,ase,test
CkufhP_fqpQ,ase,train
daTPNSQet08,ase,train
j8ndf-DFeGs,ase,train
iFm0D933usQ,ase,train
lJuryqYymi4,ase,train
rXL9ff90JCU,ase,train
ur5Q5SxIekQ,ase,train
J1W-V0d9MkI,ase,train
dXEFhFfRkEM,ase,train
jQhlF0brSns,ase,train
xMKtEOWjKlI,ase,train
8kr8G6TzCbM,ase,train
w-RNMdtEZ9k,ase,train
W5m8NDOi6V8,ase,train
KNSzYn2wGa4,ase,train
WVz1e8t-6Ko,ase,train
b7hLKDoI6mE,ase,train
NpjycAI9xHI,ase,train
jLzGZ8vOM30,ase,train
LdVNY2ze-Yw,ase,train
gYWFkLcrzwY,ase,train
1FbKP8vZvdM,ase,train
xJABOPc6gsg,ase,val
ca4QRwcn6Bg,ase,train
xwbNd7G0HlA,ase,train
BwIIUBEqyzM,ase,train
5Ke194FDKvw,ase,val
qxxJZJ2gvEY,ase,test
63hltb-VK6Y,ase,train
5eWlGWCPPKE,ase,train
SKafIuSCb_0,ase,train
mjtuNwD-CcU,ase,train
ildCQTeV-3U,ase,test
PTyWod_2Svg,ase,train
N5Rrccvi_2c,ase,train
uRKavR-SF7w,ase,val
L68SkmewDnI,ase,train
nghxDFzrmrs,ase,train
n6etZldYegc,ase,train
3ny1DoUAOTs,ase,train
f-Ce31ybxr0,ase,train
mtTmdQNgDfA,ase,train
r69gKTTkpbs,ase,train
M56Fdz5GAx4,ase,train
yYYYXAAbH7A,ase,train
8lizf3MuY_g,ase,train
w5AM5lDnw4c,ase,train
A9YhMH1XJeA,ase,train
969xm4nuwv4,ase,train
SMBW6qx2DDA,ase,train
fTpH5m4OTw4,ase,train
uRTqnmqIlnQ,ase,train
GWkP_Ojla-k,ase,train
WO5ZoULrxEo,ase,train
yH_kzYMc0dE,ase,train
rqC0OOFHfgY,ase,train
gPs26StOEPE,ase,train
0xmSyGtz2Rc,ase,train
SwFyqUF_lhg,ase,train
T6YFwhrRwh0,ase,train
4Fe7_ieumkE,ase,train
dBKY0y6Zypk,ase,train
5y5Jkyq1fys,ase,train
ut75i-iNguc,ase,test
1d7meFB92Z0,ase,train
Va_rmgIYRW8,ase,train
bvTyPQGIhCA,ase,train
eK0qbGyQ-eA,ase,train
Iw5F7SBNzHk,ase,train
IE4BQj7R0KA,ase,train
I976oI3s1jQ,ase,train
5s6cdVbujI8,ase,train
5dVs413UwiQ,ase,train
KMSgQglITQI,ase,train
fdupGWt4C7o,ase,train
aePZIk8I9_Y,ase,val
BZCKDSs6_yU,ase,train
edY8MnMxLvQ,ase,train
rSiciLyYOyI,ase,train
kZtKkLl9lCo,ase,train
Na_-154nSE0,ase,train
U6QdVPwDc_w,ase,train
XnozZjAlZ-Y,ase,train
I74ifR94oho,ase,train
WmbHxEwNVks,ase,train
KYn_t7DPqUI,ase,train
FmuUP-ysNRY,ase,train
MrhkBkhMXaE,ase,train
0KcUZlotmlo,ase,val
_TzkJzlGW7g,ase,train
8BIEoB8RvEc,ase,val
16AKloM5AiA,ase,train
SfV-MI0NFxM,ase,train
R8TMPuglJJg,ase,train
M1UpvJATinc,ase,train
d6hcEStcJsA,ase,train
Pc8BHgpOFtc,ase,train
0fsBkodUEk0,ase,train
ZUT99XZ46DA,ase,train
mF0Cjbpjltw,ase,train
lWRvh9R2Cxg,ase,train
0Eh7r1WiwIk,ase,train
2msG66_yfBw,ase,train
X9g3sN6TA1I,ase,train
-qTZYO-Fdlo,ase,train
NEbzpKcMJTk,ase,test
9sFoofToRqM,ase,train
lYv-muFxnxg,ase,train
vjndaf5k7Mg,ase,train
BLVDbsj7Xo4,ase,train
UgqB79-BaJ4,ase,train
vyICFDJR7cA,ase,train
VwmZDtlVTCo,ase,val
VVHdOq_kowo,ase,train
jhMGRHu8sLI,ase,train
YdiMaJrAOzY,ase,train
JaJWiCEmDQQ,ase,train
_2cg2YLx6mg,ase,train
ic9LAfKoFTA,ase,val
mKiJJa66Wgw,ase,train
gALXtpV4IY8,ase,train
JTZhXX2Zvew,ase,train
hjzOb4_gGLc,ase,train
Iu0Wu3LcRQ4,ase,train
LCLTOtMc-5Q,ase,val
-ZOyG_dW_1M,ase,train
i5WYcqIz5J0,ase,train
iijUm8WqVxY,ase,train
_WQ3g8yIRZQ,ase,train
y1Z9drIJpDU,ase,train
jsOSzFyx8RA,ase,train
ATIQfcSoD1k,ase,train
oUljxXXBVfY,ase,train
T3EE8msFORw,ase,train
0HzztPiFelY,ase,train
XPndROf0Ltg,ase,train
pqLUpyVk96Y,ase,train
WpvHgHXpTyg,ase,train
rrpmoFE9AxQ,ase,train
tFHyA_o_MNk,ase,train
BVrZ2mPsdS0,ase,train
lMqn2KJkFxg,ase,train
9WDtyHX4aE0,ase,train
G34h0hn3T5k,ase,train
ZifTpiq77vI,ase,train
yTktFsVCTgE,ase,train
8jjWexiKjCQ,ase,train
NBpYolVo5WQ,ase,train
YB2Yz-CsctE,ase,train
wv33kuIHC5Y,ase,train
nSPiSnDaVfA,ase,train
miXDRqW0ArU,ase,train
gdVQKVcjBO8,ase,train
eWlDjpFLYqU,ase,train
Id8XymKwr2M,ase,train
xV3HHRDrwFQ,ase,train
n8nuUYDZ7Hc,ase,train
OplgOZenXTU,ase,train
-aUYUqPDLkI,ase,train
r_93yBE_6R4,ase,train
nv44-7RHbXI,ase,train
GHbmDCXymrU,ase,train
4CZCJPhojUc,ase,train
lYbS7f8o-w8,ase,train
0bodeyCThJM,ase,train
SI9dBcTjHvk,ase,train
pQEx6ySX0Bk,ase,train
jySQYNsp4Gc,ase,train
sYMiEvhPcNA,ase,train
k5pGqJtTh94,ase,train
7MO4gEUj6v0,ase,train
045-gE1O_hQ,ase,train
GhW-Vo0-w8k,ase,train
xIxPsGV0e5w,ase,train
LyjRsur4oTo,ase,train
gh2tQTI9n_4,ase,train
aBlCgiBbKF4,ase,train
GYf-CpTb7Co,ase,train
SUV--ReP2rQ,ase,train
B1lnZiHB4gk,ase,train
wn-MBiTJrqA,ase,train
YsI2WMZPxkI,ase,val
KSj_23NcGzY,ase,train
FzMbqiRuOCk,ase,train
0553Gp2y-RE,ase,train
HSQMP_NLxl0,ase,train
f1vVos6nEoU,ase,train
olnsk87b6-k,ase,train
cpZmerod08Q,ase,train
D5CWUClIBwk,ase,train
IjS-T4OlVU8,ase,train
GVPtP6apDbE,ase,train
mM2cRgvTPUs,ase,train
nNtiApqJnts,ase,train
rPOe1NmxzCE,ase,train
4YVVERSg6pc,ase,test
Zb1JEVbrRI8,ase,train
F2BL6q6AW18,ase,train
ENDDHZ6Veew,ase,train
A-6G8TnVmwQ,ase,val
8UyZnhkitnE,ase,train
jLgILueltMM,ase,train
9PUpk_O694c,ase,train
-384XKXNw_w,ase,train
nKir_1-5gzE,ase,train
5v7xTW5puEo,ase,train
QZu3GMMJ4_Y,ase,train
vYJhQxHVEe8,ase,test
-d4a2kGy0sg,ase,train
jHxhWd0xPjo,ase,train
cdT5YFZY2U8,ase,train
YgOqGR8RxBQ,ase,train
tB7TeGHmf3A,ase,train
Aq006SZMHDQ,ase,test
oitWyqACQXE,ase,train
C-vSQwbLOfY,ase,train
GSc_B7ArHNc,ase,train
66_C4RzxVd0,ase,train
Qj6mM5kuyVQ,ase,test
ChuUKaG-Q9E,ase,train
2p4co-iv4gw,ase,train
gW_o9-T5r9Y,ase,train
8vIyloZtnHA,ase,train
eMqAsiZJOsA,ase,train
NtPgwg8NV18,ase,train
b8lgjqElB7I,ase,train
CMvn4ODcu7U,ase,train
NkhzinUIZv0,ase,train
DdgeZUVSboE,ase,train
c_DaejucQkk,ase,train
tOuITjdAPAw,ase,train
cSvUmYKgQ2Q,ase,train
ybLnWGhW_vU,ase,train
lAWMDTiWid4,ase,test
PnWZ8VyEsAM,ase,train
Qb1Q6oqs5D8,ase,train
4MvYLIoubQc,ase,train
o-DyMsLBnMU,ase,train
JkLMA1UxB4E,ase,train
FQ99dBPD8Po,ase,train
1C6E-HFQE30,ase,train
aYQLUtyiov8,ase,train
b11HbwXAl58,ase,train
eNEGtLtHksQ,ase,train
EjScAo5wccw,ase,train
Ts-PCOI-12M,ase,train
QHpWNC2qRx4,ase,train
NVd5PXHg2CI,ase,train
AtOd5D2GYPM,ase,train
iT2vsutSSD0,ase,val
EwUGlxzA93I,ase,train
oouMMD6xntA,ase,test
AT63c955-Go,ase,train
3hZoT_dq2mQ,ase,train
z9Ev-KhUYBE,ase,train
CyZxn0Wgpx0,ase,train
QDo7GsymsZc,ase,train
n-eeuPNGO0o,ase,train
Y-e0RRx7Uy8,ase,train
kjscuDdO4xk,ase,train
E6CfJ-nosK4,ase,train
7b3-gxp2XrM,ase,train
PH_AqpudI7Q,ase,train
FuZ9136WGlc,ase,train
fPw2i6tdzCs,ase,train
AtA6wOmhemU,ase,val
ShaFyk3ROKM,ase,train
wU5Sb1yQxGE,ase,train
7IegCBb-dn8,ase,train
U_MakaoA7wU,ase,train
dlirHC4TBCk,ase,train
sQ5xGV3L1HA,ase,train
L8cmi8gkxro,ase,train
v7Ymwc08BTo,ase,train
QoRLuS5MPDI,ase,train
C3YCQ_wc3qs,ase,train
YQ9uvoayJwc,ase,val
XBXAbJ-bo-I,ase,train
0ummhjbzT3w,ase,train
-liLpI45W8w,ase,train
-m780ZSIL6k,ase,train
FE8Hmmp0MpE,ase,train
q2CZGq-3txs,ase,train
QCiPUMFzNqg,ase,val
Bl9qDtoEbpc,ase,train
bxv4f1F_MWc,ase,train
zMltkokwbmU,ase,train
IUEeWyy9NYo,ase,train
gDXPSNBxsaU,ase,train
jrcS_6tTTwQ,ase,test
XP6cbkqThj0,ase,train
Ka23iqvk51Q,ase,train
GBSEZpWxTn0,ase,train
Z5EqsZqiK-I,ase,train
C-tbjddwue8,ase,train
v_8DebeuOus,ase,train
7owiXmBxZpk,ase,train
63KIq9VyXo8,ase,train
NNzyF_gY1Oo,ase,train
YmLQ51-EK_4,ase,train
XhWtT1yhSTs,ase,train
cGyl_HYEcLk,ase,train
E0gQVT30KwI,ase,train
XY92Rm1qZtE,ase,val
HlzcS05AcOM,ase,train
Fr1oIdehBJU,ase,train
jMnUP2WYC2s,ase,val
ij0lLoEixUo,ase,train
8dvHgvVpYrc,ase,train
OTh9A3GnKjE,ase,train
4SO84YB9bnU,ase,train
6DAmc4GJ2Kw,ase,train
9KgTjIUV7ks,ase,train
IgN4C5IdJyw,ase,train
U9ZHyPcBdSY,ase,train
Zzd-eBKqLXE,ase,train
vglDcPCkpKA,ase,train
z7QHQDibl5E,ase,train
9oR2oCpncEI,ase,train
5gCo9Gf8tqg,ase,train
V0H_FisqW3g,ase,test
_MTEJ3UALwE,ase,train
ABQoKz44APg,ase,train
sYkuAncJ34Y,ase,train
fJeQgEqL56I,ase,train
_9Ary6lW4GU,ase,train
zaJRrkkqGHQ,ase,train
osf0eCVnB_U,ase,train
bjZcDcqFD3E,ase,test
eiFRUgKYbz0,ase,val
7Letpg0QCtY,ase,train
zC_IPXWWMO4,ase,train
3ZyQ9Sbcja4,ase,train
gPbKW8cVZBs,ase,train
HKk4cSRqtYg,ase,train
IaQu3ADpYlQ,ase,train
UjYDcQGgWlY,ase,test
1xUM9uqsexQ,ase,train
JFz15UaOE_Y,ase,train
MJqQI0ExO5s,ase,train
H0f69MMPftI,ase,train
Dy3KrDpvvCk,ase,train
BvA4oNtdk_w,ase,train
jk73CrTZvyk,ase,train
BtnrDetcDS8,ase,val
SOTNSTSw--w,ase,test
UWOWX8LqaTs,ase,train
gB8cFiKbNSk,ase,train
UhN-7cE_7go,ase,train
u_dL_R-PLzs,ase,train
-XA4cUQhpwQ,ase,train
8hjcoKXF-24,ase,train
XgFHHhFRa6E,ase,train
9koORwv4XCM,ase,train
-ZB5TOUzwu4,ase,train
2TjAKLUBJ7s,ase,train
Z03buFIk5hg,ase,train
QfDpwECdr30,ase,train
jNUIMITekrY,ase,val
R3wXjo8hyhA,ase,test
Xu5mHuybms0,ase,train
xCRyd3WnqQE,ase,train
VLUSkQW90_w,ase,train
uoW78jFGpMI,ase,train
OfnVbkzkWSk,ase,train
1ORJ2LYyjtg,ase,train
K4YNKliXmJ0,ase,train
pM2fVRR3Q3A,ase,train
I1HAs1moH7k,ase,train
Bb--E2HYwB0,ase,train
CaNdVrZLnik,ase,train
VGZYf4ESWS4,ase,train
Bl1e8ie1i9Y,ase,train
QTHdaChTFMc,ase,train
mVbNzQF97Gw,ase,train
JMMI4u3qETg,ase,train
w9l3dbfs0Ik,ase,val
yxjD4RCWAOQ,ase,train
4cBkTN7-JTU,ase,val
YcvHB5SSozU,ase,train
QEZe8RrcuEs,ase,train
4J-QpQYu0Bg,ase,train
_1NYj5oYAYo,ase,train
fgq-VDzUkA0,ase,train
5yi5kIPV6I8,ase,train
czhnRLgZx6o,ase,train
FqQmLCNddoY,ase,train
299fkv24i_M,ase,train
d_aM_6P4Fs0,ase,train
RKq1sTBPwxE,ase,val
m4cIUdeqi6s,ase,train
_H686FCntXY,ase,train
k4B8pdgvBC8,ase,train
8NDVHMeFl9k,ase,test
I7dJIuIXz1w,ase,train
u5HUg8Ccs64,ase,train
Yk6pb2ZuL08,ase,train
k64SY8n9Pwk,ase,train
0i8aRg4jzfU,ase,train
GmjBPjDUpKg,ase,train
y8oMXNKNOU0,ase,test
vRkcw9SRems,ase,train
Gbo5k830yCM,ase,train
Xs-jspLVp9Q,ase,test
Y4mqMpY-5Ho,ase,train
KBCao9pG52U,ase,train
E8z-8SEwBYg,ase,train
2rUWPvdAVMw,ase,train
RW19FuhgK44,ase,train
n-093TsLHbs,ase,train
V5elum3ucpA,ase,train
8VhBqwI1FKg,ase,train
rfnPBLEnwyQ,ase,train
82XwIKFGh6U,ase,train
wSIELDL7tvo,ase,train
yQqQpr7xJZs,ase,train
cYLJj-Dfnn8,ase,train
SfFzipmhED8,ase,train
QLUlxVGU9e4,ase,train
HprHQ3wmHYw,ase,train
i1VMGmHQdmM,ase,train
-r4LwQFvgHg,ase,train
PTzoig8kJPE,ase,val
gG6_uAMV8NI,ase,train
2XeUE6rvKSo,ase,test
PriJ3kig43Q,ase,train
1ROgPtwNQJA,ase,train
fif0BOKN8ZU,ase,train
g1R9CpeSCHM,ase,train
caxUEhuLkVQ,ase,train
XlV5QXsT8Go,ase,val
bCgnXaJ3bQ8,ase,train
dks4FlPeSk8,ase,val
4THwQJrqWcs,ase,train
Cmtr7GE6zxA,ase,train
R6fgnE0cGHw,ase,train
n2RgWRPQvrs,ase,train
N5QjeSv9-dw,ase,train
hRSCaT56rnY,ase,train
niy-7fxyyVI,ase,train
U-ZU8kR1iQg,ase,train
OvomdxeXHmk,ase,train
gc9GCjyqKSU,ase,train
jq3iVvqii54,ase,train
jrXrxBTahWg,ase,test
aidobqq3ak0,ase,train
JlbzTeyvG9w,ase,train
pHyjj-Ugin8,ase,train
aGec7ehbP_4,ase,train
WTZVsC8NcAI,ase,test
U4FdWFhaGMI,ase,train
Epsvjmq6bdE,ase,test
5j0AVhkfYaI,ase,train
vNS9KjsTTcI,ase,train
arc50DE870g,ase,train
jnCQv1FPF7M,ase,train
R07f8kg1h8o,ase,train
-K298ifiO8g,ase,train
HndRDXCPjkY,ase,train
3DiLW8AIo6k,ase,val
dX_KarLY7AA,ase,train
QOLb6kixHHA,ase,train
Hqliqd5xyOk,ase,train
osBUrFvlHeE,ase,val
Ca6eMECoUfI,ase,train
3Z1LXM7vDlY,ase,train
AlthRsleVUc,ase,train
z2o7y91zFjs,ase,train
-uJr0yIkJ8Q,ase,train
52MGfKDRnmA,ase,train
jsFxwCAllKg,ase,train
n_VJkiPbWQI,ase,train
8fmKVlcy374,ase,train
EKDdbA2D0jk,ase,train
uuU2Y1u4IXI,ase,train
qZ_c7XLO8Dg,ase,train
791GHmxK14k,ase,train
3CLx5icVa1Q,ase,train
isfNM7Fci34,ase,train
FUuhF5puPwM,ase,train
D76KM7NYSiM,ase,train
WxwW91yqFCQ,ase,test
uQ_78jY3eB0,ase,train
rUQ3jkmYzVk,ase,train
lKdsnHJE9SQ,ase,train
ao5Bt3s32F0,ase,train
QABApAocrXI,ase,train
AKiNWh8DoGg,ase,train
nicLQH_Fzao,ase,test
zSwk0UVLy-E,ase,train
aaU-pajPDLs,ase,val
Yz4zaVqPz2Y,ase,train
AVgW8rItoUk,ase,train
ndg96ezLHIY,ase,train
YNTGMI_tGBk,ase,val
xhv655vJNe0,ase,train
aTRMHrlR9X0,ase,train
eTmp8SOIgt0,ase,test
G-jn_DPxcrU,ase,train
ebR18TSB7fQ,ase,train
MKeIRE3oCsw,ase,train
caKjkhjnUSk,ase,train
6jF1ai-xOLI,ase,train
e7SC2Z7ONlI,ase,train
Ofw_u0YcBK8,ase,train
mGmAVK2cQZI,ase,train
sgMLkN6_dzg,ase,train
xmsIkISCP54,ase,train
oVxb2x4L0Zo,ase,val
OkPgqLyRvm4,ase,train
GkNTSTUrYW0,ase,train
qI8RGyUVTJ8,ase,train
uiisW1Zbjbs,ase,train
YfqHxwPfFKU,ase,train
BJ7-VcZKDfY,ase,train
O-06daRZkrY,ase,train
InjHZjSfF4A,ase,train
ffCE92xPNMo,ase,train
UD8Zx7rL-0E,ase,train
0BZ9g8w1csY,ase,train
zdVIN-vkglU,ase,train
S8qp4pRLsUE,ase,train
WUzS0MZWeKM,ase,train
LhRGrmtW95M,ase,test
wv_65wluwcA,ase,train
9YXe1G488w0,ase,train
RI9AraK6qaI,ase,train
zusmlL2b2M0,ase,train
pM0FcdWeJuM,ase,train
VGYNq85MY44,ase,train
mopWq1OcN44,ase,train
vYv-8f9-64Q,ase,train
ucsdoI0n4eY,ase,test
wZak0XSXeio,ase,train
ONhBemYhQ40,ase,train
sUl3EEY2B04,ase,train
ExIuRosY3EY,ase,train
agAzlAaFr3w,ase,val
tW--8TtK5as,ase,val
1fJ1H9FNN6U,ase,train
0vzECnJwdOY,ase,train
Kb8ZtAsJfs4,ase,train
G9ENjqzqdb4,ase,train
m0nrptJA6sc,ase,train
QOBMrY9Uo1g,ase,train
kH2lAQSJg2o,ase,train
FoxHY2notew,ase,train
sB-r20bVj14,ase,val
MwnFMC_Ei78,ase,train
kgqiMeX68j4,ase,train
EgJ-rt2weZY,ase,train
dQskM-1i1_0,ase,train
bAfhkgubZQI,ase,train
MiAF99aXUjY,ase,test
bS60TM_jkfM,ase,train
2Dp34T9g-fc,ase,train
KXUlg9e68CU,ase,train
JdQkPQZ2G3Q,ase,train
GV6tfCAz1IQ,ase,train
j3MJyQqdCzM,ase,val
cNo-pA8F-0U,ase,train
MTz4wX3p1WQ,ase,train
EypS7Z1UX18,ase,train
AVd2OklURaE,ase,train
1mUrdx7JT70,ase,train
9ZY1fzaUdUM,ase,train
fG_poJU7NDg,ase,train
EIrDEsls8gk,ase,train
U6rFiik8Ofs,ase,train
jKeUrIPMyLM,ase,train
S7L3Gvxge7s,ase,train
ybuCmbLcGjM,ase,train
oqNJ17OcR9U,ase,train
u_PbkfRSa38,ase,train
3h6Izx48g3k,ase,train
yydRw8ccExE,ase,train
1L560qaV9aM,ase,train
6GLdekH_fqs,ase,train
V93fJniFgoQ,ase,train
7_SEmnweqb0,ase,train
A2nhgyDb_qw,ase,train
xWTw3NkIp8M,ase,train
ofScyF0CUYY,ase,train
VmcgZMLCH_4,ase,train
5D_0BQ8VvJI,ase,train
4pgGj0jNav4,ase,train
VIa4JX3SpoA,ase,train
biClhstvnw8,ase,train
kyIWag6BfTI,ase,train
MFPalmq_LZU,ase,train
NuIoV09Bhb0,ase,train
gT5niZINmzE,ase,train
HwtT33WExn0,ase,train
FNBQi4kp1Kw,ase,test
uBMelnCPuVQ,ase,train
4Z9D1CIZOMg,ase,train
6hK_hr8bKXs,ase,train
xUznuvfYol8,ase,train
Mzbi_iXsbpY,ase,train
bb1-ktZP5c4,ase,test
q8Sr-wituIE,ase,train
n6CJ9elys68,ase,train
yRwu7VN2oNo,ase,train
srekz4nm7g4,ase,train
M55xbX9vFis,ase,train
wFTeygT8G5Y,ase,train
8nACMVylMcg,ase,train
zlz0GaiFHro,ase,train
woTFJYRf-No,ase,train
UUYVE204bHM,ase,train
tDjP4407vs0,ase,train
0X3l7sFL-WY,ase,train
wym7b0fuY-M,ase,train
WA7K5fox-QI,ase,train
Mad62YZ8U7w,ase,train
oG0CaelEHeM,ase,train
lYNUc_BlhAo,ase,train
eHgQD5H_yHY,ase,train
ZeFuj-6jJho,ase,train
39FygidlZio,ase,train
potcjJoKY3Q,ase,train
jjbfOQ2PHCU,ase,train
wGxnf2gfiaQ,ase,train
xIxPuzdltyM,ase,train
ILBKc7Mr6hM,ase,train
ordy9dlYQ-0,ase,train
PdcWkGbkAj8,ase,train
9-GvzCCYN84,ase,train
vZpjNlKJPQI,ase,train
pfbUeqDs2WA,ase,train
Z3j2srwHiBo,ase,train
K1SJ2jqIMXQ,ase,train
I3sF7CxH77U,ase,train
LVGw56lplKQ,ase,train
9E7Fy6mYKhI,ase,train
_hRhlqTqMFw,ase,train
Tt_ZfyjrvvQ,ase,train
IP8jDFTrf_E,ase,train
dX3VG1Vp8Qo,ase,train
9BQEB_XKACg,ase,train
74v26n8OHpE,ase,train
o1tf-QHWITU,ase,train
ajGnbf2-aDo,ase,test
Tr7cEsYO4B8,ase,train
fhhr5o8rU1c,ase,train
_lfi80q8xQg,ase,train
hyGAUi94lcU,ase,train
sIGxxHGOsIA,ase,train
FSmDHr1mOA8,ase,train
QcxYmSTTxWs,ase,train
Uj4NSB-oZyU,ase,train
RNq2aNZol2s,ase,train
qtN_805FvxU,ase,train
ArmaIVZjtXI,ase,train
rLZTCqp2MbE,ase,val
nfpncmh5oRs,ase,train
zI80Wl4vcqM,ase,train
aVR1FvR9b4w,ase,train
O8Ktzn_Wojg,ase,train
oYU0E9kohOQ,ase,train
itUnoStUodM,ase,train
cHL2Tp388s4,ase,train
mEV8qpIAa4w,ase,train
ffbL6S7f0MA,ase,train
J7ES2Kh1Y1Y,ase,train
u-GVwe279TU,ase,train
Ot2SnsurWyI,ase,train
wzn4dUBhIM0,ase,train
Ylgv4f5TAOU,ase,train
3gveTP1u8_Q,ase,train
06Vp-B-2KQM,ase,train
U-RUbm0Ln8E,ase,train
0cK5SNl2P74,ase,train
oT6Xf7aa3gM,ase,train
S1jJ98Zhwho,ase,train
v4n3uTuxGCw,ase,train
kIJjwpPom2A,ase,train
WejKu6TQjhM,ase,test
EGskuY7q94Q,ase,train
keTdDJv-utU,ase,train
F1v0mfqlZMM,ase,train
2uCE3KqKwG8,ase,train
HCEdGSptw4Y,ase,train
7OVCgCEuf1o,ase,train
IodlCauiYqU,ase,val
6qkP0YHxv1Y,ase,train
mlkMfngmTPM,ase,train
OPEvfBri7cs,ase,train
ERE0oRVml_I,ase,train
LeIClk3ClFk,ase,train
BXM5AEAY5LQ,ase,train
-ClezW3rH0E,ase,train
3aZpwjz-pZY,ase,train
arXd194boVE,ase,train
5m5QwN7g3xQ,ase,train
uLKiGROzwxU,ase,train
1fCuZxuGHGM,ase,train
x_uNUHhDrzY,ase,train
zxFzSViDMHU,ase,train
ZolRmLKfYbA,ase,train
ym6AXZrIC10,ase,train
M11RMORxPwA,ase,train
45fga7XQh_w,ase,train
_9bfBIagfB4,ase,train
RV0yWfPlAeg,ase,train
hEzUq78rYp0,ase,train
9487f3_xFOs,ase,train
1pk1EHZSGwQ,ase,train
I7lD_R2zSSY,ase,train
_kDT3I3mXGQ,ase,test
LUW5hoDXHQs,ase,train
g-6dggb6aPg,ase,train
GPY707tB8Fs,ase,train
kwbKxiG22pk,ase,val
8GztH3kSvhI,ase,train
B-qXKNA2u6E,ase,train
z8fD-wOr4wg,ase,train
HvUTX1IfZBs,ase,train
YDUpIiTpfsY,ase,train
n1PqBZXjGu8,ase,train
Tp8NHDzcui0,ase,train
cM5Wndxy0QM,ase,train
VTFvvAoXRpw,ase,train
_3K2uqv_t7w,ase,train
fBO1tksqR14,ase,train
DVz7K3ktQP4,ase,train
S01KRImnp1Y,ase,train
_SsSiUT8mNc,ase,train
GFZIvP3Nlxw,ase,train
SAitZzFQibQ,ase,train
xwS1sh4jkT0,ase,train
XbpAFQx8r7g,ase,train
P0skWgxfhlk,ase,train
_KrstTmyrGM,ase,train
-OF1EMDNhPE,ase,train
XT0ro8-Blp0,ase,train
VqKxKdOcqF4,ase,train
DJLqLr1J4lk,ase,test
eyMI2h-5W-4,ase,train
65KUxTxQbU8,ase,train
Y0LCGwf_haw,ase,train
DE8imPyK-II,ase,train
1qAV1SLdeqY,ase,train
-bjU397LOME,ase,train
r1ggLsX8Eqw,ase,val
eBbUbpYg6qk,ase,train
nl0rzpURspQ,ase,train
qYAf-N7YbzY,ase,train
mUNIA7yV4Ro,ase,train
hhKZvsu7rxg,ase,train
VPSRO0-4MMg,ase,train
R4cNU0zRz6Y,ase,train
y1nVMtR7cdw,ase,train
zM-hWDBt7eo,ase,train
nMYfRUnGBZE,ase,train
h4BIEH6cuyI,ase,train
OanFnkTRv5Q,ase,train
EvDjr5Px_2U,ase,train
k9qy4PUdFDk,ase,train
i_yDFNoI9Q4,ase,train
SBQOh_Tpj2U,ase,train
-Ejn2KZLVS8,ase,train
lzGEaBhyx7I,ase,train
BMLE_ASFZL0,ase,train
Q839qTTSg3U,ase,train
9DFH43mey-E,ase,train
BL0JSikWSrY,ase,train
xqu71j74tn4,ase,train
aTCMM7U4dNM,ase,train
vRdcKjkDjZM,ase,train
b4J7V242K48,ase,train
4-4b4lJXvWE,ase,train
UTAc2bgWgqc,ase,train
JOxwFBSow1o,ase,train
BpzznbJO0t8,ase,val
mCzRYkItLbw,ase,train
5G0P7aOIRwU,ase,train
Z-llTNszMrY,ase,train
8jUsXqv74I0,ase,train
O4R4791NGNE,ase,train
xHojQV45L9c,ase,train
YCoWhi2OviI,ase,train
Z-TsIKJ9_HM,ase,train
DSTuXtHzl1k,ase,train
dPyMNhH5KsI,ase,train
QCMPIMDLmoo,ase,train
hDx68GECi5U,ase,val
tMmTssWtANE,ase,train
a0xiB-tml5A,ase,train
Jz39GO_ZxDw,ase,train
QpM1Myik0nI,ase,train
dB6KViUWjXg,ase,train
ERXumLkkYHk,ase,train
UVkLBxqB5RI,ase,train
6NddBOft2TQ,ase,train
HuZVXbNK9CE,ase,train
aWK-OvgDQ1w,ase,train
zzgHDVGTUA8,ase,train
I3GUU1jF3ys,ase,test
dmxAsSQ25qA,ase,train
9XOzCijZ-hU,ase,train
Ogt7E_1ZqgE,ase,val
l6MGk2TH2EU,ase,train
QgH5KE33aTM,ase,train
T-GfHWcgxY0,ase,train
V-eTafhBgOU,ase,train
paeOF5iRdqY,ase,test
Xu7nsb9QBOM,ase,train
lXP9FT7KBDk,ase,train
H4DZacb6RKo,ase,train
S17eYAKGPTo,ase,train
O3eW5UiNxCQ,ase,train
4cNmvOTq6bU,ase,train
C9sPvdAmMW0,ase,val
1gKLgGkgnTg,ase,train
datbVXpwo7o,ase,train
rLhOvfSNlsY,ase,train
t9ukQtuEMy8,ase,val
eNRHZ9zz4gk,ase,train
LGZBE6P7aAk,ase,train
Pbdqa6blde0,ase,train
_kgA1doxy2o,ase,train
ckihzXGIf50,ase,train
Ntsy1z5Rrh4,ase,train
7ag_YD9qlFQ,ase,train
7tNDPasaRAk,ase,train
8c-DbNf_jzI,ase,train
ecAgVSwXor8,ase,val
mFZ4N2_xuZk,ase,train
FUumJOpw-Tc,ase,test
vcRahlvdFdg,ase,train
2MVl4M-vkBo,ase,train
jbjTa1xAbSo,ase,train
NcEpJjtixoI,ase,train
pNrt1_Fj2Lk,ase,train
xYSCFY2gdpY,ase,train
RXakgeYjTGk,ase,val
D2-1EdGNNF0,ase,val
WuylraMFRN0,ase,train
rZfx50FJDRI,ase,train
6aIMHX4oRMg,ase,train
IXuL45c-Bsw,ase,train
tt7WicqGhnU,ase,train
OdXYbnROTKE,ase,train
qpHIeiZTjoI,ase,train
55DP5TmSG-g,ase,train
gy-OkbFQ6So,ase,train
GgljWBJgItY,ase,train
D10JLCpvA8c,ase,train
hqCckWqCO_8,ase,train
Lvu5mqYubhw,ase,train
YDg-7mmiknI,ase,train
ro5q1Bp4nzY,ase,train
6EoCWAKRAlc,ase,train
9vQPsdefj3A,ase,train
-q256lPDhFM,ase,train
6VBakb6meZI,ase,train
TSskaZjZKUw,ase,train
MuSu5rwWf6w,ase,train
-rIIFJ2hVPA,ase,train
RxSkLDHj13I,ase,train
ocbhry4iZRc,ase,val
zN1OFAE95DI,ase,train
w3HLsmlEei4,ase,train
fmtMlnZ1mwQ,ase,train
BSQJjvivt5Q,ase,train
mujBysQ8Rnw,ase,train
boqvsOdZUz4,ase,train
R2N_iDLaQZo,ase,train
5-h0cN-UNDU,ase,train
jQQHxezcuUg,ase,train
HypsiCA4uyw,ase,train
xu74F_si3ig,ase,train
orKsVfBuMq4,ase,train
9ifcXzJ3OkU,ase,train
YSnAQRAIEUY,ase,train
F3JuVkEP_jU,ase,train
L6q22-CdzuM,ase,train
rC7Y8WhDM7k,ase,train
0EHp99AR6AM,ase,train
rHlZs4ozrAo,ase,train
C_O0JNuXQqY,ase,train
aXmWiWn5dYY,ase,train
xud084Zk0Yc,ase,train
CQ7TZgmjYMg,ase,train
tv3exzWXiU4,ase,train
cgpmHpyG51Q,ase,train
7DKPLqlLyGc,ase,train
WM-ahyVKCkw,ase,train
rqIdXXMjuH0,ase,train
UWiDe6q1_ME,ase,train
kN6TnzSwGKw,ase,train
oIW9aH2zsTw,ase,train
855wzmGOjqs,ase,train
fp0lCmUAaC4,ase,train
lB0aBRCgGqk,ase,train
5e-vWBeJdWA,ase,train
vF7HbV8zVrQ,ase,train
TdOkUABK2fs,ase,test
grNRTUrvUhw,ase,train
wibGeSKHu5I,ase,train
kkJvA65iZgY,ase,train
h2_mWvuz674,ase,train
G2p-xTzcPyI,ase,train
lTBa1QqtuSs,ase,train
IljbYbJNaHc,ase,train
iNNQVc_2R0g,ase,train
RzRh4wqdn48,ase,train
JeHJow9LWvU,ase,train
mc_hmklNtIo,ase,val
o2Mn915F-J8,ase,train
1vmoizzM5xw,ase,train
eYwX8dhNpgc,ase,train
AgW6wlWSj9I,ase,train
jhRN-xmRbLk,ase,val
TeMJL6mo970,ase,train
d-1eGNc_xI0,ase,train
4cF2Pgi6Is4,ase,train
On8Cz92XAzo,ase,train
lE5njBJiwBs,ase,train
quLa6iCk3A8,ase,train
9TV6K1zOGO4,ase,train
xdxAcTI1Pt4,ase,train
CqbudaN2VC8,ase,train
jfgGgyTWReo,ase,train
mfF07oD7ikY,ase,train
qp8CtL9miOA,ase,train
C_DqZrg4X60,ase,train
c9Hp4rQ6cus,ase,train
jBUXf95NduY,ase,train
JpImiP4DmBA,ase,train
Pk3TgduDDWs,ase,val
b2BOaMxQbPQ,ase,test
djs0V4X0RJU,ase,train
z7o33qYlrQ4,ase,train
d__ej93Ervs,ase,train
hUJjEQhR5yI,ase,train
-gGInWlt0SQ,ase,train
yusZrrYsJ8c,ase,train
Ch2IDk2e62Y,ase,train
mnWwgwKMnls,ase,train
OqthtrKfyNw,ase,train
pFVq-7GdEbE,ase,train
MceB9dqmrbU,ase,train
_9pKnCftXeM,ase,train
Wc0EHgB2Eow,ase,train
EWeYXwXiSBo,ase,train
sU7fFbTFniA,ase,train
SRZhX8cFoOQ,ase,train
fAjHPT_3yc8,ase,train
T8MnbQVDo0I,ase,train
BHrNiwuOyl0,ase,train
giqr6y4irAA,ase,train
vYybcCkLBXE,ase,train
mFgLnIqIuYk,ase,train
SBzRmBAoVtA,ase,train
DOWlZopBodM,ase,train
oRTmy4t_mIo,ase,train
Lrs_8fNavNg,ase,train
KdWlWkhZWAM,ase,train
Qmr_dx4Ug_I,ase,train
UjR5EVrwYEQ,ase,train
jY2z8rmkRc4,ase,train
TugTyNXzFHM,ase,train
dsmXwERvhnk,ase,train
gUY3-qs1egc,ase,train
rLWH4r3it24,ase,train
GuUuWxKQ0pE,ase,train
o4mnWNfHVMI,ase,train
jbbnOl-IRAI,ase,train
cNt5tDx6tTE,ase,train
C6VZvMd96SY,ase,train
FIzP_CMPWVc,ase,train
cUg5zDHYsI8,ase,train
CwH8Jd3gkuU,ase,train
6KE8-Ga2ZDg,ase,train
VVefgzLwn6Y,ase,train
5I6niWIWMRM,ase,train
QXSGKzwTbsY,ase,train
zQwYbdtYhdk,ase,test
dMr4vnFw1Z8,ase,train
F4ONb6M3EQg,ase,train
W7xsnyGIzgU,ase,train
mTKn-cEZHe4,ase,test
DkljeiSyzgc,ase,train
Qky8gJw-JjU,ase,train
o4xyWmqj2Qo,ase,train
J1EOmcLeeBg,ase,train
hS5jhjhofEc,ase,train
PKcaf71yafg,ase,train
z6zeDXM2hvQ,ase,train
euZkyhJa-7A,ase,train
7tRPwPIiaOk,ase,test
OJRB5Ezc2k4,ase,train
wzs_MWZFr-0,ase,train
pKXX7VPM_Aw,ase,train
w1bnaV3sK4U,ase,train
o74Bruxh2Cw,ase,train
IWLHrE8823k,ase,train
_bWZTBBE88A,ase,train
kSsUgyETQNI,ase,train
HOKtD_eYjrs,ase,train
2nBKIIpNIY0,ase,train
8rpgthf2IPY,ase,train
cDtROknsP10,ase,train
PLv_cTU8tQA,ase,train
X5nZlevs9Ts,ase,train
Wvnr5mpTNrk,ase,train
tN3Lbsqjh0Q,ase,train
pCsCAxyVFrI,ase,train
B7KAzVukU2A,ase,train
j60ur42cGtk,ase,train
wC-hDRpwZnU,ase,train
QaLbPsXR7f0,ase,train
FuJBJ6z099Y,ase,train
k_NCNxVdKSU,ase,train
xAXlt2Bj4Mw,ase,train
yX2QhoUyBDM,ase,train
1FOIkFLwxUk,ase,train
6sBAQ6SB1xk,ase,test
xEArh1nSHnc,ase,train
yXhqE78VbDE,ase,train
tILkYObWUsM,ase,train
23CueKlpeo8,ase,train
eVYHlQMtKm0,ase,train
dMZUZLUtQeo,ase,train
OSf6aseuDNc,ase,train
MLMHbbBiWD4,ase,train
tTyZfR-_SKA,ase,train
etrspA4J0ZE,ase,train
XkDwOYHAk8w,ase,train
Y_erce_BcfA,ase,train
sr5W46r-9ZM,ase,test
8qRIW0t0cig,ase,train
x4QfMsCftbo,ase,train
lDbvLTstbZ8,ase,train
RgiutX1H_M0,ase,train
U3JX_tUPLFs,ase,train
kyAjFaqieYo,ase,train
kzPUt3pZyKw,ase,train
3bx7lzN7XKU,ase,train
8b6LjgZJhKI,ase,train
hYHb_7ShSNQ,ase,train
WEO8o5cZQ2Y,ase,val
3oYUTZzpgqg,ase,train
cgTB1r6rYdM,ase,train
a6olMbCnIS4,ase,train
IBMUGEo1TJ0,ase,train
4BR42uDK2VQ,ase,train
vlv-zueCtvk,ase,test
XRdibM5eHqQ,ase,train
jFpKJd-kJD4,ase,train
fCFleWj1GVE,ase,train
dGFpi4aGrnQ,ase,train
dhA_1T_Bs2w,ase,train
6bSXQj7PRjc,ase,train
BZZ7Vs_AgqE,ase,train
2OzRmx6Gs-0,ase,train
11bqeMw2dvA,ase,train
uu9Wdgq-8kE,ase,train
XV9kAg5mCSs,ase,train
Vweu1Drx7sY,ase,train
7MEl3IA9m7g,ase,train
14SrxNnvzIs,ase,train
53muWhMlq50,ase,train
mm6f_xikHfo,ase,train
uT5d2SzurGY,ase,train
iErWGpAengE,ase,train
lHd0IG1uFkk,ase,val
Rk6aqpDkfDo,ase,train
1B4ZrxTcOBw,ase,train
gMkPzu1QNDs,ase,train
Us-HWD20kVM,ase,train
E1wZjj2k2jw,ase,train
IEGXFQUQWlw,ase,val
GzWsbTUgkgw,ase,train
RQ0NGgFMl-c,ase,train
nypDCupD8So,ase,train
pG5GzJbfHdA,ase,train
K1ZW2GrDgyQ,ase,train
aakXCy0xLjM,ase,train
3te0QYiIcBc,ase,test
sWFyeDoCIsc,ase,train
g68oOpkJFaU,ase,train
iFrPhhqyJgM,ase,train
XhJt9f3lXTc,ase,train
YMsd_av--6w,ase,train
Iu6LPOGoD5A,ase,train
-Tp_qLcc02c,ase,train
PXDrBKu1scE,ase,test
4DBP2E5_2MY,ase,train
qMFOdXWQwoY,ase,train
dmLb0XEM3r8,ase,train
zBKr6BoKz_g,ase,train
u_Qd6AfQUKo,ase,train
TgDFWjmIN7g,ase,train
d5T0yepXx4s,ase,train
WtTR28ArnvE,ase,test
4saxKuaHdr4,ase,train
muHfnhVTE4w,ase,train
szv2i8N2yMc,ase,train
RwEsUVra9S4,ase,train
JuCshkmH7jg,ase,train
Ht6V2K0NWBo,ase,train
k2qIPHcyvjg,ase,train
M-M0cBUJ7mc,ase,train
QUebjRLsrDc,ase,train
hfd30-lHtuI,ase,train
BPtq7vSKlmE,ase,train
u8Duc_LhQYw,ase,train
kjwQGr2kliY,ase,train
CSMIjNQll88,ase,train
7M9LKpbbm4U,ase,train
SGHZenU99VA,ase,train
n0D9l4v0TqE,ase,test
nUo8KqvCueE,ase,train
o00nxayAyPk,ase,train
wqSdXsJxW_s,ase,train
2eBL3Qmo6GY,ase,train
D1wUhbSJ6LA,ase,train
xg_I0gi090U,ase,train
IZxPpwhtKkw,ase,train
3Vdd3g13m0o,ase,train
JEHBFJil1Jo,ase,train
fczOWMPj1eA,ase,train
F3WvgclFeaI,ase,train
SvJVsbGw95I,ase,train
wzYwBfDF6Lk,ase,train
uk0VgSEivPU,ase,train
qe9jQrpg6G4,ase,train
Bv_bkAGQab4,ase,train
gJeesv3_huc,ase,train
OB-ozYSeYTE,ase,train
50cuZcvlcDk,ase,train
C-3WmnLMw0I,ase,train
3fo73EJ3XX8,ase,val
Byuw-A5Srts,ase,train
MVfKwE81vmw,ase,train
KUfYNxNxO0s,ase,train
wIAMgggzNME,ase,test
0Osnjrv-PeE,ase,train
EJUfnf6_s4Y,ase,train
DoJe-4c7WmE,ase,train
YemZni0RUpo,ase,train
mft_VEbx_2c,ase,train
JZRWyR9-dFA,ase,train
9hOq9CRQGwk,ase,train
uiW_fYZxjZU,ase,train
y5ceONlJx3E,ase,train
Q9y8Amc34Zs,ase,train
xaT7BN_ufO4,ase,train
4BjPdsTYgpQ,ase,train
SlEB6s8bRxY,ase,train
d5xut2RTdkQ,ase,train
RVjr7WSEaX4,ase,train
C6P7wkvwVzY,ase,train
uf5GjvJj5Ys,ase,train
r8V9MUKuujA,ase,train
wGVjoCM2PQ8,ase,train
7Mmse6ucEno,ase,train
amNkJArV-pI,ase,train
cWu_kQKgSoQ,ase,train
AGA_AJMIys0,ase,train
CF80hR2qZO0,ase,train
oRXi879zcvw,ase,train
RrS8e_IyDTQ,ase,train
swdtBEPIPG0,ase,train
1a8p5mDbRDs,ase,train
iqvQ6ZC018k,ase,train
Lk72SSsY-MA,ase,train
e8CakHmd4jk,ase,train
jSs6uBHu_XI,ase,train
6wN8EyQmaHM,ase,train
WJ5PK_12uAI,ase,train
UhCaKhPKpP4,ase,train
taoaySo5znM,ase,train
EWqpS71G834,ase,train
phFKX2yX4jI,ase,train
VvYkvvbwgZE,ase,train
Gpnqspg1F2c,ase,train
5O0BtJC12gg,ase,train
mQ7N3ZszCoc,ase,train
1_YxWmWORSE,ase,train
OhsGztjM9Gc,ase,train
yrrKPqOXszw,ase,train
xeGIgqmGI-E,ase,train
qnOWhWHs6tc,ase,train
Pg60Lr8CCTY,ase,train
NXXlEYScsyw,ase,train
3gn32tVVl9g,ase,train
sY6cQzKX7Hg,ase,train
TDvz9wh8zFs,ase,val
NPfGOsAENfI,ase,train
ka70zeECWnk,ase,train
qjueKHOYZNo,ase,train
juLGqfG90nQ,ase,train
toxEMypPRXQ,ase,train
mnbHG-9yI-c,ase,train
D1OAMbLbETo,ase,train
sv_gRXrY558,ase,train
qGEwWsN9wlY,ase,test
H2vUU0hAckk,ase,train
HYP_hybzMts,ase,train
AdsZ2ep5x4Y,ase,train
ljjD0BXKO4g,ase,train
xn3NqnP3JS4,ase,train
Cltv-r_tUkQ,ase,train
I0_vbDy9cVM,ase,train
kd_w7ndjRpw,ase,train
wesJHH6NRAQ,ase,train
AgT1uAF_Ojg,ase,train
mBLJn6vOg-s,ase,train
wq_CMxh1oTA,ase,train
UK2PBBLDUFA,ase,train
A0fjkne_UxE,ase,train
Inw4LRASjiA,ase,train
LEsICkm3YDo,ase,train
IQzNEK_dVu8,ase,train
cu2Szgy5QKg,ase,train
ihB34UZslwk,ase,train
CYcpTCKQbek,ase,train
ifndMT6COoU,ase,train
Tvo4k9lbUbI,ase,val
pnvLhrTx1x8,ase,train
ZZseM50QsOg,ase,train
f8iPeQlhkeY,ase,train
1fTsxrLfF8g,ase,train
WlMKS5RjaL8,ase,train
TYoLGvKcBpI,ase,train
VOz8WPCXXvw,ase,train
Po0vf1v5wRY,ase,train
wnKnoui3THA,ase,train
CKSqfOUPhWE,ase,train
x0U06Qw5Yy4,ase,train
qBb8csox3d0,ase,train
11bYjaf1gWc,ase,test
LIpJqFeC91E,ase,train
Wc75uVuu4U8,ase,train
F0sbKYIbtiE,ase,train
M6UhMkmTfHs,ase,train
U1RSNk_ZfXY,ase,train
UD8sHz4KKhw,ase,train
DkOiZ-VSIBE,ase,train
fPiwKyWG6ps,ase,train
xpNulaQBhBI,ase,train
Gv3nfoPMGfs,ase,train
HJjTBPdKRgc,ase,train
TpbJl1puoR0,ase,train
hoLln9gfUs8,ase,val
Ar2Dx-t_X78,ase,train
4m5kNyPb1IM,ase,train
dS4oGIlzGpY,ase,train
J4V8pBN7Vyo,ase,train
QFFO58mywYg,ase,train
gvTSIyNVZis,ase,train
dOdOYxco9AE,ase,train
WPZi-Tbj038,ase,train
H4NwI33Gqc8,ase,train
YukFKLhZmsc,ase,train
6BnYsIZu6Fs,ase,train
nmQhh6cZ61Y,ase,train
32oTN0XBKSA,ase,train
WHW22y9iUx0,ase,train
tMC5IJ5CqNk,ase,train
sFL_J6mR5MA,ase,train
dvpqNA8jJ6o,ase,train
vD2VWR0SbIE,ase,train
HHWOGGTtEP8,ase,train
9Nrxg6l34M8,ase,train
vB5FekDm9VA,ase,train
Uk9P5YIyHEE,ase,train
_0pAbCt6zw8,ase,train
OvolOHjUJ3Q,ase,train
JUssiVlEg-k,ase,train
Tkjgd_pf6Lc,ase,train
L9IXWnFxAhM,ase,train
hu3JnhqDFoY,ase,train
Ff2laKCt_8o,ase,train
RhBiCkAFwII,ase,train
aOHp1m0d-2Y,ase,train
MJ77lQF-qm8,ase,train
9D0xjQm3UO4,ase,train
RjK5qAiyph0,ase,train
M7qx75PZ46I,ase,train
CoWh59a5sDE,ase,train
b56x_imBa1A,ase,train
DirMyjDOIHU,ase,train
GhWjWffvbxc,ase,train
rlqbLRJNJ0g,ase,train
tVXEAfH252w,ase,train
W5hBxGAHHqc,ase,train
FKRRpg8u8tk,ase,train
DIoC3pMkqjQ,ase,train
h6R-lIsIAbk,ase,train
cK8D1kv6OdY,ase,test
rGMq8ds_ShQ,ase,train
AGtckpG86DE,ase,train
JuR4pt1TsHI,ase,train
Tr9-R7lhFpI,ase,test
QBHfCU8CrY0,ase,train
9nkwGZBoGQo,ase,train
J5TFvlWeBjw,ase,train
8CBbke1gINM,ase,train
K2iRwQJh9dk,ase,train
l42omYV4ReQ,ase,train
h4gdmqoWflI,ase,train
RNHLFA-vnxI,ase,train
0axfOnsyUE8,ase,train
h3vS6WAInP8,ase,val
U8AjieLQgmo,ase,train
9D65mVcc6bI,ase,train
PWQ1UjOtWKk,ase,train
ibujqX_yP8M,ase,train
DpE-kbcdJn0,ase,train
mVMhygFaYE8,ase,train
-L3_lgFu2aw,ase,train
6f-VDi9dq3g,ase,train
9PvzNYS1dlo,ase,train
YcvpgZt8d0g,ase,train
V2DzUzdJYKQ,ase,train
_hv5b8E-bEM,ase,train
jp3ySsUB6xs,ase,val
YFml14FDLSw,ase,train
u41bC3F-FXE,ase,train
cXeiNsEssKo,ase,train
IcfXclPFYDE,ase,train
7hxIc0LfbJo,ase,train
QD6Hc0Bp6EY,ase,test
9j-NGWOBT40,ase,train
9BJ9to5o2cs,ase,train
PEBwwe0PLZ8,ase,train
v3AtO19NBP4,ase,train
pY4v7AJnQj8,ase,train
9lHqUgFIFok,ase,train
Tii6KegP0d0,ase,train
qLSgzj45Ozk,ase,train
Ek49UQc2IGk,ase,train
WxEZSfwExrQ,ase,train
EFMGOyiY9Cg,ase,train
K3ICCfwkAQE,ase,train
AI-02_xhno8,ase,train
wOIaJxzw3To,ase,train
QqB7A4TsIbE,ase,train
U73YPoONiPE,ase,train
R6dVvtTGCS4,ase,train
rMsApe0nKyg,ase,train
uOg4jeijhno,ase,train
E7XUEoxSteQ,ase,train
dpaG7NpkbZA,ase,train
KfPAkVGWtMY,ase,train
Tw1R28bMFqg,ase,train
ufrzQlKlTJE,ase,train
vPFGzk0Oasc,ase,train
OwCDWRhBJC8,ase,test
rVZIcQz-0Oc,ase,train
Jz-yfXPFXiw,ase,train
BHXMUJHXjfY,ase,train
ryAROpNBaHY,ase,train
yBiaYY4Hc1k,ase,train
IQE2DLccX74,ase,train
AOx-nXFG3i4,ase,train
egmsNBMX41A,ase,train
A3jlcPSOOJ4,ase,train
6rMNK9JX0nc,ase,test
95SU1Kci698,ase,train
1XGGYA2sAGU,ase,train
HSOWYTlf7r0,ase,train
CwmkeSgYUYc,ase,train
k7kOtz1kPk8,ase,train
wEiav6ymoVw,ase,train
0anurowGDtM,ase,train
jXZv5Cy1u-A,ase,train
iJShJZDIl70,ase,train
_8FA60YP0Xc,ase,train
F1wRrAKnJfE,ase,train
HtnT8Dk8BkU,ase,train
dmySJVNKztE,ase,train
wWKrXcGKBz0,ase,train
JBfXIklnhCE,ase,train
wfJD2vdd5e0,ase,train
vPxjCJ4Qx0M,ase,train
-yhWPw4TlFU,ase,train
BnSehf67YhY,ase,train
VZ9x_GSWd1M,ase,train
i4VvhTVlE6c,ase,train
cGWgGJPb9S0,ase,train
hVwaGil0cvg,ase,train
qS8xMglFvTU,ase,train
AKnhk5o_gB8,ase,train
a7JoFbI1EtU,ase,train
8vEmhQFW_HM,ase,train
vR4Ei7XwxvA,ase,train
6nijXFM2g0k,ase,train
kAI8SAxYHSs,ase,train
QRxFpSd2_yc,ase,train
y2WLGdu6gjU,ase,train
-_hwrchaR3o,ase,train
07BevXg9ISg,ase,train
9kgmcWThQDk,ase,train
sITlRZ-tnqw,ase,train
vTK8_T76BfE,ase,train
ZA1BpegpXhc,ase,train
26ohonk8pqc,ase,train
6E_MckK5Ea4,ase,train
VrMN4OZkPlg,ase,train
bQkNA13Cmj8,ase,train
FPRONDPp0mQ,ase,train
ML6oudznRj4,ase,train
7MVtn8T13Lc,ase,train
StJtXFsG804,ase,train
S0_M5TLB4kc,ase,train
-75uOD4HDTA,ase,train
R7v8rS5s0xU,ase,train
nWclT1A62Ok,ase,train
6W1P4Y3rgiA,ase,train
1Htwr-zvUoI,ase,train
YwHni5MhlAc,ase,test
OtSXwPwHRx4,ase,test
ZjtgxZRWXHQ,ase,train
4yQ5fvm_5IU,ase,val
DCy7yjXqaAM,ase,train
Fkqc2gKSn3s,ase,train
AEcqmqbtHHE,ase,train
p1z08tNlzE8,ase,train
2LEpMiInAvQ,ase,train
NC2k8YE34do,ase,train
EVSHpKviFyM,ase,train
Gmq1H8ayGJc,ase,train
pU35GXbrHlw,ase,train
IVJt6TDCpEI,ase,train
VsvrhtYgHF0,ase,train
nmEzaOvTqOI,ase,train
nsjNUhF_s94,ase,train
z_lZQ35yYGE,ase,train
KwqCdno2f5E,ase,val
y0URUVcvrTg,ase,train
0FBYi_XxTgs,ase,train
ZfuU-jZG08s,ase,train
cOLbmvM8BX0,ase,train
OsDhpgMygiQ,ase,train
vr6f7eEZmCc,ase,train
bOtpMHvtNSc,ase,train
Em5XnGins_E,ase,train
U0-4g5iIyqQ,ase,train
JrF_bMDNnJU,ase,val
CWNjr4e28v4,ase,train
-1Ydmv-b7Es,ase,train
9-ff2wj6Kv8,ase,train
duIXl0iPE0g,ase,train
SZBtM4DWvmU,ase,train
t-mXGN5grJQ,ase,train
YS_tSEI6560,ase,test
vDNSTnxFpUQ,ase,train
0P-4kPS3cls,ase,train
LEBG2JVIuJA,ase,train
ixYFtoepfcs,ase,train
iKEJlREMx7w,ase,train
s94iueF9e0w,ase,train
Rjs0tWwSSh4,ase,train
kjhsBjBQWO0,ase,train
xIONBJuveP0,ase,train
p6rDMh_28co,ase,train
ZWfWVpTZ9ak,ase,train
Fu-9Q10jucQ,ase,train
0ttF9J-6Gjs,ase,train
mdRh7UiZjQM,ase,train
wUEiLfHtMxY,ase,test
3bFbHvIHOZI,ase,train
tjyvBlXjpq4,ase,train
ia1iCQCygpE,ase,train
CnT3ke7yiIY,ase,train
OG73d25-yJk,ase,train
Nwvzy6LJ9Ak,ase,train
PT1-WpCG3YY,ase,train
JPayRxeQ6Jw,ase,train
HBpGS56KwGk,ase,train
wyP4N1edfUI,ase,train
E1OPBAVeRgg,ase,train
9GmNnLoJgaU,ase,train
WNLw2rttp9M,ase,train
f5YwrpBPZ6U,ase,train
JhlAJsaVNWA,ase,val
z7Cm6UjkQ8Y,ase,train
5InwPYZtKkU,ase,val
P0S4xXiR3Jo,ase,train
ODbu_B4p0Go,ase,train
PwNIRNWe9T0,ase,train
BNVJ1fl9d_o,ase,train
HRtDjTQHG-g,ase,train
nY0uXevL_cg,ase,train
u13YMKJY8aQ,ase,val
n4vFvnJ56qw,ase,train
cC3upv9Q7MY,ase,train
bRdGsTt7J7c,ase,train
OIxWL7VbvPM,ase,train
2eifzHCteHA,ase,train
jfdwjt7RzFU,ase,train
JqaztIdbHgA,ase,val
I-xdhefbKNQ,ase,train
6Sz-NBrXrIc,ase,train
8lUSpoSTiEk,ase,train
TH0LAAm3J1w,ase,test
xEZo2zgDdfE,ase,train
JcFZdGLcRmg,ase,train
CZiiD1UoDfQ,ase,test
sFSKINpFQKU,ase,train
mZr-T0Ci2EY,ase,train
CxwIFtawYDc,ase,train
klMC536m8bU,ase,train
HoWXoPsHEWg,ase,train
YcdSExm1cXU,ase,train
D1DNRSH7RwY,ase,test
esEqayOO1DA,ase,train
4_od0W20hL0,ase,train
uXdL5njDiBU,ase,train
FYdKjJCcQcw,ase,train
aoAtM5YuZNE,ase,train
6Ozd2ctTIfk,ase,train
VsPCTVFWoo4,ase,val
J7jb6xTysiQ,ase,train
54U9RBDVyKc,ase,train
ypsSYB5vDxY,ase,train
Z2O3mYNxjHM,ase,train
TaoGf9i3MRs,ase,train
UoHKrFL9g0g,ase,train
1PA2gObn1tg,ase,train
VGEkijJkJhE,ase,train
NhcbG0pBqaY,ase,train
HQqirIZYgVs,ase,train
UWShij3-kRU,ase,train
-8rIG2zq_BE,ase,train
-JnMps4R7Xg,ase,train
3mux8EDR5l8,ase,train
LQGgyecOXwo,ase,train
wn3kpVhXTLQ,ase,train
GuPA4J0CxVU,ase,train
3hLpzO5JBFo,ase,train
RY00i2N6l7M,ase,train
PHUSGQKsqoQ,ase,train
9SdgcJ3CItw,ase,train
Wz2lPlgLCX0,ase,train
bSnr-StsxjM,ase,train
qrR_VwMIsnU,ase,train
qeSkb04_Cy4,ase,train
Bn5RrOa7AEI,ase,train
vgm59nj3vjw,ase,train
4kxlmzvxEgA,ase,train
7LjxYvf-e6c,ase,val
2MnvFrB5ljQ,ase,train
HPEGnbgZF0g,ase,train
maVpWS746kI,ase,train
fHy2wP9q_PU,ase,train
mOaCntJUTDM,ase,train
qm4MrlW0U1c,ase,train
t9lQq2SL7bo,ase,train
bwcJD7fGonM,ase,train
u5zuvPkR5Mg,ase,train
a6R0oP_swBU,ase,train
eyXF998uFQc,ase,train
2P0cJuo415A,ase,train
vDOXv9hWS2w,ase,train
UQRvDBvErIU,ase,train
upDclsTnBC0,ase,train
bmnXyodK_f8,ase,train
PyBY9-dSJt8,ase,train
kWcpqq1N4Zo,ase,train
O2uBRm6D_KI,ase,train
LklvjsrdlUQ,ase,train
x5jSwQrBjMg,ase,train
TYIaQRBUqF8,ase,train
NdFRzzlJHzE,ase,train
4rnPJ0fJNh8,ase,val
HWZAQ269zjA,ase,train
MznxKr0XoeY,ase,train
Tw_1tJGF5uk,ase,train
hbgDIstz44Q,ase,train
hQcvzvur-qE,ase,train
UM6tY_EMt8A,ase,train
K7Ny2RI2qu0,ase,train
W93yUt7B8TM,ase,train
TXyNxVRRPt8,ase,train
qKu3yLfhNps,ase,train
QCnUpRhtj40,ase,train
wm5nc-zBdUE,ase,train
IpikEooTToI,ase,train
2s0E4Xc_Vc0,ase,val
9VviAP3FNv4,ase,train
i16hv4j0wBI,ase,train
ITBFiwzJ-u8,ase,val
t8kj_8FAvXY,ase,test
Uy-9Iz-8xjw,ase,train
qvN9q5kPC74,ase,train
6nPVUAoFAVc,ase,train
wO-FMbD4MW8,ase,train
adrVgFAsLio,ase,train
W2HfkWOyK2w,ase,train
oOKppt8uwbk,ase,train
r2AKKaGvFi8,ase,train
hngqMJWXISQ,ase,train
ohbo2X3bQoc,ase,train
1N6GBIlbtlo,ase,train
IiO1m41Z594,ase,train
4cHEmCgi4gI,ase,train
Haceeb12MF8,ase,train
zIpHeQh0c4Q,ase,train
tK0wx3PBdTg,ase,train
-zYz2QLCV34,ase,train
bZY1KsWi4so,ase,train
5srsUxY6Bts,ase,train
TfuKEGMIBmQ,ase,train
-3ShbeotW2A,ase,train
ZhrqYH2tr-0,ase,train
b_jFE2ELhC0,ase,train
6EV-lYl0Z-E,ase,train
00ADU7t7IWI,ase,train
R3OdF8g8A4Q,ase,train
NIU6Bqm5law,ase,train
3chgDwReQSg,ase,train
SyxvLDvy-vM,ase,train
IsBtiB8IpXI,ase,train
RzCLFyNbFTI,ase,train
oicdXhW-Mkw,ase,train
J7X7nNgkBuU,ase,train
PBSpEj64HAg,ase,train
_gAnLlibJso,ase,test
vmkpE6hQnQM,ase,train
ElqX77ZzdmE,ase,train
udAa5hSHH_s,ase,train
H3Qh6SSWTB8,ase,train
1Fcli9bH_X8,ase,train
QY0paRttZZ0,ase,train
iMJ9CjBX7eo,ase,train
20nY5jgoY8w,ase,train
54zTmk-QfFU,ase,val
i2DCHunih48,ase,train
rkJ9vrJm4zk,ase,train
Lp6gueznBhs,ase,train
XNLX7QTAuP4,ase,train
aAxtpcYhQYU,ase,train
3_D804hV73c,ase,train
38uMRqgvTug,ase,test
eOjjLnOdgow,ase,train
vvKNQ16zXLA,ase,test
8PbCAPDxy2c,ase,train
myLjinuFXrg,ase,train
Xfua6HqFHzU,ase,train
xqq2CtyBPWk,ase,train
B2UFE5J0p3I,ase,train
2O6QUmPT0gM,ase,train
7-uJbyWnwfU,ase,train
r4L2ZEN4hVE,ase,train
Il4CURdH5bA,ase,train
aVW3NDT5D2c,ase,train
MYF3pyjR2qg,ase,train
Zk1b2-8op0w,ase,train
UfLdljKWr2k,ase,val
GqGLMCJ2daI,ase,test
9XgfeuesCu8,ase,train
ZAhMkd6ocPA,ase,train
NNfaV8Xr0FI,ase,train
_dkK0tB6hxQ,ase,train
mrTrAkEC1Sc,ase,train
UThsX7cvQcc,ase,train
o4EF-PmGtW4,ase,train
icNz0ybuM-Y,ase,val
op3k0tUi40k,ase,train
rgE2ZZ9bHKA,ase,train
y7IDHwY2MX8,ase,train
AaOBr9lUqJw,ase,train
RUbsm54JmXc,ase,train
dnFT6upKJLc,ase,train
2qmUi3dQ2Jg,ase,train
YVYics9X960,ase,train
vCGQ34CO5bs,ase,train
GbXa0OX1wBM,ase,train
kr1VlARxK9E,ase,train
1fppkGIDsDo,ase,train
UplgFt09bY8,ase,train
sjrvrWKjIx0,ase,train
cQ8Dl52X1u0,ase,train
mq2dPNCiRoI,ase,train
P8USfnEaNig,ase,train
VQMd9dYQjDo,ase,train
Hix76Y0UYfs,ase,train
PQwproOYE6c,ase,train
2CVKpFuTXz8,ase,train
xVculPjqlb4,ase,test
yOahRYQ9WGg,ase,train
oLFJ3DcVAAY,ase,train
mSSMx0qycJM,ase,train
ZfJikvphhgY,ase,train
mcpsSlARtXA,ase,train
N29DdjIj5rw,ase,train
7A5tjOQs8OA,ase,train
1yi7DSpNNSs,ase,train
W5JdZRkos4Q,ase,train
xQ3I_ZMSWZk,ase,train
kGUcNAWEnko,ase,train
dSkoNrtNxwo,ase,train
1qMSlb1sbXw,ase,train
pU1dBjXbQY8,ase,train
qJQmhTv_ciQ,ase,train
yCKw6zh5Ioo,ase,val
eOfoW-_dLbk,ase,train
CnBZlJ39ESQ,ase,train
EnRAb1nxojY,ase,train
ojNS0V0N58o,ase,train
_gcdbWV03Xk,ase,test
dgj2EdrYj8Y,ase,train
DaMD9zsZfQc,ase,test
UxlnxGyS3lc,ase,train
G4OkVnUWgIw,ase,train
I41VMZF7m-I,ase,test
kqHPFXwg5lY,ase,train
4ajHxyRQM7c,ase,train
-Mh-rHt6fak,ase,train
PauUiPSRY7U,ase,train
JaZKMBC1rhw,ase,train
uz4x4KRuLnQ,ase,train
l4giYSh0g2I,ase,train
351ig3jwOj8,ase,train
TOxpfbiezLA,ase,train
NxYTzpIxNTI,ase,train
F9rUYLtX4UI,ase,train
tt61pLltgHY,ase,train
zqBzsQQSzxU,ase,train
NEObbRF2MpE,ase,train
WTirAZetQnY,ase,train
NbOzUYY98bI,ase,train
JFpUT5qmgUM,ase,val
igo0nvFcVB4,ase,train
XYNjr7LMf9g,ase,train
b8G07H17MUI,ase,train
osHy2dzQmgE,ase,train
KaxVbljpeeg,ase,train
XMQubQ29mNg,ase,train
UOzG-pGDcv4,ase,test
djmmVCACtqg,ase,train
d7_f9iCYpxk,ase,test
wHn1MR6sZck,ase,train
4JAC1zNjrZI,ase,train
zpKzb1SBN3Y,ase,test
cddgTAQLy_4,ase,train
BSs074tZDVY,ase,train
IsR3jWYoZro,ase,train
L7Uk9okYz6o,ase,train
ESaOivukmpE,ase,train
yBlOSxgQiZY,ase,train
mW-m_2ia9Vg,ase,test
dAONxOrP_rA,ase,train
RjG17me6vkw,ase,train
--u_-w9WCG8,ase,test
DZ32q9TUfiU,ase,train
Jhcz9sBq0SY,ase,train
ry7CmAt27aU,ase,train
SPaIEvOb8-g,ase,train
DeN1Xvhn0Bg,ase,train
4zpdFvM7Nvg,ase,train
9Q2I3rdlDGI,ase,train
HUjZaK-LCCw,ase,train
ICBGc3FXFyQ,ase,train
bFEon2taHvk,ase,train
H7hgNVck7Tg,ase,train
Bz95GFOr1jQ,ase,val
-oaPzwe4PfM,ase,train
n94siYppNzg,ase,train
-kdTgPAtXvo,ase,train
BNcw9W_JVyY,ase,train
tTeiyqt1GCY,ase,train
Pm7VzfGgTfM,ase,train
GqnNNHQO4Vs,ase,train
IbzACVLg450,ase,train
XUAtAqao6_M,ase,train
4suOE3IbJxA,ase,train
fIGmVrsPZes,ase,train
Myu3EMB3BvI,ase,train
AItc9LRAiXQ,ase,val
ehSG2IE8xbE,ase,train
jFpN7UIrCaQ,ase,train
y2sG9wyrZSo,ase,train
Kur1tStcO0I,ase,train
WvtHrn4XxMk,ase,train
pLRXqP1N9W0,ase,train
m76OAYJQidU,ase,test
Tdtsumi_SWg,ase,train
OheDX1HGVOE,ase,test
QNp1WgUMTTA,ase,train
M5n9SHKq_yk,ase,train
WVzY3Ez1r-E,ase,train
UkuHtwNZtBY,ase,val
1-bCws7TnBs,ase,train
Ln3MaRp0Dvc,ase,train
jPzZuaEj0Zc,ase,train
t386fjyHvkE,ase,train
Er0md-bKpOw,ase,train
EmHZnx5ubqM,ase,train
cRaiN8hvjhQ,ase,train
WU1qiDlaS5I,ase,train
W9V5cPJPYvM,ase,train
QBoCQ629o4s,ase,train
sfNL5tR2Now,ase,train
Rfq5CCdI3Rk,ase,train
62wRVH1x568,ase,train
VkLIJDtQYQw,ase,train
OOy6ZrhswaU,ase,train
64lav2iA5-c,ase,val
X7yw3ySFdSY,ase,train
QGfPSvOEJQA,ase,train
Mci9oyb5V2E,ase,train
EKuI4b-Esrc,ase,train
ttx6Ihc909w,ase,train
cNn_N22whAU,ase,train
8EIalfK2d_U,ase,train
fxWNok2uBsM,ase,train
1MXVCVH4g0U,ase,train
UWXr2fAbrUA,ase,train
fFCYzGlym7U,ase,train
0T4yZUTN7Ec,ase,train
b0fex0IgFe8,ase,train
SNFjErKQgPQ,ase,train
UpQnnBESGpc,ase,train
FrxDzpLQj0M,ase,train
JZAZIW2JwUQ,ase,train
516tEw1UjsQ,ase,train
Cf6muMegzQw,ase,train
UPQlvRaSFx0,ase,train
EIJmIKK4S0w,ase,train
ZhHsZ19x3tE,ase,val
tXvl9FgtGho,ase,train
3fC9f9v4lCw,ase,train
IolWzNB2TJ0,ase,val
MxA-0cfoovs,ase,train
6ozfmRow9e0,ase,train
uhS2kh2gHgI,ase,train
1woNMYcqmd4,ase,train
OnMsIIeBb9Q,ase,train
DiuUsIp_HwQ,ase,train
oGLhfS_iarM,ase,train
49Hrw3x7hNc,ase,train
WmjdpJHxcDY,ase,train
LfeqoMWvOZ4,ase,train
wcI-7t2Py0w,ase,train
4Y1TNFRw3Nc,ase,train
xEzsY04w7ZY,ase,train
L03JWrinnRg,ase,train
q0SJvpNs6kE,ase,val
S8pyNGr3k9A,ase,train
ujmwovcroJY,ase,train
ifUVMeh3rEk,ase,train
n61fFqwK-Fw,ase,train
uE_FeNCyPZ0,ase,train
DvFrW_NwzsI,ase,train
DD6hh4J2ePk,ase,train
hOj4HdPqnaI,ase,train
p9qgqm5HkBY,ase,train
H7nga4_DWtE,ase,train
qLTdhoE5DXw,ase,train
6TdGf8t-jCw,ase,val
nBCJVa9zRFQ,ase,train
OZH6aVxuCEI,ase,train
RpLTNN3cF_4,ase,train
7n5kOiPqqu4,ase,train
ECREMlK-W_E,ase,train
donj0pjtBQ0,ase,train
fHl1lichN2Q,ase,train
VwAVr67xAck,ase,train
s0So6MHtkUc,ase,train
I4pcwMLrnC4,ase,train
y30jMXuAV5w,ase,train
srheov4N_ps,ase,train
uNIGrGPKzvA,ase,train
bDQQpMvkJEk,ase,test
Lo4vcNsmdsA,ase,train
dkPBrGfPLBY,ase,train
4PoLnjucRcw,ase,train
JKWoB9TkYLo,ase,train
E6z55ZOidIo,ase,train
TDccrTgSHQA,ase,train
Yfm5KnqIKSU,ase,train
ZDvWExQ8dSw,ase,test
CEGFZdg4lOo,ase,train
NNuIwHfUfRQ,ase,train
Ouw3L6AMqw0,ase,train
C-8sI8Jv5jc,ase,train
KIq_ITULoVw,ase,train
uTVgE3IRYV4,ase,train
U3_NQOJcNs4,ase,train
2crx1P7KT1s,ase,train
4qNiqKMqM0g,ase,test
Y9mJvFBpg-c,ase,train
lYywKl5At2A,ase,train
pHi_L_ifTrI,ase,train
OoquDdhVs_I,ase,train
NnWDAPmzO-w,ase,train
SzbnKPvrjJQ,ase,train
dEuIneS_Yaw,ase,train
SLA3cKoAav0,ase,test
sCv2B7SUBwA,ase,train
Ek1sDxGOdpI,ase,train
dUZA_JwFbgU,ase,train
IFYsVDGmBm8,ase,train
DZN_OLSz3w4,ase,train
VunaefwHP_0,ase,train
qhuYMUl6jig,ase,train
CXwyq9fSjhI,ase,val
68NfC8V2vbY,ase,train
5WfjmHKPYIg,ase,train
FaT59TPh66c,ase,train
K9M65elw7-0,ase,train
YXIJdcwEhb0,ase,train
fEQPC8cnXK8,ase,train
FLB-E9ee4GE,ase,train
94WTNaWL7OU,ase,train
yDkCV8v3QyY,ase,test
uaO5OOX-d_U,ase,train
gqJZgbNSE4g,ase,train
tTfBh0KfNwY,ase,train
1hQ3N5wsyeI,ase,train
TDZCqapxBeo,ase,train
VKwnc7mvFBo,ase,train
ZEqscuyLDVM,ase,train
Qppb7MxPxI8,ase,train
vHzF_4tg9Ps,ase,train
kKjJA9PP9_o,ase,train
Z6MZkc7j83Q,ase,train
kh6fUiDiYu4,ase,test
IneO9-EJwC0,ase,train
stsTKvln9Pk,ase,train
ECEdqhixhHI,ase,train
Ue4Bcm8nw44,ase,train
LWBdRPdv4XY,ase,train
t8r3f0nj4TQ,ase,train
kOYlKbmVCuM,ase,train
-TqVJd1tdUM,ase,train
J9M5zF7Ren8,ase,train
HVQ6h9cMEnc,ase,test
WGBJVkC48XU,ase,train
4p-fzZWqY8I,ase,train
0INWLJXjBsk,ase,train
MIHQ1fJXp5k,ase,train
oWPPijJQSiA,ase,train
_4HCKxJ_rIs,ase,train
BSTfHlBbe5o,ase,train
vWBTgjob9IU,ase,train
GyuSj4smcxE,ase,train
_U4p4x0Q5aY,ase,test
DGEjBxoBU1c,ase,train
Ji7-HPgZZNk,ase,train
-4nD8pla-iY,ase,train
DCRBCHF1TYA,ase,val
aOPD3qA_35M,ase,train
bNKsrrwMWQc,ase,train
pgUeB0zwBps,ase,test
iKxwBytlJiU,ase,train
gtiGisJHBXQ,ase,train
YEtYUF1bjlY,ase,train
-acP9jXuPNA,ase,train
G_4rnxakzEg,ase,train
u0CueF5LDi4,ase,train
v3olf7WtY1w,ase,val
Q8QCA6hjmHM,ase,train
IN5SI8-AuUo,ase,train
xZRrQPk48FU,ase,train
-ZDR-PsGMUo,ase,train
nDAwnLHqyHM,ase,train
YakYyLLxdyc,ase,train
q-noue19NXI,ase,train
0KkGcaUZfLM,ase,train
VFjPvuHzYfg,ase,train
hC4S4SIuNag,ase,train
cdp-Gf6FDU4,ase,train
Nl1wd8TA3ds,ase,train
PyWEUEqx0n0,ase,train
i-4_ahV9e00,ase,train
Ehw5A5cf_u0,ase,train
y2D2eMfMRBc,ase,train
IhenlOK3_5c,ase,train
JHwWKdZCQtg,ase,train
qpqc4ZdJ1Bo,ase,train
BWOO_7KzQTk,ase,train
SxdciNmQMA8,ase,train
CdsNOMMGJws,ase,train
bUw9RbtgImc,ase,train
n-AvLyRl-6Q,ase,train
MDm-uqm-Fhk,ase,train
3czV8z7v_6M,ase,train
EPhD40j0dk4,ase,train
Vnu5YuSYcSs,ase,train
_GGUpmiTWCU,ase,train
3HwFRZYTivI,ase,train
x_KLexMjXFw,ase,train
TGSro3EtPjo,ase,train
RNAq-kJ8R7M,ase,train
01btT0aBy0k,ase,train
1bGoCYeXEoc,ase,train
_FW1JoDAW8w,ase,train
YSlAjjczVxo,ase,train
IByq92pqN0U,ase,train
bwWesEAMm2c,ase,train
e3QAfLW-_1Q,ase,train
0xdOLtyqA5o,ase,train
MdJ2siXIRC8,ase,train
yMjgiOhqrvQ,ase,train
uw2WNYgzDHM,ase,train
Y1ZeCMGOLpw,ase,train
eivou3EBKN0,ase,train
0BQ-V4SBfEA,ase,train
rDw9JhRDt9I,ase,train
0YlFOmtHJ3A,ase,train
JXHERNpSXVE,ase,train
3I0zitTVySE,ase,train
XABorsyUiN4,ase,train
uJQrSTGtSAs,ase,train
tWWdfqu0HBY,ase,train
h_hYzs16rEo,ase,train
5JVKNSm9tPk,ase,train
6X9k-2ffWPU,ase,train
9U_TiHXS0D8,ase,train
R81EiZmApgA,ase,val
jnda54tRf4Q,ase,train
ZZFtzi6tI5g,ase,train
E5noG24U_Zg,ase,train
XTxaQlbD6ds,ase,train
gZ2-ZdlXDmc,ase,train
O3yVx8Zus2Q,ase,train
HRbwfBCfi-Y,ase,test
sErSeSRo4z8,ase,train
SCrPnQ5HEjM,ase,train
nuIahWUtMrI,ase,train
fHaabh7CPX0,ase,train
fPyCcoaRMS8,ase,train
nbxzH3U_fes,ase,train
FJVB3LUrFGc,ase,train
sxTcnFrIo1A,ase,train
ND5Q1AMfTS8,ase,train
ftfzQhY7l-k,ase,train
nUPfdcmntvQ,ase,train
l4ecKXAk2sw,ase,train
ffkv_ZZyFAk,ase,train
Nn3GT7oMRl8,ase,train
P1ypbBFOYlQ,ase,train
eBPVmW0cq5c,ase,train
zE2-oEbP8y4,ase,test
jdhd9Ly8vCc,ase,train
gCy1404ST7c,ase,train
B64sbhXj2Q0,ase,train
jJCyuaVzBPA,ase,train
YKKIEUkvruU,ase,train
1KJX_XeKSLc,ase,train
bD6xpFxV2Lo,ase,train
uJ6StvljDPM,ase,train
ch0zAkhpNGs,ase,train
cA6eE39lGj4,ase,train
Whi0D0M7QXw,ase,train
KtXrzu-UyMw,ase,train
LVf-ocZCW1w,ase,train
6vbCr_JqO0Y,ase,val
qVmw7b_h-UA,ase,train
alLmDECV_9M,ase,train
_LnuqzE90y8,ase,train
uSdqdrovFD4,ase,train
HVezq9mwzc8,ase,test
CvHZIcsDknw,ase,train
RdxKeYw6sXY,ase,train
WOrT5N3kDgw,ase,train
miRuRtPG_xE,ase,val
M_x8999Mc_U,ase,train
xA3MAksZ2Qg,ase,train
AzzNKLgDVkk,ase,train
adg7ZjFnmIs,ase,train
yUUNyYSdTh4,ase,train
5dXmzLBcA9Y,ase,train
LzIM2_T-XBQ,ase,train
E8xSzlyEzcs,ase,train
qgEgmK6jj3w,ase,train
Cj_mkG45KWQ,ase,train
47HUhn4mxL0,ase,train
dGtCbcoI4s4,ase,test
_yj7lc-9X6I,ase,train
GXSvLmGnuog,ase,train
nSE_eQmVo2s,ase,train
MCQIyDfPunk,ase,train
Uo4C3DqN-Q8,ase,train
aMIisTqJkG0,ase,train
4Jt4g3ar_PI,ase,train
lxxRY2VSWzM,ase,train
l6MsNVtxpX8,ase,train
h4wSapwpB4w,ase,val
fUdzPTR0RUI,ase,train
pQ-gKW2XXQA,ase,train
8RUKk6Ba2Ro,ase,train
FAy3Je_ln74,ase,train
TH6C6s-Jxqk,ase,train
FOS5A2KOdUE,ase,train
eOTOSuxhHt8,ase,test
xjdkhA2Fh-c,ase,test
xgfW7pwYGG8,ase,train
hBnpfis4HoY,ase,train
FeiMeb6B0i8,ase,train
rowuvzMj2Yc,ase,train
Z_Q97W1nQ9U,ase,train
k_P5vgMosos,ase,train
UKeeUzUhmm4,ase,train
j0KaglQYxcg,ase,train
mPSV4JgfTnQ,ase,train
JYgc6hpjqZY,ase,train
fvtzSxV_DE4,ase,train
-9waJ0kweuU,ase,train
f4dHjZtloFs,ase,train
zvp4lqsZOF0,ase,train
zuIMoR-n92k,ase,train
jBPQLRHLOOg,ase,train
sXM-G7-239A,ase,train
q1pBu5HUXqM,ase,train
MQac5B7rHN8,ase,train
P3vlDJfJyCk,ase,train
Wzi_zTzKSBE,ase,train
28lbgFJJUKI,ase,train
V5Hjq3aGAwc,ase,train
jN8Ta2FtPF4,ase,train
YJJoYkFPmds,ase,val
0CvE7w0yb48,ase,train
h9t2WsGyg5w,ase,train
CHqju-5hWhw,ase,train
U7VkP8mRbjc,ase,train
lVLcYmQSfYU,ase,train
gHhMBFsO8Ac,ase,train
T-3x8-zNYaA,ase,train
dwaZK1ROupc,ase,train
Lc3rHCxCqvU,ase,test
N-NO1E_vqEE,ase,train
OCOwpwdw3Ww,ase,train
ExDLNkDVsxY,ase,train
yKjtkCEnbms,ase,train
WPl7o920tiQ,ase,train
6DLCoC1MWi0,ase,test
vn1fR0rBRrk,ase,train
uvDi78uTVAw,ase,train
D34D6X-yPkY,ase,train
ywPcaMWuTdQ,ase,train
Q8mmbuHuPUs,ase,train
S3QkL2Hz8j0,ase,test
9xNhbYwShNU,ase,val
k0dQdQS-PYA,ase,train
MG2dFFh1Xik,ase,train
dqLagbidFRU,ase,val
XlQUuEMuTt8,ase,train
7Cwg5IsdFBA,ase,train
xvjsgKXLn8Q,ase,train
FIk9ORlPi6w,ase,train
BmNNtab5M2M,ase,train
6efCoYN9_hg,ase,train
G4sFaLq2Zhc,ase,val
GVWLwKq59YA,ase,train
xQycN9_4S5M,ase,train
ZFfTu7ON0E8,ase,train
Y99tYKXHAB4,ase,train
I62SwMOpayI,ase,train
dJn_fkrzhwM,ase,train
xr3v_8SLnow,ase,train
cNmJhIV6d98,ase,train
S5ZTI8k59YQ,ase,train
u-yLZvuJoaM,ase,train
Yg-HNKG9exw,ase,train
piL6J9CzgYs,ase,train
4aFW4DiYKCg,ase,train
Qu_9vc9tzMY,ase,train
LqjkfqQbH2o,ase,train
KRbdfFkoxu0,ase,train
EbTozk9d-C0,ase,val
tMsaEcK3Irs,ase,train
5JwJDJrFP5s,ase,train
1cET8UH6RGg,ase,train
vp9hfS8rsdU,ase,train
tAFvmKPHBpA,ase,train
weZnK_FmDkw,ase,train
TjP-o3L_pkU,ase,train
NOaY0j9RAzI,ase,train
GTkSD6L6jyw,ase,train
a98sNEEh0SY,ase,train
KB0o1D_9JRY,ase,train
s7wfWuLlNBg,ase,train
heJwLAwERYg,ase,train
9Bhcax9qtYc,ase,train
Yx9VZPsO8cA,ase,train
5x68QW9O68o,ase,train
FO62q5flc64,ase,train
Qq2vO_l1ULE,ase,train
OtojNsoGjGQ,ase,train
IvknnBGB8uQ,ase,train
UCkErHPPBnw,ase,train
MgOzMI5ihOw,ase,train
uuZimWWBlSc,ase,train
9VR3nyVl_-0,ase,train
L6Pd53STI5g,ase,train
kq_Na3EGlLs,ase,train
4MWPlmFX8sk,ase,train
_cPWvaT1AlA,ase,train
VzdlnOJcKas,ase,train
hpduEDkIeN8,ase,train
5KbFOOZDQJs,ase,train
JVTsQBVL0eA,ase,train
CmKRhytwdzs,ase,train
2STv7x4XU5g,ase,train
U0qG639Vx-0,ase,train
9tTyRUVQk3A,ase,train
eWqJ1-dxUfk,ase,train
DaMjr4AfYA0,ase,train
ny1kb_C8lZ4,ase,train
OqNHUprSKRc,ase,train
r4jsQdoW1bw,ase,train
ftO1NPso5Yk,ase,train
Bu7fPDWlBWo,ase,train
oX8w7Ttqc2Y,ase,train
Vkq-9Q_Jd9U,ase,train
5JhpWio0CzQ,ase,train
hrh2-J5--4E,ase,train
_oNjaYGVOko,ase,train
rkX-d6wE7y8,ase,train
sleB8CJMzQ8,ase,train
AwYQ2_L5XIE,ase,train
yizRk2CP9gs,ase,train
ahnnJrsUXbU,ase,train
1ky1L6jzdAQ,ase,train
iLt0bV-AIOk,ase,train
QzedyYl-x2U,ase,train
j4ENwiIrLL8,ase,train
iFPBw_h2XEo,ase,train
rkYC3yX7fT0,ase,train
-EbOHeRYREo,ase,train
AL1WGh1yhKE,ase,train
8GppAAGAJ6A,ase,train
mo8nAKICCbQ,ase,train
jTwlirF08e4,ase,train
raobtfoMdzM,ase,train
36dCCAHYgok,ase,train
Letvw4gphgo,ase,train
3GXIBwgAYzQ,ase,train
EEh8JmoKm5M,ase,train
t_mc7iOc6PM,ase,train
V6VwxD8tqEo,ase,train
DTxCvcK0M1Q,ase,train
iuGzFw8E6og,ase,train
rrzS2NFOBhg,ase,train
RpNgpGL20hc,ase,train
j_ZXJujjZ0E,ase,test
l8elszU3IKM,ase,train
lFvQBBSNEgw,ase,test
ZvPt0XOnfKQ,ase,train
slXjkfjxciU,ase,train
JuTkqz0VNmg,ase,train
hlLxXfsDrrA,ase,train
QLa35G5cHQI,ase,train
jAOQQOebfuI,ase,train
Rr1BOTU2mhk,ase,val
fouUHQtAMDI,ase,train
fXr6cG2mDYY,ase,train
Rf1_2PIdGOc,ase,train
3z7ZpbfPaQY,ase,train
-wLZBRiDdJA,ase,train
DJjqxV8p-ZY,ase,train
ZZR_Wbp3Xsw,ase,train
tTYsf-Gonsk,ase,train
UY_qLhC-hE8,ase,train
eGQbo9fGJWM,ase,train
Q2lacxR-kiM,ase,train
vVi3rrPuxQg,ase,train
An92Wcs2K30,ase,train
_2j6q8SOZyY,ase,train
3EpfC2mLdlk,ase,train
vrb8hvTGQjM,ase,train
S3meirjIxUA,ase,train
i02cSjHVGl8,ase,train
MKUAjxvcKsQ,ase,train
UtCyMZfnJok,ase,train
fco36oZLY84,ase,train
wuTldEj0An8,ase,train
eZF2cNvfb7Q,ase,train
zcJ1yy40xno,ase,train
eds5srYEDE4,ase,train
BU_Sw89agEQ,ase,train
NWwkAsV96aM,ase,train
aDAGI0D7v14,ase,train
UDUs8pa-uIE,ase,train
wudGVbqvua0,ase,train
_Wbi2BxqlhI,ase,train
3UvIIW8IAzQ,ase,train
GJjjP4LfgL0,ase,train
hdz7qRTo9EU,ase,train
19gmQZa6v8k,ase,train
B3p-wahC1pI,ase,train
pfbSeMxS06A,ase,val
JM0RI0lGfL8,ase,train
UCr6qGcfP88,ase,test
77i9sDjR8Tc,ase,test
WTB3kjPjZtY,ase,train
kPhuyZ6ddho,ase,train
BpTMr00K9ko,ase,train
t-VkWrCIvNY,ase,train
QB4_--8j9Yc,ase,test
8NN9iXjZ_-o,ase,train
l4zq5MJLMhE,ase,test
VKLh5vpBMow,ase,train
AIhf2PNW2Ac,ase,train
nLfjy5Xc918,ase,train
p2x1VfOlBm0,ase,train
Pqenr9kpbmY,ase,val
Yq7P7LfJtHw,ase,train
NQDPgeJu734,ase,train
rSXd0ZCDskk,ase,train
tG2QYcOmj34,ase,train
kc0QBUt61xU,ase,test
FFWu8uhOIFU,ase,train
EJyEb7wu2EA,ase,train
sRMlFRv-e2s,ase,train
1wWh42fayfg,ase,train
ieK1A3e5woQ,ase,train
ASykP3e_N4A,ase,train
-OCgBxzoDac,ase,train
4rAtN3RepSk,ase,train
AUmWjgu5zY0,ase,train
cC2wCiRfoAE,ase,train
SK-HGdIzphw,ase,train
n5_3xNn1ACE,ase,train
2jS6r1T92Rs,ase,train
mNe47Q2Ajv4,ase,train
bh9x4Z-5VyI,ase,train
N6r0UzS_I0U,ase,train
HYBYSTOjJSM,ase,test
nVgIZSPq7cM,ase,train
xG7omVcpeT4,ase,train
iPaSf5jo0o4,ase,train
3h78VxX7De4,ase,train
1uz3vYd3o6A,ase,train
FRcu6sSXzrY,ase,test
K3g_Jv3RrDo,ase,train
OeSrmaMIQho,ase,test
fYROO6HxUSE,ase,train
1wQ44ypM1k8,ase,train
wRP2gz9sBL8,ase,train
ed73uL8cWEI,ase,val
FDSD_91Mt08,ase,train
D4mMrxIk8kU,ase,train
C20io0umx8A,ase,train
CvKtytn9ox0,ase,train
1gQsld3z52w,ase,train
2MNOPWzI7LQ,ase,train
YjVV_TAm45U,ase,train
c_DkfGJlmkY,ase,train
AmGsZaumDYA,ase,train
7SuNN9bM1oE,ase,train
cK0cwBySIRQ,ase,train
yj-rfJ-PhYw,ase,train
fZma187vpEA,ase,train
qyvtlginuGc,ase,train
4GhaRcsrQm4,ase,train
PJItu2Vcrog,ase,train
WMl53FV052U,ase,train
CeJ7ky00zS8,ase,train
o-Rh4TCYJhA,ase,test
l7IJ-oRuiwA,ase,train
QaDK8qduaxI,ase,train
0tis6IBzN-I,ase,train
nYs943rg9oM,ase,train
HoL8TavF03Q,ase,train
hpDA70ujgaA,ase,train
GEl_oFzHyJo,ase,train
ndJdNJH-VAE,ase,train
b6nWdQhc-Hw,ase,train
-IjP1jwfR1s,ase,train
avZHcABL0GU,ase,train
05qJXAwdptc,ase,train
6hvzYJ8Hrh8,ase,train
b4e-GyRhZVc,ase,train
6hU8lU9L2vo,ase,test
JoMUBcfRLFg,ase,train
XuEgkrTreVc,ase,train
8fYVF3pPasQ,ase,train
D_K4sgjDNIw,ase,train
j_V_l810pmE,ase,train
Y6E_r7sreSs,ase,train
1zUrig_s5pU,ase,train
rBNUou5ZsBM,ase,train
Qj2t09mU3Ko,ase,train
MGEaUyPwgrg,ase,train
penN30ftl40,ase,train
w7RYFZ_wHEo,ase,train
aeofcDPkih0,ase,train
Qkbz2zluZl8,ase,train
5azC2xW0Mc8,ase,train
9MLE_BAspOw,ase,train
hs9TMJoPenI,ase,train
BwppKOtoK4A,ase,train
ZFBXHp80Oec,ase,train
uL0F8dMjQao,ase,train
1jbiQpI0TM8,ase,train
osUbLHwbdSo,ase,train
gdiMvYnaiyg,ase,test
nwE7Osb6xc8,ase,train
xx9pFPLwZQo,ase,train
1NNpTjkA-Vc,ase,train
KPWp_S8fo-A,ase,train
WT5FR9huTm0,ase,train
GwZKoVinSTo,ase,train
kNuhsCjfdPI,ase,train
tLI1aPih1bo,ase,test
w2LP6cWue3I,ase,train
GwWfMGVuvHk,ase,train
X_evXFReuHo,ase,train
FeosiJa_uoY,ase,train
kHpfcuh_rao,ase,train
EDVlHXXZuV0,ase,train
AHppi4FwKj8,ase,train
Ii8A03p5q9Q,ase,train
BXpM6LH7kBA,ase,train
i5N00xvxAGI,ase,train
UDTvw2bmdS0,ase,train
VGuRBA18pVY,ase,val
ghLWgyaAdoI,ase,train
n1fPWsdDkKU,ase,test
SwEqzSYNN14,ase,train
XAqEVN7AIKo,ase,train
rkxqof6NxaM,ase,train
7JR-Z3DB7dY,ase,train
zEW2BhJhx4I,ase,val
J4WvetPFy6g,ase,train
P0dObEoPkeo,ase,train
OUDhisX6EMU,ase,train
zGn94559Yxc,ase,train
IL4dLta6pyg,ase,train
I8Ciuu5exhc,ase,train
Xou0rJz9R2E,ase,train
_5yyM7VOYY8,ase,train
_7dYN4zfPy0,ase,train
wrjksECCKCU,ase,val
7vouCzNfICY,ase,train
N-AvyhE0aEA,ase,val
_zizpzhGECI,ase,train
ggEYfNpOD3w,ase,test
bFRQc1jkvVc,ase,train
wOK4nBQn750,ase,train
yU1G0l1lgO8,ase,train
xAaAdXdMnfM,ase,train
IodBec1qFfE,ase,train
BVbVgMY7IsA,ase,train
OwrShPYOACQ,ase,train
l5oS6UtZ0S8,ase,train
0udTXFEOTp8,ase,train
a5E0hEHGdo4,ase,train
sx7nB8iS_2w,ase,train
lIzlXveQK_A,ase,train
UlmRPXz9twk,ase,train
-b8VzJIjbkw,ase,train
yEiBNbenVZM,ase,test
dDwVbsvt-Ro,ase,train
_Rqyc04lL4o,ase,train
3--WciJ3-I4,ase,val
wL7PCixLpKY,ase,train
LRhX7oeQ1ZU,ase,train
ugo9wniG5D8,ase,val
fOY5rapZn20,ase,train
GslHTcfMtzM,ase,train
AJLyE0vUB7o,ase,train
YNDDwEETYJ8,ase,train
vqNRj45rR-M,ase,val
UtruZwmrrIA,ase,train
bSRFmqAqUhE,ase,train
xFBtELrs6nw,ase,train
ZQtH3QzfV28,ase,train
Cf_F2LLT2UY,ase,train
COKwRiFPG0s,ase,train
7rUZO71gBS8,ase,train
Xq3qbhzOoUE,ase,train
84iu7THCu_A,ase,train
fgLh0WZh9pU,ase,train
EgE6mBn_JtE,ase,train
qEpN4KMR0N4,ase,train
evPO4PBhOx4,ase,train
o7hGVjDWJU0,ase,train
atmhXS5jUmM,ase,val
E0NWHcljyI4,ase,train
Zth-GVzp3ek,ase,train
sv-m_DKDOTg,ase,train
3Yp1vQwpBUs,ase,train
3v0A16nY1P8,ase,train
0tQRCmF1lhE,ase,test
Y0EslnQvrGg,ase,train
Q67mFce_v9U,ase,train
Y5Hh9hf4Z0E,ase,train
v9xHL8Fp648,ase,test
ugoTQGMS_5o,ase,train
GaUUCqiMHRQ,ase,train
Y0TESE0mClU,ase,train
zzH8akG1FxA,ase,test
HeY9pVfbR1E,ase,train
qZ9NvPECXFQ,ase,train
l2rjurlVgXQ,ase,train
_wNEJ-cxCuA,ase,train
dBQh8kzsNeo,ase,train
fO4R8dpX1pU,ase,train
DNPqBDe7pAY,ase,train
Lwjc36yaXMQ,ase,val
gtKysIcdcgI,ase,train
jEWwm0R_pKI,ase,train
DbyNfBwPGtk,ase,train
75iciNFxEsM,ase,train
lHxhDGlmzn8,ase,train
UgEYkvpsAnQ,ase,train
aQ-fOcPS-mo,ase,train
xjto4sk9fH4,ase,train
wCj1WR2ct8s,ase,train
IMTYz6UuvLM,ase,train
pIwYpvrQQFQ,ase,train
iLx1H4Q6oIE,ase,train
AWz18g5r9g4,ase,train
m6RBw6LbssE,ase,train
Uf48GhnjoFI,ase,test
CnQmhUa5dW8,ase,train
5w2uzL9-elE,ase,train
ZcZ5Zz0grMY,ase,train
-HV6JF-7Suc,ase,train
LZzw_-Q2GDk,ase,train
JkuZqy3yeKc,ase,train
dP9eBxhzJCQ,ase,val
4x-y1RBxqPw,ase,train
D6-QlIzOniY,ase,train
On70x2OEE_A,ase,train
z974LyRWeEQ,ase,train
92XKzYPspng,ase,train
NIvdgm73YOA,ase,train
GYlqnzX01gw,ase,train
w43Ug7vGGvY,ase,train
sVc8wbrfjWI,ase,train
KcoHDOlE7_I,ase,train
eKhmm6Z-ZpU,ase,train
jOXdPLKz22I,ase,train
Brl8-d-lTdU,ase,train
fT6AB_h6x84,ase,train
fT3BK1S2s8s,ase,train
l77MqxFsv2w,ase,train
nRTIekdk-yI,ase,train
VUbXPxLj6fg,ase,train
fMcXjy0d3Xc,ase,val
-toZLgPr-7E,ase,train
FQEp3JYlru4,ase,train
3ucoQx_3l_k,ase,train
wpvvWibMIDA,ase,train
7T1umcntZTA,ase,train
qB-2o3PCjnQ,ase,train
-Acy6WxMaeM,ase,train
AGNgSKHBkaU,ase,train
A0yLFbUE9WE,ase,train
apap_zkiq28,ase,train
YQdEp7thmks,ase,train
Hri_tzPO1zc,ase,train
DG7gR60bxa0,ase,train
YJyaqxl45Sg,ase,train
LdVusCjiqiw,ase,train
wv3h8lPwo4k,ase,train
gFxncG4u8IQ,ase,train
V12WwUwrsxA,ase,train
5NHgcT-kGqo,ase,train
N1JCuwIkExg,ase,train
OX53YTRuLSc,ase,train
XletV_q3RT4,ase,train
lXvixyqvSqk,ase,train
kSBlYjdts_8,ase,train
mvw1OJIhUSc,ase,train
DdYfeMR7k3A,ase,train
UEqftX8fwno,ase,train
nAYwcKl9LWw,ase,train
UJSUvylgkeQ,ase,train
66VDsxPC_EU,ase,train
ycoVwwNxS4Q,ase,train
NFGxr9nYR3E,ase,train
wB_QG3MM_zs,ase,train
RhQvlq-mZtA,ase,train
NWzSGaqaBPE,ase,train
7aUa50q0GcE,ase,train
AAUIEzMpDcQ,ase,train
3Pe2tVHkHvg,ase,train
c49qWjgFtRI,ase,train
_t6Z15JQyk0,ase,train
nHnqAu_1K-c,ase,train
m10mAr-mD2w,ase,train
eppD0e1GTH8,ase,train
AszbK7zEsSE,ase,train
RDMAC5Dubfw,ase,train
kUrH1LvMOiw,ase,train
rykPol3teIo,ase,train
D3vS0TafyOQ,ase,train
L1wH9idCe8g,ase,test
AeT8Z9aVvPE,ase,train
v5V07eUidbo,ase,test
ne0aH1pMEBE,ase,train
q0NAKigeyhs,ase,test
uB9vrn4d8QQ,ase,train
jl77Ws2IuWU,ase,train
KUSj-Xk-CBU,ase,train
ZytTGjk30O0,ase,val
ghj1gXDzM70,ase,train
gyVs8kdylxY,ase,train
7cEtmTiPyyk,ase,train
UhUgt5jqRLg,ase,train
CFyEvF6wkEQ,ase,train
KF0g0HTGtQM,ase,train
dieUvlQnaks,ase,train
CbI-U6JEFOk,ase,train
pXWJS89qP00,ase,train
4uT5dsTN4sk,ase,train
5cZnqZFZ7Ho,ase,train
WI20ntgF_XA,ase,train
6Cf9K3grwXk,ase,train
EGAzi-UtlkM,ase,train
hjV26CcXkoM,ase,val
RjX30NrngVk,ase,train
pZnZQNDUiLQ,ase,train
zKvu8vXrC-Y,ase,test
jMv8R1V90Zk,ase,train
EDCl5ZX_zdA,ase,train
tSws1B_2C18,ase,train
i2YxzlGooeQ,ase,train
rxwsO_SLOPA,ase,train
UDaSf-XAo3s,ase,train
zX_TELDOiDk,ase,train
56n3PZ4Syrs,ase,train
Q86aimnRsns,ase,train
6u2G586wS-o,ase,train
39WUKURehFM,ase,train
LFw8mfc70yc,ase,train
0wxkOvaatTs,ase,train
NQLpyDVw2Rw,ase,train
9MnxkXHAE54,ase,train
ICM6oCxQleM,ase,train
t7jit2TTS_g,ase,train
wqF7OgfAIDI,ase,train
JcC83WAL1Nw,ase,train
MalAqx7wiE4,ase,train
1Ov5Kuhijeo,ase,train
kgTg2-xjp1U,ase,train
eGGP6ns70UQ,ase,train
dSht8g5noik,ase,train
pAvvVmbJtEA,ase,train
m1qGsQ5hvLU,ase,train
wOzk_k4cij4,ase,train
n-acs93XAb0,ase,train
Rtv_2U2KkKA,ase,train
KgQjhGEOvM4,ase,train
NUZAJgKcAuo,ase,val
MZJd52UY7JU,ase,train
CdZ6jTw4Byg,ase,train
asrOlvIEl9E,ase,train
iOg20AUaBpI,ase,train
yjb-o-2hGJM,ase,train
vXVLH_11FfA,ase,train
pi9vboTNdaw,ase,train
dQx5JcD0VOM,ase,train
Ne4EDKIonLU,ase,train
RvcVCeU_7xI,ase,train
7010Pzl3REc,ase,train
9RQ5Le0jMkk,ase,train
JGhi5HstDNY,ase,train
2FaG5Ek166w,ase,val
ALpDrq7MWLA,ase,train
USPduOesZOs,ase,train
kmLu8mJkCtQ,ase,train
JdJiBy0vfGE,ase,train
QC7Jkyt6-gM,ase,val
3ss_OZvCQLI,ase,train
QAnjaKkZKRs,ase,train
uvFrG6saoQY,ase,train
9i7fvhuWIAw,ase,val
ivyqQreoVQA,ase,train
rxCuLUkFQ-w,ase,train
e3rrkRQIc9w,ase,train
zZuNhVRbEHY,ase,train
NbNbQLJxsM8,ase,train
yU4qY8t7hSw,ase,train
S1DIHemrxPw,ase,test
8UXKhKpFcN4,ase,test
oU1Y8TvMpP0,ase,train
_OZP3s7bM_o,ase,test
9ePhZjPJ9ok,ase,train
8fnI9ipDX3g,ase,train
lzFWyZJPq6M,ase,train
WolwcQ2pd7U,ase,train
FX9-tPUCCo0,ase,train
qCIX4u2JUh4,ase,test
WcGJ3kIHs40,ase,train
CCezOxy61_E,ase,train
NNVNXGIwWVE,ase,train
dhnYUBE3O2E,ase,train
4gkoOnKgEAY,ase,train
MCOAfpj75U0,ase,train
at3SVKrqDFU,ase,train
jyf4QqxoMco,ase,train
Wc_ejgU4fKE,ase,train
5OQaJcyenPQ,ase,train
n8YUQDWwz8g,ase,train
CFarnh7mDGk,ase,train
STgnvVEmbas,ase,train
egcQ1AXRPjw,ase,val
B8DdReip3iw,ase,val
0W3wXxl1Fwk,ase,train
UKZ13doGEFQ,ase,train
DvkEzyzuEb0,ase,train
ethzKsdzq4w,ase,train
86xGqXhqQDE,ase,train
DJf6Lgqfhu4,ase,train
b5aOl35dbG8,ase,train
ueUYX4Hx5kI,ase,train
ZqAb3ruPRzk,ase,train
I3mXyi59Ses,ase,train
q6x2AySM7-E,ase,train
w_NnH3rc_1Y,ase,train
2dHbhuSEPis,ase,train
2NnciUlOeko,ase,train
RZq1t_G2lqw,ase,train
gDytZYiPqVA,ase,train
xtBHm-8tQsU,ase,train
dgcT77N7rWg,ase,train
_X3_fSBcLg8,ase,train
tbI5i8pQ5Ag,ase,train
pj4N2jJ3rIc,ase,train
BYtBxaly7nc,ase,train
2ig2RqqUuGE,ase,train
--V4sopRhw4,ase,train
hvYuJWqs9PI,ase,train
dRmf8ExRYtY,ase,train
lkElG1NA46I,ase,train
RoAbXpktmRU,ase,test
MvgExGjwFEw,ase,train
z2fMcnw_IA4,ase,train
36-vtR8m8Rw,ase,train
M7hSlpydGVY,ase,train
9haXqpkxgRs,ase,train
cla7UkUjb-w,ase,train
8cig8-ycb3o,ase,train
yJ4zLPPsM0w,ase,train
XPYa_9JjpkI,ase,train
F7Nmm51IWXE,ase,test
EIXJBK7YCr4,ase,train
CMAfWWzGG3o,ase,train
OQkyJ22tals,ase,train
P4h22yuT0v0,ase,train
AYXMhAwCrXA,ase,test
2GGuNEpQceM,ase,train
YpWj740Vqso,ase,train
8ZCS_2-I7J0,ase,train
-bEOC4B8uXY,ase,train
jIdjUfHvvGU,ase,train
GfeNNUZC-EI,ase,train
1DjWCmuLKgE,ase,train
KWI-daG53Bw,ase,train
omUGrg8qfAE,ase,train
uOjfPFVG-fA,ase,train
OFgANEnHB2o,ase,train
Vnxt2XmKWII,ase,train
PswP3WcwN40,ase,train
J9dm6alv6uA,ase,train
3dPbl_Rx9MM,ase,train
XyZxZg_zXDo,ase,train
SAaSzNHmKEc,ase,train
gVsDPdRa5-c,ase,train
vPW4LF5B0TQ,ase,train
Z9elF4apmiA,ase,val
Bz25rTr3Hk0,ase,train
jRMX2sphQT0,ase,train
gGc_p6SQiN4,ase,train
1zs34PV9OkM,ase,train
QfAT970a29o,ase,train
QL03cMWyE-s,ase,train
yMP8MAxmPtE,ase,train
qNT6jPr4mlA,ase,train
srOoORiq5wE,ase,train
bcSJPXs0S2c,ase,train
sqHqsRhXcFs,ase,train
iuzCDd_6lyQ,ase,train
e9w3KB2vPx4,ase,train
vCwd0r30lpY,ase,test
Awr8XL5busk,ase,train
CBJ5UP-vxjI,ase,train
rmT7oVFjAPk,ase,train
O-Wvfkv_dos,ase,train
hTKXQKj7r5I,ase,train
Ux4J7B6KK8g,ase,train
lvns1U6aSgA,ase,train
RaTR-s2JxDo,ase,test
mVEbvvkakks,ase,train
72sHRN9euoo,ase,train
6O-zFF64RCE,ase,val
hCf85_MLyCA,ase,train
-RDJcQomVBo,ase,train
xbkdys2c4V8,ase,train
J-SsY6NmGto,ase,test
q1hBdJnKsTU,ase,train
FBFTFNDdUiU,ase,val
yighNc8znUg,ase,train
2Tf-3zU5kxU,ase,train
CjnS_fPFtEk,ase,train
VQkgVW2NPMs,ase,train
ThRnhxnr3Qw,ase,train
L2KJpnXWlU0,ase,train
eMjJvKiAm54,ase,train
RdQTpQ78r3o,ase,train
2SbGqUdxJbY,ase,train
C38G0AXAIl0,ase,val
3izt_3C7fXM,ase,train
xnRj0Ueez9E,ase,train
5ysjqFJjLr0,ase,train
b-sXPTrL6RM,ase,train
Ps2dI-xiG_4,ase,test
VJximEVbCnE,ase,test
fAdQzF4C8So,ase,train
I_5V5rKxYzM,ase,train
wAYsznk3GfM,ase,train
CDassiafLP8,ase,train
3h9xu5UF2CU,ase,train
qUHmih_oDx0,ase,train
GQs6VFsf8RM,ase,train
7Yq3PG6vhWM,ase,train
ZHSJhMFzZqI,ase,train
dMWUG5x4ypw,ase,train
EDDQnj0kF5Y,ase,train
JVSfmvzX8Og,ase,train
97bpJFoGTys,ase,train
VKIVGkcJyTI,ase,train
lt21P_y_pcA,ase,train
ws6nTWI5xCo,ase,train
u1SBTStcBnE,ase,train
TDFMvpGX3fM,ase,test
3OGy7QjzLmc,ase,train
3SZ1w2UTkqQ,ase,train
ebmMWgdHy1s,ase,train
ju1-PPDSZ3g,ase,train
etqfDhHHsqo,ase,train
6Bcp3dNPqkk,ase,train
Z9KL9W1lj34,ase,train
M_haClR79vk,ase,train
ozBGt8-QbzA,ase,train
thqcHq4ckuc,ase,train
ENlmzMl4DM0,ase,train
dktKPPWAhgM,ase,train
HIJs1QcCqdk,ase,test
aZe_sCnBgTA,ase,train
JSebhjs_lrk,ase,train
csdoJxTMjHA,ase,train
jiBp6zvFX2g,ase,train
Zw3PybljiAw,ase,train
2ejWzp2faAA,ase,train
Sw7lZpiTlt8,ase,test
WLXW5D2u0Ao,ase,train
MHqcVt4poIE,ase,train
h0bQrwXm-BE,ase,train
qEH7ntUf-pk,ase,train
mwoIjQqTy70,ase,train
iSyUC4tsVU4,ase,train
v0R3vbRqv7o,ase,train
cg0nBh0si0Q,ase,train
_Sr31ByQzmo,ase,train
qGR_oiVxcO4,ase,val
0rF-F0tPKLw,ase,train
qrc8IYWpo_Q,ase,train
VuRtK_KIRaE,ase,train
M03gaJ1Qkck,ase,train
WWXgza9mujw,ase,val
sPzbyXbtZL0,ase,train
utZObPIKENQ,ase,train
GjpcVhn2QqU,ase,train
XFOwiclmApg,ase,train
3oFYnCrBfaU,ase,train
eh_Y6XRljk4,ase,train
rV0dOrLh0bM,ase,train
hmHkMMz00KM,ase,train
S_qdzkRhMHo,ase,train
JuSTda_AeLg,ase,train
h-DgCfQeB08,ase,train
E3MKo_aA1A4,ase,train
dB8BN6pi-TY,ase,train
apLuS2VNLxA,ase,train
WWgA9xmw_Sg,ase,train
_Q0HDYBVmgU,ase,train
SDigp05JV_o,ase,train
iOjnonVaG3A,ase,train
7_1niIcqc-I,ase,train
rNWyOtcr2Fc,ase,train
5CA7kIQbLN8,ase,train
kIF-atRxyGw,ase,train
-qArbQO5rNM,ase,train
r4AX4bArB-4,ase,train
OVGA6K6K9hw,ase,train
-ulbptDunGg,ase,train
hFCXyB6q2nU,ase,train
U1G4GaX1O20,ase,train
pAerDdpe9w8,ase,train
953f3wXoHFw,ase,train
YuwBCLpcU44,ase,train
jimmbOuVOd4,ase,val
lOkx3ikOZPU,ase,train
h94Oc4VlNvM,ase,train
7r4e0AnFfIA,ase,val
l0lzPJnckGQ,ase,test
J6vo-FDqO30,ase,train
vF2w_Sczo8s,ase,train
3oOzZryjCLM,ase,train
QE_ULifKb9I,ase,train
KHM-mgFuisA,ase,train
2Tgl8gxz_HA,ase,train
herrr5HNaBA,ase,val
_wwt0VH6y8c,ase,train
lbKaM5i1PUM,ase,val
4gc6fwXwFV0,ase,test
G9_Rut7yllw,ase,train
jojGmQKhTLo,ase,train
XlydB3y9Uec,ase,train
ie5nC0elJRg,ase,train
VStcVuXDsdc,ase,train
IKpAJCYYKA4,ase,train
bh_syEe6SVI,ase,train
eybQ5i8IxzU,ase,train
lG2L_wKJeo4,ase,val
MS8cyBlQn8s,ase,train
XooBuNPQrPQ,ase,train
nIKAkv0GYO4,ase,train
QGPIAXpN8uc,ase,train
ljfqmyi2GdU,ase,train
35-h2dH-sf0,ase,train
UPAyyHdUM1k,ase,train
fFQlYTrYOfU,ase,train
GZH1P6k9_1s,ase,train
Bcco2hDbUr4,ase,train
eV1Uw4r8ls0,ase,train
bAptpD7Vl84,ase,train
FcyhvkyQewI,ase,train
onvsc1mmtBI,ase,train
qWpS-_cGp34,ase,train
w2kPw8woLUY,ase,train
KYTwxjXHkI8,ase,test
CBIrMwQvppA,ase,train
eXV18VWI2-k,ase,train
ZwxYoubQn6g,ase,train
nNaRvaFON5E,ase,test
7z3uF03sdtw,ase,train
UXY7QIG2K5A,ase,train
EAdegUx3mlU,ase,train
Vm_L-nszVFU,ase,val
Zcm1vBl7Ows,ase,train
F-EgR7vtx9s,ase,train
Vg9kIFlaPHM,ase,train
zABfRr0ETa8,ase,train
8JUcmGjdzcE,ase,train
m3KtIezq0-I,ase,train
s9IquBrtwZU,ase,test
Z7IodcZTCs8,ase,train
xPb8AD1rON0,ase,train
OOit-RY_oeM,ase,train
PxQt-NIoQEo,ase,train
3wBZOQfpXWY,ase,train
SgOu4hVGnfk,ase,train
4bLd9NNVSqk,ase,train
WuVBNSmxA3s,ase,train
A5qyK962yak,ase,train
Z81u7JP0Unw,ase,test
7OHUQbBmm6U,ase,train
xkAwplqbxSk,ase,train
hbrz4P24BEo,ase,train
q6JF2zIIuDc,ase,test
eWrSpseju54,ase,train
pY1eGBXHk2M,ase,train
OHjlt4Q-S3k,ase,train
3_TWJCoDIVA,ase,train
3ZqyH6907T8,ase,train
lnyxnDGIcD4,ase,test
aAqKBDJwrcU,ase,train
iKC5QaxNEI8,ase,train
SB6DZV-Ev0g,ase,test
fErSCbeOq_E,ase,train
WEal0D9jFnk,ase,train
-IpTsfnThMc,ase,train
4kLNDG9j0m4,ase,train
o9xLmJy1Tdw,ase,train
DF-tsmq5e8Q,ase,train
YJE-bVt-ci0,ase,test
45bVtWZdg4A,ase,train
8C16ozIiwjc,ase,train
z3XbyGeIvqQ,ase,train
3zExRnpYT0U,ase,train
ZUF8iPZNosc,ase,train
t0n19lwoQKg,ase,train
IyUXSfgvc48,ase,train
4-M3xo-BkAE,ase,train
tCq5z8Kc9SI,ase,train
ymsCY_c2O34,ase,train
4avr8Dc7i6I,ase,train
DKtOA8muAnw,ase,train
fxjIuda32Fw,ase,train
YepN-x-uBuQ,ase,train
CXoyt2NNeQ8,ase,train
6IpM9X9eVvc,ase,test
Lt9pIJmZyJ8,ase,train
UQlIzjkMtmI,ase,train
-Hr0TyDWnxM,ase,train
id_HAlDh44k,ase,train
LHj674kHGKo,ase,train
6kEtXRo9i9w,ase,train
EpjBww6l3ms,ase,train
bSJ_yfVZ1Wc,ase,train
wxzlkF74qmA,ase,train
3POeu5of0xk,ase,train
Y9YGhKzST-Q,ase,train
ZUId4Vl7yck,ase,train
VXz2xCb4z_0,ase,train
VmQ1UMuLdWg,ase,val
R7lxeMiHzp4,ase,train
Jo8Gx8YIhSI,ase,train
TfMjVgUgVh0,ase,train
DT6E2wEkBQo,ase,train
cwMSojn_m4M,ase,train
hQJCl2qKwEA,ase,train
NUPNCg0eKAE,ase,train
Ukc7yUoWWtk,ase,val
sn79_mj-tTc,ase,val
gDz9vAZH9Mg,ase,train
8FInN_07oxc,ase,test
a5IkcDdUxwQ,ase,train
9-IwCvFzT1c,ase,train
sM4bMVMuc3Q,ase,train
6V1xAb5Nx2U,ase,train
tCeuf2sZO28,ase,train
2CBMZcrvOdA,ase,train
0BRZ56GNarM,ase,train
P_nPWmlL51M,ase,train
9tpwey1hROc,ase,train
4bfBlwqHA_8,ase,train
GMWmoXiFJ1I,ase,train
soLsrjfFRJ0,ase,train
gjokkvwDdiA,ase,train
_vDW3oSD0IM,ase,train
7ZPnOwluOrw,ase,train
1HBEGIOndTE,ase,train
fF808PcfMI0,ase,train
00p2be4Gv9I,ase,train
0KPBeiUGfUg,ase,val
fUlWG-qGFis,ase,train
xmRNZFaiG1c,ase,val
RVOug_r2BwM,ase,train
MCufXqq72Vw,ase,train
HKrigxqKXHs,ase,train
J5JZ-mtel_8,ase,train
-TtP7XW613w,ase,train
DgGnYsQRRqY,ase,test
tkMg8g8vVUo,ase,train
EeG2NnbDwdY,ase,test
Et_kfOiESyU,ase,train
89GMXufKDOI,ase,train
qKlhoZG0PlY,ase,train
dVnu1v_07GU,ase,train
o4FRV3RzV0Q,ase,train
_qFC6sz2Zk0,ase,train
9ATi6iC14qk,ase,train
8gS_UnxAFvw,ase,train
Mlb-p2veP9I,ase,train
w8N2Yavk92o,ase,train
jZlBlJln0PY,ase,train
sU-M2fw2HSQ,ase,val
MQQW-wtrYB4,ase,train
bkrQ-7qoJr4,ase,train
6S11hSO1wrY,ase,train
azvw8NiuXuw,ase,train
gBEdLJ1-E6Y,ase,train
Z7tV_W8eSmQ,ase,train
I1USDWNtCnY,ase,train
0P0K2aXq_q0,ase,train
Ced8L39L5FU,ase,train
AVPl_ac46eA,ase,train
arotenepRCE,ase,train
V3VmToCW_18,ase,train
cks28NSNK1c,ase,train
eXWZAMUjsNs,ase,val
dDzz1WlFpJs,ase,val
7dWf7aNpFto,ase,train
Xh-8AY14uU8,ase,train
_vEj0th2O2Y,ase,train
iQYlF4AC2iY,ase,train
1wZ_kWRjc-E,ase,train
f3RUeZQI7Y4,ase,train
sHA1fbpA8bQ,ase,train
vRMSzkZAb94,ase,train
tymKLr4n4fI,ase,val
XjHrLtFdUa4,ase,train
keGRl4JmGGo,ase,train
dO8Mpb22ejw,ase,train
Ss8vuYXb0vw,ase,train
6ZWvfLQJ4Iw,ase,train
JUMqK5vPgz0,ase,train
SrqxsBAfQcA,ase,train
wJoT02Ycahg,ase,train
uJG2f6O2D7g,ase,train
_lWBaVa6Yy4,ase,train
wEfR7KMgWrQ,ase,train
pWF4yEPWpaE,ase,train
VYo3A8ChO84,ase,train
k7kZUVSfn1s,ase,train
ttIYs1mvYZg,ase,train
wJLQ-rDLYOk,ase,train
dFQ7KcEuDfM,ase,train
wgeR8I8M9Fk,ase,train
jeLHxfm5ozs,ase,train
3qo6kNiG27s,ase,train
u2nJDTa4m7Q,ase,train
kEszNJDfLS8,ase,train
A83IyAO6iJ4,ase,train
a8xR-NMrPow,ase,test
x5upbm3tJns,ase,train
huVcY7VlNrA,ase,train
uHMRStFPi0s,ase,train
7YJ-Zzuxr3I,ase,train
zBNw1xTqdxs,ase,train
RH2oZVnJbuA,ase,train
NQ5aPqFXysE,ase,train
c90MYzb3wy0,ase,train
QVMa2XO7TNE,ase,train
sr0XBFNM2Go,ase,train
xhCFGiWzzbc,ase,train
ZhvejUKeSzg,ase,train
TIUmyRzJGEM,ase,train
xqSnug66-rM,ase,train
JQsoZtZDB4c,ase,train
tHXaLP8aTsY,ase,test
E2KrSqF-gcc,ase,train
Rhp0UeoRVaw,ase,train
gxg65PxLC7U,ase,train
tiZr1Ke69Es,ase,train
vZgIFed8Jbk,ase,train
vs0cMRuQ26o,ase,train
ZiNewwhqNYE,ase,train
IO4Mva8y3Ok,ase,train
4m2eE_yGmek,ase,train
nO7vjs0AWx8,ase,val
MazOKVsiLTE,ase,train
SeXD0sQ4ykM,ase,train
MLveO-Nunas,ase,train
NB1GTWM2Ua8,ase,train
kUlwbbZY6aQ,ase,train
Ys-DPEfvFnE,ase,train
sHEzF1msmMg,ase,train
G0QoQY9BCfc,ase,train
WcTe__riH7U,ase,test
5QokwWvvPIc,ase,train
XTEub1LWuew,ase,train
ycEPuhlupO0,ase,train
4odaOC3oZio,ase,train
2ZPlVaRxxL0,ase,train
_-4o0zcmo2I,ase,train
TF4woMSKZHY,ase,train
gekmZFM23kY,ase,train
d4NMwmLAFTc,ase,train
EVl3ocTIL9o,ase,train
3RbL8WPM7xE,ase,train
5bhEaS-KaQo,ase,train
K8LahRY0o40,ase,train
anYkrutv9uE,ase,train
ZXcrwHhoQ7o,ase,train
lMDjO1Jr_xY,ase,train
W_UDnDB80mc,ase,train
yGxaQc8S9Js,ase,train
uKVRdqYNQXo,ase,train
BeETZjhLU8o,ase,train
ffQhmhZ0Dfg,ase,train
P0HvxffT0Gk,ase,train
3OaQ-cZAueM,ase,train
LKv4nOMeemc,ase,train
Euq9aZFhqGI,ase,test
xWt1M03gdYE,ase,train
9rByhoJylnc,ase,test
9aq5_VzNxvg,ase,test
131a-N0DOuk,ase,train
fVwYfrq6BdA,ase,train
wWqBj3D3Uuc,ase,train
BvlR43fQBjs,ase,train
c_pBZRML9wI,ase,train
OQ9qcTJfzeo,ase,train
e-54-_tWuqU,ase,train
_dWtDh1GE8k,ase,train
oRka8ySzkxQ,ase,train
e63aNw_SsGA,ase,train
xN9egWptQ_U,ase,train
X8GLE-aDlz0,ase,train
IDGFyW8NM0k,ase,train
wDuLJm3VFsM,ase,train
lzHAx1KeuVk,ase,train
V-bIwiXNyTI,ase,train
KSkNeSZSlWw,ase,train
pJkHJ7W4DJY,ase,train
SaUVc7jhhfQ,ase,train
S4OrwSYiwl0,ase,train
L2zGI_o-uYs,ase,train
PSqxz-OmT-E,ase,train
fV7p08iEIB4,ase,train
o_jjlN24UCg,ase,train
9xxymFxhbJk,ase,train
8pR5prgV2oA,ase,train
dAwSiW_14Ko,ase,train
f_oMstOUFAQ,ase,train
X4PkBUChuAo,ase,train
TFTtMlfHsb8,ase,train
ODeLBjhrSJc,ase,train
oowLCRk0_Yo,ase,train
rAVxqUOFa4k,ase,train
TpEOrSXcfxw,ase,train
H3W7xa46D20,ase,train
rxRNc4rhiwg,ase,train
e-OqtmEv-8Y,ase,train
vpw-KVGvUA8,ase,train
MtiCqghC2V4,ase,train
pBLT_19brbU,ase,train
N2mw0263Nvw,ase,train
azNvPau1yoY,ase,train
LDOiYJfu5FY,ase,train
RLNTpJBrXBQ,ase,test
aaKDjhBRLY8,ase,train
Q0gfYYCnyhk,ase,train
tFfGFLOK1sE,ase,train
rPAUDWueNPc,ase,train
52ZriQ1Z97U,ase,train
qOWwpLZ3xf4,ase,train
jSY8xBh5wA4,ase,val
XEmgLOzt4Vo,ase,train
_X3f5ewQUeY,ase,train
Js7iuPSHKjQ,ase,train
wg6p4K4WNxI,ase,train
jfO7q-qEOnY,ase,test
YNxc-iiZotw,ase,train
7D2gt5FCeC4,ase,train
SJe0anv27E4,ase,train
47V_z33izP4,ase,train
lgEU0rPmKog,ase,val
g9evsWxAr3U,ase,train
Ji-1_33_5Ck,ase,train
2zuBt7ZR4TM,ase,test
nMyJzZIhSW0,ase,train
lTYY3saxTos,ase,train
iWJgaNo9Z04,ase,train
pTMa7WMReyk,ase,train
DTJTvteF4uc,ase,train
M_dyoVFFzuU,ase,train
XkTNIOI9FFs,ase,train
s2xJgfOn6FA,ase,train
o2VOTyWhSnY,ase,train
qzjVxb4dACY,ase,train
exk-qIRNw7Y,ase,train
LFf9TxPZ2Xs,ase,train
PkS4Yyh_vuk,ase,train
eBkzZg-9hd4,ase,test
inbsXPmq52o,ase,val
tlUZKsbXNcI,ase,test
uKVcATFm9Sg,ase,train
ZI3Yk215al0,ase,train
UlRyKsP78qQ,ase,train
29KwekCeoCw,ase,train
9p6eojPZWu4,ase,train
4bVux9Ni2_0,ase,train
fhBgT8DEPeY,ase,train
4aOm3KWVZFY,ase,val
FW-FxSgM3mw,ase,train
iRwol0JLksw,ase,train
gbnXu91AiEE,ase,train
PpKJpKpEpy4,ase,train
bkyTMPWvdEQ,ase,train
I_tAef7xgr8,ase,train
5k7YZO5nR0U,ase,train
YrBEWpOlFJQ,ase,train
jE6qpXmh4VU,ase,train
UxuLj17UyDU,ase,val
rYg8cdR5dt0,ase,train
iY9DDldcEwI,ase,train
61q-PJr_UvM,ase,train
yXfIcGcIpO4,ase,train
CgBSzRIXvE8,ase,train
lS-BRdfgStQ,ase,train
H3eHAKpTF70,ase,val
p2xuU6C_p0Y,ase,train
MGAHzF8i4DY,ase,train
xQR5y_xUtpA,ase,test
KlQ1YBnMyKM,ase,train
5QO6BTt9-T0,ase,train
3TU7xovzhMo,ase,val
FKcrtW0JkyA,ase,train
qk27ZCHABY4,ase,train
8GcwJ3mZEgE,ase,train
qATuIbBufYQ,ase,train
o0w3_w6VzmA,ase,train
Z1XbXReP_UY,ase,train
ktkz1BUzs48,ase,train
gBZ4NirFDo4,ase,train
KTURNRi-wy0,ase,train
51b6A1NYEjw,ase,train
-ChOGBEL5uE,ase,train
ctcBSA-293U,ase,train
t3jDMiQI5uQ,ase,train
IE5RqBk8Nrg,ase,train
gzqjLnXje8g,ase,train
cpKB-GHYAOo,ase,train
LNEzl4vTVyE,ase,train
Taq6D_AKOl8,ase,train
sUC-XDC5TvA,ase,train
3V24F9lvHKU,ase,train
dvTeh2o8BjQ,ase,train
CaPskXAkgJo,ase,train
Z7Z6RzQ4vCU,ase,train
1v-MqrbC5Js,ase,train
PgrN3IWv91k,ase,val
iPz69Df6pBM,ase,train
fvo9sildXos,ase,train
7rcbarZ0Z-g,ase,train
EL0lXGrXFJg,ase,train
1-saQGg__0E,ase,train
2qLS_mXdrh8,ase,train
Abj2Yj4vbtk,ase,train
7CLG9cN8ujs,ase,train
CkWIOay05mU,ase,train
hFt3V1idFc4,ase,train
daBAFjSxPpM,ase,train
pl6PUylArwo,ase,train
LjsGFIUqGGM,ase,train
3i2DRkx2q-0,ase,test
UIAYf-tC9g8,ase,train
FlaSVihNGU4,ase,train
c6XoNo1NKRQ,ase,train
zoujMUHrQqw,ase,train
_nz_sivss20,ase,train
ZgUBU0NNEDU,ase,train
RMUydgQr9TE,ase,train
kVIt-qr5P2s,ase,val
Zw73N_j0eRg,ase,val
1kNszi0e9XU,ase,train
FDIb-W0DDlY,ase,train
DvY3NqQ_idc,ase,train
19UigxUqGnE,ase,train
jCkiqY7Sxxs,ase,train
F4m13L3rL9k,ase,train
WOoFI9xmBNo,ase,train
K8T0-zeB3jc,ase,test
FCk3PlYqoZ8,ase,train
5LuS-TTg7rA,ase,train
MZ9-QfEfB64,ase,train
FWc_-goPDiY,ase,train
-O61XJs7z1o,ase,train
CJcFBjT7fkc,ase,train
eLpHf9bfdsI,ase,train
bmrxV5tz39U,ase,train
tm_348pmKUc,ase,train
As2gPXlizCc,ase,train
Bz3v2D6T8qw,ase,train
1-G5t0JX_kY,ase,train
H1UmHjF8WMg,ase,train
7_7CfrNR2dA,ase,train
C9DxMSiYdv0,ase,train
7uqGLK2WvUY,ase,train
VtC85XbERek,ase,val
CMxi3u6ycn8,ase,val
g9AxLTWQUfM,ase,train
Lxs2OgzZen0,ase,test
KdUS88D5bH4,ase,train
MMrbrr_TZF0,ase,train
eDUjUpxKIcY,ase,train
ul2433gf3xA,ase,train
qVxNP9TnBjY,ase,test
5PL2c0jpLsE,ase,train
_ctxQyX209k,ase,train
bO6P4mxad4w,ase,train
ccfxt67U2-Y,ase,train
JPoym4IPPrA,ase,train
PDpBGEyxta0,ase,train
4rFnWHYwX1E,ase,train
RMaFgHjK8gs,ase,train
fkykAstHE8U,ase,train
08NA2-E3evU,ase,train
AY5qRY4s3_U,ase,test
6QoJyYaYl0g,ase,train
kIi2WxFjI_U,ase,train
eCtjvSGJuEc,ase,train
bHrfAFwMIys,ase,train
4GwT54dbNL8,ase,train
OpT_LBkzmnQ,ase,train
EjA87SLnRKQ,ase,train
JvIVuCzoARo,ase,train
f5Ku8IWyXOA,ase,train
QpKebaPJTIU,ase,train
AV6oZ4aKJ74,ase,train
9Tu5zp3ch-4,ase,train
zF5A9Y_1CDs,ase,train
VKRJLRB1v-E,ase,train
CnuFSVSGU70,ase,train
yNQpyTloYJg,ase,train
9pAEg9kLVVE,ase,train
Q6qBVErD0Oo,ase,train
0Dd0BrKN-AY,ase,train
TVgWi_rF-xM,ase,test
IKbP27wKpSU,ase,train
us9Hv37MprQ,ase,train
qmXmcxAE6XQ,ase,train
c6FBYX95LuY,ase,train
0rcaWhLNlXg,ase,train
D1IqtsfE0PY,ase,train
IUmboVea-0w,ase,test
cVyMno7lBBw,ase,train
IEMRBYjVvRU,ase,train
IoRaZLDQtZk,ase,train
DZbQ78bxeBk,ase,train
J0G530HSjM4,ase,train
EbQjjCg0xc8,ase,train
8BQ2Q3iD3I0,ase,train
90A1kJ54Peo,ase,train
Hkv_sKbzq2k,ase,train
B6goMzelF7k,ase,val
oU8O_54clPQ,ase,train
TPc4FzlI3i8,ase,train
xk2U9gNsxjY,ase,train
CPzjPwRDVG0,ase,test
QrmTICvm-Q0,ase,val
AdkorgAQqng,ase,train
wAkdeTxaAd0,ase,train
ZMLd52pPBsw,ase,val
cN1GeM3Sp5I,ase,train
GX9tbKtYKjk,ase,train
WITdgSWPlsg,ase,train
Rtq9mxIfZPo,ase,train
c6cJWHOK948,ase,train
eSHm82jBNpM,ase,train
Ce5LhZNuT-U,ase,train
0ZDzvskXwJ8,ase,train
mDbShU9-fo4,ase,train
e-1PPHQee9c,ase,train
iH4s3IKzfYU,ase,train
YHU5jS-WTpY,ase,train
qBQ7UMoQD4M,ase,train
Dohactkq-fY,ase,train
AumVAJWXd8k,ase,train
SC484m4Qrw8,ase,train
E7avmuF3RXk,ase,train
z9PKHSDpvoA,ase,val
zacVubbsFxc,ase,train
jYoSy8Kqblk,ase,train
ctoE9p-Or40,ase,train
05Wx-O2e2Ac,ase,train
T_nTVB2ZYCs,ase,train
IPx9Fh9KpG8,ase,train
1bz_coBUQ4w,ase,train
2zLEHd991Kw,ase,train
cY2cw_TyFFo,ase,train
haYH3Mj3-CA,ase,train
OcD7V1onFGM,ase,train
FV7dnxCBSIs,ase,train
l1UtHQvES-k,ase,train
nBbyqP0XiCc,ase,train
Hliybw8mJec,ase,train
cL3o3944IzU,ase,test
FxKFu58Fs4A,ase,train
0eWSVw0GxLI,ase,train
Gpp2MZAD40I,ase,train
lddKxSSpalE,ase,train
BFnS6zTBcEk,ase,train
kJOx03HggXk,ase,train
c6pOMY3KWLY,ase,train
rLP-FdfthwU,ase,train
k3OrG6cYbuk,ase,train
pFcAE_MDtaU,ase,train
qvWIpEMRUKE,ase,train
BE45ctJetlI,ase,train
ts9yawPimkM,ase,train
AgpulHIdCXc,ase,train
0qRV0ujlWSc,ase,train
bHAANg9aU5Y,ase,train
nqWAaAQYtvs,ase,train
a7cf95cYKMY,ase,train
G1_Smq087Ak,ase,train
ErBs5bCzcK8,ase,train
B5-jBODeoXM,ase,train
gwNF0I306rU,ase,train
56GYhfEs8QM,ase,train
YG7xRthvHcQ,ase,train
qDSXyXr-j0w,ase,train
gcXDaBUtz8c,ase,train
mdMK8TfyBjo,ase,train
Vn6_IMkj6xo,ase,train
YRV0KLkQW_U,ase,train
xq46h44dirI,ase,train
viXAblZQLpA,ase,train
WHKfVNTYm-Y,ase,train
EE3gFhAVb2E,ase,train
7DhwocwS5G4,ase,train
gJf7iRAzTew,ase,train
WWUuY2wJ7wg,ase,train
TtsTzs37sw0,ase,train
yRo9nob2FKk,ase,train
GNxpIr-BXDg,ase,train
RTLxuaUhy7k,ase,train
te0na8YAQTQ,ase,train
dpN1dQkUnek,ase,train
AK8qo5ZAgeo,ase,train
mMp4kB2s0tc,ase,train
U_eUY9dtAsg,ase,val
vQkau4pfHAg,ase,train
qqZzGi8NGZ0,ase,train
F_wlPOPz_gI,ase,test
eAvLzl5eqFE,ase,train
WIVIKvjafxQ,ase,train
WekpsqgCs_E,ase,val
dzgjuGnqoCI,ase,train
uSeGh0hwKoQ,ase,train
ayucMhr_hKg,ase,train
4h4RTnvEMq8,ase,val
3q4OZdDN7-w,ase,train
R5Xdi6yESKs,ase,train
fU9F6myA67s,ase,train
Ss7ZdcE7D0A,ase,train
ZfVWSrwIVZQ,ase,train
CadDBENm3V0,ase,train
PY2GdF5ZTsY,ase,test
ai85Mx012Xg,ase,train
JJQ343I0DcQ,ase,val
wcOzfMuH0uE,ase,train
nQO4Nk5BRto,ase,train
rpm_ZsY7lLc,ase,train
zy_P3NpEFKc,ase,train
DyNYSniGY6Y,ase,val
7TQB29PBDac,ase,test
U6LNeJLLbvo,ase,train
JbH0yfPya4A,ase,train
4hljcLW-JfA,ase,train
6wDquqZwb1o,ase,train
DBCk-0OKBHI,ase,train
cCP2QS1JAIk,ase,train
eRQuY0jLKdw,ase,train
Z22O41kBzqA,ase,train
JCKYGnBaEi0,ase,train
7EZtN3yd5_s,ase,train
FjxB96SHWDo,ase,train
oRvnawkVvas,ase,train
LTXUySKNEvk,ase,train
SLnCxThqR0Q,ase,test
fMm9CV6b6lA,ase,train
vEzEUimZ_6c,ase,train
af7TZrRs-eQ,ase,val
HLN92Z6cADs,ase,train
2CHf5pBoZqE,ase,train
NCvzD7Gjsss,ase,train
3QURUfXj494,ase,train
RweL71dATaU,ase,train
s-ER2_BpO8U,ase,train
HAa9Jj4XJcY,ase,train
mGoVkHEir9U,ase,train
ThrMMDAuPZ8,ase,train
VKcZk_hJc5I,ase,train
04cPvb0knJ8,ase,train
-NVr3eA7DXE,ase,train
MI1nL6PVQF8,ase,train
S8RCxExLxpA,ase,train
1KAB0nigMeY,ase,train
ITv9X90asaY,ase,train
PGlfkNwG_io,ase,train
uqbZBFv2S4k,ase,train
ujG0YBYyB6A,ase,train
eg3qPOcDSxs,ase,train
18v-cIjBKSQ,ase,train
ia3hyThxsHs,ase,train
QNEbXgOq7iY,ase,train
z3V2fUyYsnI,ase,train
7gAQUq0Nl6Y,ase,train
CL9zmOinqrk,ase,train
wuOgY0uEHak,ase,train
jJY8Sp6KG5I,ase,train
38cSzQ7PdLs,ase,train
4iN_CVuZH_U,ase,train
2v_PUtOee-w,ase,train
i-SyjBVlLf0,ase,train
IrOMwoA0hCA,ase,train
aRavUawgnes,ase,train
mhXfGATsG-Q,ase,train
ozGxaaaq418,ase,train
J-WBxZA7QTw,ase,train
LIFkY7Q0tQ8,ase,train
Jc3BoTnGoTg,ase,train
ocvJFqLiND8,ase,train
YCcCkyI18s0,ase,val
nCHsV8JORCI,ase,train
n9d_a8fFV3Q,ase,train
64af0IOIOT4,ase,train
nk54kKmZNNY,ase,train
z3xM3J1e-5s,ase,train
558nIQC0HX4,ase,test
kUCe6X4_5ok,ase,train
T9Jiyxgz7qE,ase,train
jj1UAKTJBXg,ase,train
SSEinMQI9rg,ase,train
Ke2_CdjNA2I,ase,train
GDV82K6-N74,ase,train
O6vkE__W7LY,ase,train
ST1MoQZLKz0,ase,train
kBLH1Y3GZ6w,ase,train
uP7C9WJDF7o,ase,train
RqJeQU7p88k,ase,train
ucY2S8PTPGE,ase,train
YQ4Vcg-4RnI,ase,train
3EFxi5bVkLw,ase,train
fDzSXgIeZ1g,ase,train
u0rhx3_g8DQ,ase,train
AXTEfTJKfRY,ase,train
2vuhQrSToBU,ase,train
Rvg9-lbUjT4,ase,train
tYbefaglYzI,ase,train
eg_ysICQ65A,ase,train
UVlPNQxdDok,ase,test
5Xbze7jMcM0,ase,val
8n2oy_pMrfc,ase,train
J0dDJGf8BbM,ase,train
nZjWrWNR2vg,ase,train
xwTCnX7Hdjc,ase,train
_aqktnYMg18,ase,train
Sd3h4ODXNy8,ase,val
TTRAy7v2q5c,ase,train
B3EbG4Pkcuc,ase,train
QwT6rUUwZTQ,ase,train
yxgUvzvRKfE,ase,train
yhNnPHA05WY,ase,train
UMWNBwp3SEw,ase,train
BHLv8-V77P8,ase,train
btztnnbz3Fk,ase,train
kVoeKnYtXl4,ase,train
fbOFb7w0kMo,ase,train
gYsRoESI6Es,ase,train
wCTby6Z6RD8,ase,train
nz-OhMIqBe4,ase,train
oa_wl6IAZvo,ase,train
_rgIdL7g8UE,ase,train
vvjlshEF8F8,ase,train
bcDtnY6WiM0,ase,train
cqo1xxWyXUI,ase,train
hm70wXKIzGc,ase,train
FkFsh24D3oc,ase,train
76OfdtFXrFU,ase,train
IC7Cr2bVUJ8,ase,train
-DOOuIBOd1A,ase,train
XtCgj6-ReLE,ase,train
TaY2wzEJkC4,ase,train
LgsgDepgROw,ase,train
d0ggwWLSiTM,ase,train
JKdTptlkUnA,ase,train
skMNZwjoqzM,ase,train
RVDwTZiFp78,ase,train
ap3HbLnBwZc,ase,train
SNISIdV4V7g,ase,train
fLAaQ1Jr_rA,ase,train
5g9xwOH290c,ase,train
VOBDIpZnI2I,ase,train
6fSoOlpPKt8,ase,train
PDmLeOmzbCk,ase,train
YlQQxs24Gec,ase,train
ITvR_KRmNVk,ase,test
Qx7QNUPYfN4,ase,train
4uYuzZSGl1w,ase,test
Xu8DVFZxAcA,ase,train
QlaXlmVQBG8,ase,train
ZdgskLpohMY,ase,train
6SDaIOVMZqg,ase,train
417Bj2zYncA,ase,train
NoTOaMVSQbM,ase,train
hUV4HI5Y9ds,ase,train
lAwgPPd9x_I,ase,train
Gnaij2f3lvQ,ase,train
afcdP3yaqL0,ase,train
RnpoGSGnXPc,ase,train
1N6J5Sq31WY,ase,train
Nlm9BEyCyB8,ase,train
g7KTE7klVJY,ase,train
rrVwliansQ4,ase,train
aGLSkA16Kr8,ase,train
mwOQ0-gy3YI,ase,train
CJsSFWouW40,ase,train
U7xG514vobc,ase,train
vfy4_DawtBg,ase,train
wuDRQ5FccFw,ase,train
sLLW7wj23aI,ase,val
nOaSzdOscqQ,ase,train
zsYOP1hhvU0,ase,train
38_CaOQiLgk,ase,train
nylmv8V6c8g,ase,train
ab82k4Yg8jo,ase,train
fprV9eLNqwI,ase,train
sbLEiYnmib8,ase,train
wztQ9wqTc_s,ase,train
xwH00Lb_v_Q,ase,train
tIVu413xT7s,ase,train
AvULygeMfWY,ase,train
e-PT03rkc0I,ase,val
GlynZatFlBY,ase,train
y8NR9D_h3xA,ase,train
NnviK8MBhYk,ase,train
Sne5G0e5IYg,ase,train
3s7TnwfKSN8,ase,train
rbtS8h7f5bc,ase,train
cf5WtewHGho,ase,train
-En0nJiY5_A,ase,train
LSnImODmYlU,ase,train
WtuWZ-OUtXk,ase,train
SOYRClZBlQ0,ase,train
V9eWCq2KHcY,ase,train
5o_LSjNkOQE,ase,train
bTI8SUrosdk,ase,train
W-wGhj54W-4,ase,val
W3LxmDbUAHo,ase,val
4P3sL6Hm6m4,ase,train
tTx80MQPRmQ,ase,train
3nEqAMvW0lw,ase,train
slYURo0sBo0,ase,train
RlVaXol57Vc,ase,train
s_wPamo0hgo,ase,train
LWG5Gy0EM9s,ase,train
ibH1jCbg2HE,ase,train
jGaqc7z768c,ase,val
WaD0z0wolSg,ase,train
PoE7P3nvQSo,ase,test
gEaaVvWTJ-k,ase,test
C2ntaYGQHi0,ase,train
XE24US7_Qm0,ase,val
d9ZcnDOaV7k,ase,train
fBqLk8BC490,ase,train
rhzXvWYAJCg,ase,train
iSivHxAApDA,ase,train
IWpIfVx1nlA,ase,test
rLXXBV0IyJ0,ase,val
PHkJDh3-7iI,ase,train
GWQmN6m3gDY,ase,train
EDMQaoyfQVE,ase,train
Ej9WKacXbFc,ase,train
cT641JCn99U,ase,train
RU295XDNBbo,ase,train
VheVpfs0aTk,ase,train
BjktJ_xc1EQ,ase,train
a82GFZgOICs,ase,train
EiFqX1KNFjo,ase,train
-nczU5hu3iU,ase,train
iMuAUnmqIfM,ase,train
KbiuzJ0sFS0,ase,train
yRT9iiF6eXU,ase,train
pC3Sx_YADuQ,ase,train
tpLTyjyakD4,ase,train
VjxeiKFzmMs,ase,train
FehFYFQr5Wg,ase,train
067k2DOhhf4,ase,train
eI2wB5gyGDM,ase,train
YfKvS7Oj2NI,ase,val
RXetg9NqyLA,ase,train
hePxFcrW08I,ase,train
_eGnvA-zgXc,ase,train
hStn03G0JUQ,ase,train
DErsGJU0KuU,ase,train
I5_JxiglNZE,ase,train
31cJ_drdTf0,ase,train
INFidhYrenA,ase,test
z8XvxSY0n_I,ase,val
jTu9ZUrJAqY,ase,train
rIoFpxAo93U,ase,train
ygbomsuVpB0,ase,train
K51AXUWzWbY,ase,train
Z9y0EargRww,ase,train
uNkuR-IoAQA,ase,train
g9-GKdtOJlQ,ase,train
D7cpwp0BORM,ase,train
7V7AzAU5RwM,ase,train
S90dqBUxTwU,ase,train
ndwk9aM3wwY,ase,train
CU9wrCG9ot4,ase,train
2QWCDsAkn-o,ase,train
krJkuNq8jnE,ase,train
NUUYmNjD1VU,ase,train
FK_hHQ5IKbI,ase,train
74omnb2ydLk,ase,train
Jr-e3cV5tGg,ase,train
Fpd0eeAAtgo,ase,train
P071B5sPCvg,ase,train
2vmolKJlto0,ase,train
z4Ek5kp8YNE,ase,train
H88hOs2gWW8,ase,train
BEhE6ZRaRSw,ase,train
r-mGnWKMAuM,ase,train
7rqY-u544TE,ase,train
ZoTRY3u-oAY,ase,train
mNsKBjLd8Ms,ase,train
U25tZmAnrwM,ase,train
jwzw6otE_UI,ase,train
kN2FA6zXA_Y,ase,train
bZReXM1Pe0c,ase,train
OhWq7qZbAvY,ase,train
ioVMYgHQSzY,ase,train
l4Uo2DrUPbI,ase,train
lLU7YJ4bWts,ase,train
SQVm-jzLCu0,ase,train
v4_JFzCEJqM,ase,train
RWqV2SmvNaE,ase,train
xZ0Y8qcOU_o,ase,train
lsy1zDPT0Oc,ase,train
cdUAkxXRqDg,ase,train
Z6v5erVvwAk,ase,train
iYMohOxNH0E,ase,train
mXoq-UzYjnI,ase,train
bStKUqXxvUA,ase,train
3z4n1ebwHX0,ase,train
eQeInuWV4nc,ase,train
j8LZz0CGemE,ase,test
p2fCVJQxBOM,ase,train
B9Twe863FB4,ase,train
flkLLdK3c54,ase,train
elMe13AgI7c,ase,train
f69SVCpStog,ase,train
SFfH2Ng6RF8,ase,train
rZkVH_dQQXM,ase,train
u-mRQ6kcifk,ase,train
WIy2KoN6Wyk,ase,train
hPBNuq6Az08,ase,train
rRl60Bh5CI8,ase,train
nFKWQ6zFqvI,ase,train
LhJ0yIYPqgA,ase,train
w54-bzPng5o,ase,train
rLA8PS1YPMg,ase,train
7RhLgHptE_I,ase,train
9wj1dpt8NWU,ase,train
19tiilYtsbs,ase,val
89ja2zQ0I6U,ase,train
Ojln3VCf4Pw,ase,train
zRNWUMSODD8,ase,train
DkQgxyzAARc,ase,val
gCS3LgzaK74,ase,train
Dnz3Rz05ba0,ase,train
xOWPCvO35ZU,ase,val
7GfoEin2Lso,ase,test
87osR5njsLk,ase,train
3fpcFEubxLk,ase,train
yNN_n565FRo,ase,train
3vBArm5y3EM,ase,val
182RxC-rQZw,ase,train
Pjflt6TwXvc,ase,train
Js0U4VKQ6YA,ase,train
a_Hl58rSI00,ase,train
Wc7bO-VQ80o,ase,train
CqHGXiWoceM,ase,train
w99i7YKrGk0,ase,train
fJqy5wqBkSg,ase,train
BULDi8uwXss,ase,train
fK9R57ZyssQ,ase,train
Bqdd_3Gd43I,ase,train
IISkIztfodc,ase,train
FyOagpugj1M,ase,train
xocAwPw3d-0,ase,train
0n3aQQRvX_A,ase,train
Kc0sQUj9UF8,ase,train
G19-31UpCss,ase,train
1IETDSh58vY,ase,train
bxh5Y3EsBpE,ase,train
vEmtdxaTIac,ase,train
sBc6EF1yFyQ,ase,train
i-WlzauXgoM,ase,train
XJC_jVkJqH4,ase,train
Wq2sXZ9mGEY,ase,train
AjXoWpt-W7Q,ase,train
jv5m5Z2rUp8,ase,train
Fu9rezUpkM4,ase,train
6_99QnfuVms,ase,train
jfTMlM-62LU,ase,train
sx0P4imAhv4,ase,train
IKLM6fCkHfY,ase,test
FoUxtrgWLf0,ase,train
y504TvyBzvc,ase,train
FcBzwBuktfA,ase,train
ydEak6dbXM0,ase,train
GZt6opHfEWo,ase,train
KBWCX9QWcD4,ase,train
0JaL8sOQhvw,ase,train
A2TpA4cpneQ,ase,train
0oJp4HiGlqw,ase,train
AL-iFa_Gl_Y,ase,train
gnDxW6erR9M,ase,train
CyECb9YxitE,ase,train
NaquAb39_rg,ase,train
7W7UydINsGg,ase,train
-mjvpu0uNd8,ase,test
LiSLbnXbvng,ase,val
oOkSSJbNv68,ase,train
ctcinxwbcMQ,ase,train
EovmEMDNQY0,ase,val
4IKRQSTErXw,ase,train
E1YfVzqsSLg,ase,train
s20Fpia89MY,ase,train
oWhGr1wbyso,ase,train
H5fwZyrnovI,ase,train
689vmfYsFyk,ase,train
zKP9QXLXjAw,ase,train
M28OdInCcPY,ase,train
jBOS5GmQGTw,ase,train
tMTW2s6tb0g,ase,train
VLglbJlHKos,ase,val
PjQHt7vlIe4,ase,train
8pvuShCdsSY,ase,train
s5viJbM5Yh4,ase,train
MwuzdLhcomE,ase,train
6UBndyjRUKU,ase,train
5fn3GXSqby8,ase,train
otVWpwW2msQ,ase,train
o6vFnG4ct1E,ase,train
vNuZvTIKuoc,ase,train
Tu7n3SgY_E0,ase,train
mGskgwIkBBA,ase,train
2Jk-LnStEvQ,ase,test
pqbANiixLlU,ase,train
cWhULsnK2JM,ase,train
hjIhHrMWJVo,ase,train
A52us2poAIc,ase,test
TIR0-HqyRrI,ase,train
sap5aAJlqhA,ase,train
rFrJALY7uYs,ase,train
6IL0t6WV9-g,ase,val
wqPvEn4PEIA,ase,train
uU3qTOWkGKU,ase,train
5cS9H4HgBgk,ase,train
tiwuDFK-Q0Q,ase,train
Igjz4F014Ls,ase,train
M5gd0giPm0w,ase,train
MXfNUAVa7aA,ase,train
5luHKrd7O6Q,ase,train
p66WeuaPbnQ,ase,train
VO-2aOKOsmk,ase,train
_aGsK37WNPc,ase,train
sqliQDykRFU,ase,train
OYl1IBJ-Hf4,ase,train
ODBC_FG0uOI,ase,train
7DlLtliZWg0,ase,val
7JWVHnFO6TE,ase,train
_9kXo2P-doQ,ase,train
5SFvkOtF2uw,ase,train
47R1a-ctGIs,ase,train
9mZ8MubrI8o,ase,train
ldZS4ULw2fM,ase,train
fIkusAal6c8,ase,train
MbZjvAzbdcc,ase,train
9acSQUuXY7s,ase,train
-YfxUM9IwV4,ase,train
EHGSlvXnIIw,ase,train
lfMBBH8XtwY,ase,train
-r1YNAkxG-U,ase,train
yBcfZX--hMk,ase,train
pROND_vutOM,ase,val
vgN2CK4JNfY,ase,train
Xh7L2fSBoKI,ase,val
6R0OBiaHhiU,ase,train
VPt9mGxnL20,ase,train
i3wBUJu-bj8,ase,train
P3wJk3n4Zb0,ase,train
xf35hGqKFOg,ase,train
uMwwWC2UotQ,ase,train
Jkp8syLbDs8,ase,train
FE3ZwEN2RlY,ase,train
ClF8dzek-WA,ase,train
_qF3g_AArQw,ase,train
OqmGdQd6C4g,ase,train
-gB12jRn9Hk,ase,train
JVUOqbAMEWg,ase,train
qxjOArRvFrQ,ase,train
gAhGUvx9xNI,ase,train
apoOwlirP3M,ase,train
Wj_YsOAPwcs,ase,train
LP3LIu1plJo,ase,train
67C8WkVF2gM,ase,train
RYTuD7bXltA,ase,train
f3EpMu4wJqU,ase,train
HdChkXA11rw,ase,train
-05MRmp1i4w,ase,train
OqT2-IzCrfw,ase,val
AFqnbgaAhSA,ase,train
yvz1X9h_fiw,ase,train
vFXo0aQwons,ase,train
52Agg5gy2N4,ase,val
ItfYGtFkJYk,ase,train
lD8U0kmKADU,ase,train
M8Kf92wztJU,ase,train
4g1KM2HIZUA,ase,train
eIP83O2-csQ,ase,train
8ZVNSQ5RDU0,ase,train
UfA7IKbD_Bo,ase,train
twIkUBG8sxQ,ase,train
J-tpYMT881A,ase,train
R6VIQMYqxTM,ase,train
GnPzat3GPs0,ase,train
hGLzmJi_SE8,ase,train
bb27sLHiRgo,ase,train
1CzOg-MVqs4,ase,train
yBogjfFQNME,ase,train
BvQjtl0y5YA,ase,val
FNt4N8WFuVY,ase,train
cneYAI4szYY,ase,train
mIAsptsHG1M,ase,val
oKoUO1U_yzE,ase,train
aK_hcgVSoc4,ase,train
ZvxU2qcBNng,ase,train
G8UnVYvgsek,ase,train
k04PFQcM3n4,ase,test
6nBY2l4Q7DA,ase,train
Dt5_qUNLloA,ase,train
NKetQuRu0pE,ase,train
9O-e29ah_Vo,ase,train
SpwdAIHNssA,ase,train
Fn_6QEOUybk,ase,train
ub1ezhzMBds,ase,train
2EKVWMwZEN0,ase,train
ucSV3ZAMwrU,ase,train
MtQdcvJk0Fo,ase,train
JWWOPj5zOdo,ase,train
3mXKwT5Cgsk,ase,train
VJpyYc7n5os,ase,train
-locqT8YG7Y,ase,train
afXLkwtbeg0,ase,train
azfrgL0MGrk,ase,val
Du71OE4h0yg,ase,train
OcKefCuXyXI,ase,train
oUsewFqSMDs,ase,train
5algvYiLuSc,ase,train
pbxyB3McNOE,ase,train
LeuQ_7wYtBQ,ase,train
qbyhtEU-yXg,ase,train
_5JKMWAXkgs,ase,val
aEAOkrEQmcQ,ase,train
KNVulVPd2bg,ase,train
g9OtO-HzW0w,ase,train
XCJXsJN0DBY,ase,train
OCFJ9UNGFEw,ase,train
vQac1J2ZomM,ase,train
DA20I17VUGU,ase,train
FC1BePR9LjY,ase,val
7ZlEYZYIEwk,ase,train
8j9uVjcmlWE,ase,train
S5AiJ9U3Sss,ase,train
_ymvKHLZCxo,ase,train
WLfQVY_rwKI,ase,train
57xL-Kn_a6Q,ase,train
eiwLB4NczF4,ase,train
CxnX9l12Zaw,ase,val
_ZqJv_I3cEo,ase,train
Xp97occDpnI,ase,train
LDfmNv3I2GQ,ase,train
0eHVehWTtWI,ase,train
ezF6NY6RIkc,ase,train
h3eAv9tajfE,ase,train
aXTpM0oezig,ase,train
ki9HDmSFhrs,ase,train
LiZfFbMnByQ,ase,train
Bu8ZlW-2Nfc,ase,train
sKa_LS7JInw,ase,train
YfbCa7l3p0Q,ase,train
uSyugYRpQ9M,ase,train
QUySfvHRw9U,ase,train
qkqMBW47QHg,ase,train
cRL_gBi3UsM,ase,train
JvFeQBjtv7Y,ase,train
C6BSXMt8reA,ase,train
krIKEOXaht4,ase,val
xTgp7CX1mqk,ase,train
FEmA-yVGmO0,ase,train
vYWQ-92g4-E,ase,val
nRGWA8RKKU4,ase,train
cmnltYiqBNY,ase,train
6WRkAQJKsf0,ase,train
bhgQu7de-II,ase,train
JAbXzF2LKFs,ase,train
Ii8h73fOyB0,ase,train
rF6bQZxBNao,ase,train
_GFFmblbPho,ase,train
-2eTHYdyhCY,ase,train
kUpEsXgpFz0,ase,train
nYIpIv_qNFo,ase,train
2QB-YdxXSMY,ase,train
pfHF_AKRNp4,ase,train
_DxZQsc_Tew,ase,train
Yx_eEZgWh3U,ase,train
urJGQFxAnCo,ase,train
hUzGLG4nTYQ,ase,train
wCZ9wDG9zo0,ase,train
KiZNt-OfVIk,ase,train
i1cPO8AA62A,ase,train
G9z575cXy7s,ase,train
vkAzC9MSIYE,ase,train
75TJp8fFCeg,ase,train
_a4H1o4Ybv8,ase,val
GmEuBaW9F80,ase,train
RHX6d3dkedI,ase,train
hOw4pvpPJqE,ase,train
cXxg1dNDAMg,ase,train
tg36Rz1HQb4,ase,train
yR9uhyEsrUU,ase,train
dRnq3NXx4Pk,ase,train
4krdBuFEMMA,ase,train
DYBZAZrt0-4,ase,val
kE7Yyrg9GT4,ase,train
f8uoV0S-_nI,ase,train
9LAA5az3Tlc,ase,train
cFPkjKwzwZ4,ase,train
aDZVkX0j9hc,ase,train
V3hNJgdAHkE,ase,train
k1UyoA0PdpY,ase,train
ji994999aEg,ase,train
pgwDcLVNryE,ase,train
cfUhRAS4sXY,ase,train
Nj9qckc71Nc,ase,train
yk1bp8AM0HE,ase,train
Sm8t96C6wZM,ase,train
oBYXQHGHSKA,ase,train
mVF1EuNrSAA,ase,train
yvErtbn15wM,ase,train
74_FA5oD8ZY,ase,train
TRC238B9g3U,ase,train
_YRjnKrM5HI,ase,train
2f7m4cB-0JU,ase,train
Qtu37tHGpQ4,ase,train
vKTBhr1SdLM,ase,val
uS2-twcDTxI,ase,train
ZvH8UIb7gRI,ase,train
XPoP2hzwLIY,ase,train
vswMjAtpwkA,ase,train
t62imdy0mnU,ase,train
q5EirFrQOfM,ase,train
jikES4B1jOw,ase,train
ULTQPjq9u0M,ase,train
BqwQz2loERw,ase,train
VmWgRP0Pz2I,ase,train
QI9nXpvTTf4,ase,train
grqN8du3InM,ase,train
Ep9dPf7RhjQ,ase,train
wq1R7APJ_Z4,ase,train
KVCxrJrM_vQ,ase,train
MLUh7JLxUg0,ase,train
0-C1HkUepT0,ase,test
0773f4_VtVw,ase,train
Mpt7H1qt6sg,ase,train
lZYv8GxXjjM,ase,train
UnVdgscWbY4,ase,train
7F4kSiCL-Hw,ase,train
ri-hrUe6KAs,ase,train
Tofk6d46suc,ase,train
gp0dTjcTcY4,ase,train
bsmrgsB67vI,ase,train
GX2ON2CH5pQ,ase,train
_iirwC_DvJ0,ase,train
GvbV3Sk_e0U,ase,train
hbFfmBX7JWs,ase,train
Z80N_P6_6es,ase,train
o3mriTfiXVk,ase,train
tZzCdL5NaEo,ase,train
Ycyc6_65ZWg,ase,train
sleb-WKmBY0,ase,train
AFCmSxEWgf8,ase,train
4BFTOWMgAFM,ase,train
XeWgVng6Q5o,ase,train
wtBSBY91rn8,ase,train
gf7hEO5TmxM,ase,train
hRSP2ywiVmY,ase,train
0VsyxGx1-8Y,ase,train
ANbUIaRzmDw,ase,train
Olothut9A-A,ase,train
IsbtE_3sN8o,ase,train
CPgSx_amuoA,ase,train
vM8PZ7l5sRk,ase,train
3W8pr0tiijs,ase,train
fo5zjzwezoA,ase,train
3ML4x_33Mv4,ase,train
afn3KX3x2TQ,ase,train
0pQSjlMw914,ase,train
7623LuJiAdU,ase,train
notV_U6XVc0,ase,train
T9C4QbZ7qOs,ase,train
YVGghxcHYRc,ase,train
LzaPSlJI75Y,ase,train
maNCYLGlSD4,ase,train
uonZu6aPHhM,ase,train
WPb9neFJsrs,ase,train
aTBj3sh9bqA,ase,train
SNZUb-jLUuU,ase,train
2GGsKLviHSA,ase,test
MJZvSe-VNUo,ase,train
0XGfpv6PUq4,ase,test
CxhClo3VZEs,ase,val
7l2FlmcIlpo,ase,train
AYPI_Zb_REU,ase,train
T74aLFMGaQg,ase,test
I3-tpFEy28E,ase,train
76XaFz1ysIU,ase,train
rJeB0hIKDX0,ase,train
wDcAIEsH57E,ase,train
OCzK4TQjdVc,ase,train
snfaDkPxfts,ase,train
FhLplC2RUb8,ase,train
JvLFH-Iy6xA,ase,val
0dMMGRq3EaI,ase,train
gxH7TgrHoZA,ase,val
usfWKbgCGlU,ase,train
nwrt1vlxjBE,ase,train
Hus1rnqd46s,ase,train
OtpeAPvYYSE,ase,test
7TFuYF-v3tk,ase,train
MfLEaTlZLxQ,ase,val
wiZYeoh5C8I,ase,train
wRWsH1xBPSQ,ase,train
JKqCSg4aUAA,ase,train
Annxe8N51aQ,ase,train
dS7Q1VVWOQs,ase,train
zQWx3qaAuQ4,ase,train
GvuEibj7FGw,ase,train
SywUZ0DcHQU,ase,train
M20Jt4gNsWg,ase,train
QqD43eDG3T4,ase,train
pKs5msYhNeY,ase,train
buSmDdpJNAo,ase,train
eJ11L4HKwzw,ase,train
dmx_6CERYlM,ase,train
NLuHmHo6wZc,ase,train
sZ4wn4SMC5s,ase,train
0xLinXeAep8,ase,train
aJyp0g5pTYI,ase,train
vnaY1sAd6Nk,ase,val
GZI52dwO2AA,ase,train
Ff0KHd5DurA,ase,train
9Z55M9pYlOs,ase,train
HCu7F5FwCHc,ase,train
IET4fAzJ5I4,ase,train
EoByRQldF-4,ase,train
IHPsKUZzHsg,ase,test
OVYkksQ4xRQ,ase,train
3TEjYQa_4DU,ase,train
Lk4kr2hsvRM,ase,train
cC34NNDkYkY,ase,train
ALLSkqP_-EY,ase,train
8QbLJzSCxA4,ase,train
OaGJWdJyPLI,ase,train
qQkrT6ieSJg,ase,train
2gW2DsesmvY,ase,train
aW6klYnQphk,ase,test
zWAzK_e3WhM,ase,train
jzUTBq9-P1U,ase,test
841bomg5250,ase,train
tN0lIPT8MpQ,ase,train
4hrVz2SxOBI,ase,train
4oi9AzzjO7s,ase,train
3VnprO5BPiU,ase,train
NgnsoMhN1is,ase,train
OzwMUE_V2a4,ase,train
occeP31Qi34,ase,train
Fj5mXf9ch28,ase,train
EciqB0IV7jU,ase,train
YrUnnm4P2oU,ase,train
27sFWKqaXI4,ase,train
pCDhXuu4SiI,ase,val
xSsOHZh0-00,ase,train
o6weAZXcLT0,ase,train
qmweIgEEGAg,ase,val
E9aV5Wt5PWA,ase,train
f5bKc5u7CFI,ase,train
j4hPZ7OMJzw,ase,train
vfuCg6cJbds,ase,train
aVgKroMQ7LM,ase,train
XtgAKp6maKM,ase,train
dFU9mV6LQ4o,ase,train
Le5wrXZ8EnM,ase,train
j9jSj1oFzes,ase,train
gDHfAlalwQg,ase,train
O5NFu_RqCF0,ase,train
wLftJqm55bw,ase,train
jnHy2Dx44vk,ase,train
CDXvJH3PE48,ase,train
8KImjzmKfOw,ase,train
C7F14MYoWgY,ase,train
59cfb28PcEo,ase,train
5_kA8RIsUjY,ase,train
cWHOIpmLHlw,ase,train
HwS_WeeRyX8,ase,train
GVqC2l8NcLo,ase,train
WnL_tiGH7FQ,ase,train
2m5WjXKArt4,ase,test
hz6rOH2LL7Y,ase,train
2SEp74TgXeM,ase,train
LQSbjnOk5jI,ase,test
AnwxS0sjWiw,ase,train
8GNAZxoj-qY,ase,train
MDEs2TrHzM0,ase,train
dvYi5p-Tn0Y,ase,train
K1vAz1dcmAc,ase,val
YigHr6YNpMw,ase,train
5yNCsWu2S-c,ase,train
wFjQo5eO_ro,ase,train
DcBHbsBRU08,ase,train
Rn4LCtEmYe4,ase,train
5byN0HNkOFQ,ase,train
moFvHKaJkJM,ase,train
th1NtUWTwdI,ase,train
sTSavIwWwJc,ase,train
lnFGWhJI8DE,ase,train
MynzxdkfxfE,ase,train
FAJX6FlKoJg,ase,train
kjaTn7Z0SrQ,ase,train
42x6FbDy8I0,ase,val
521NvKgUsQE,ase,train
NR6vjX_PLF0,ase,train
EVQLXlDva8o,ase,train
BINcH0ZYwZI,ase,train
29wUp2U9WsM,ase,train
QK9dTopxZiA,ase,train
P8W7vS8buc0,ase,train
OMt0LOPy2eY,ase,train
lSvVWegTMJY,ase,train
4uYZQSjrdf8,ase,train
_JqBuVzWyOY,ase,train
GcpMrmt2E0o,ase,train
90AVl3OU7d0,ase,train
9qdDYFGjMmY,ase,train
88wlTGLWPgk,ase,train
GWn4gcaYNrc,ase,train
_uYok7hK_rM,ase,train
obep9f9LhCQ,ase,train
vpCcPN7TJnI,ase,train
IjdqtbO5k8Y,ase,val
yLXiteeIVwg,ase,train
KoawSh5R8wI,ase,train
ew6ersyz_l8,ase,train
HAFVPMVWmHM,ase,test
BU-p0OXMIYk,ase,train
9p_xk6lXHOs,ase,train
hnuf1u2vjeE,ase,train
dYqmmVhiJcI,ase,train
8GFchtY79-M,ase,train
MS8bAM4fAsE,ase,train
jpsALEftfss,ase,train
euEgbpqtKm4,ase,train
RL-KtzNXsiY,ase,train
ChCAbyl7hnA,ase,train
nqrgn9DHTmk,ase,train
WfJxsxsKJYA,ase,train
SZ46T_CiINc,ase,train
lOlM3R0hPZ8,ase,train
10XtDlKwdRo,ase,train
tT_GMykHtko,ase,train
f0EvpCsc24Q,ase,train
NucfDuTTocY,ase,train
7KODZvoOFlg,ase,train
UraawR5a5LY,ase,train
CdJ0dPjl-JU,ase,train
Cz7uuKCHZms,ase,train
RHb9Rr-njv0,ase,train
xECWfXN35S4,ase,train
SkvF_KbQKjc,ase,train
hf5IXslfMnU,ase,train
ah4QwfkiNuo,ase,train
oWHhkQLEVfE,ase,train
gsFSDJPHCew,ase,train
Z4EpX2Njk5I,ase,train
QBwuhvz8LAk,ase,train
N49rO-p1r0A,ase,train
FQgt4TsDm4k,ase,train
wc_l89ms6R4,ase,train
Yv9wfmlpYX4,ase,train
AIoJOojoVjg,ase,train
jXP06ziY7Ms,ase,train
xMLDgqH3qu0,ase,train
a71PTafbczg,ase,train
cRjwLmCbjI0,ase,train
TpCcg1gN58w,ase,train
RCOMxxdhLnk,ase,train
M1lLSxLGV40,ase,train
3derzMnQLDY,ase,train
BQERjpmJBtw,ase,train
pVV3B2z2RuE,ase,train
kaLqvQwxJ6I,ase,train
2KPB9UJDEUU,ase,train
sxzg-BNgVac,ase,train
ibRxTMhgDbI,ase,train
OrsTYSGSPqo,ase,train
03LKR5Kjgd4,ase,train
7FuLN4IsWgU,ase,train
YTvQ4RUAFwY,ase,train
PaVkwKPqRHY,ase,train
C-PrRgb-lck,ase,train
9sDIbREGNyc,ase,train
sv85nKCW7Dk,ase,train
b4OxlMWCkt8,ase,train
uq7a6JMfLxE,ase,train
LGv75Bbl3CU,ase,train
gnWQFAVtlwQ,ase,train
wT2QSZJxoPA,ase,train
qmxXbRqjp9k,ase,train
A4izxOnKnug,ase,train
l0AMblxHes8,ase,train
bkK54DkItg0,ase,train
oC2gxos2qsQ,ase,train
V8d3FPg5LvA,ase,train
SXyXXO94neY,ase,train
FYTYaILboUQ,ase,train
GOhoKxqppdY,ase,train
jIqzg4TXPI8,ase,train
Mbiu3ADKwKQ,ase,train
irvK16d0QbI,ase,train
n11q9sFvQ-c,ase,train
bevmxyIsCNU,ase,train
rNwntCkXkqE,ase,train
CEXBTe2yoSQ,ase,train
anP6o8J__c8,ase,train
WAlxUyCzN_w,ase,train
FZ7PR5ZE-Nc,ase,train
mX50kCL3pPo,ase,train
kW3LoBNcM6I,ase,train
cqJEYhOkg3w,ase,test
IXejedEY6uY,ase,train
SYd2K25zDmw,ase,train
-UMxbwKKx0g,ase,train
5J8a2CaXWvk,ase,train
5tlBrcZz5-g,ase,train
2DMDODY3SXo,ase,train
OuEMY9GjMB8,ase,train
4T1oN1flsBI,ase,val
aAvGGOGrldk,ase,train
QGndKi7KVek,ase,train
y6UEZneciok,ase,train
eLoTGscYCdA,ase,train
7G-741kjo0A,ase,train
wanUzdrr8PE,ase,train
b5NZzSFe19E,ase,train
G7PJU2djyy8,ase,train
wjoSxIjV_ok,ase,train
j5qa6NykqLo,ase,train
hOdtOpYVl6Y,ase,val
KAwmIpsN4JQ,ase,train
ySkbC60ys5w,ase,train
lKowELN8ys0,ase,train
IJ-N6Bk4Eg8,ase,train
Yl266mwHwOs,ase,train
fsSKti04LxU,ase,train
vmzm_f5azMI,ase,train
H0sGSxQlpmo,ase,train
PEY_-U-sdmk,ase,val
YvSjflwjlzw,ase,train
EbouLdWEJ8U,ase,train
bI3XkPwoxus,ase,train
UW-1K09YYO8,ase,train
rNW6gJUh-bw,ase,train
p-KadGhlrDI,ase,train
vIQ7-NHE1NI,ase,train
NFzaURv_5ig,ase,train
VzusI5OTtvw,ase,train
5CShxp46axE,ase,train
-z8xfeT06JA,ase,train
qZ6K45Owg5M,ase,train
zzaP6Ts7KCQ,ase,train
M7tY3_AvJts,ase,test
WT9bC2FgrIE,ase,train
LkqOFvBOuFw,ase,train
Vhh2-B00bKc,ase,train
CRAFNTKJuSc,ase,train
QtvRp89hQLs,ase,train
ptK1tuT9Rcs,ase,train
1NsA3utS6To,ase,val
mNOxXE_Eiz0,ase,train
wLzqKKanJqM,ase,train
ehL_3Vdb8TY,ase,train
rzSaoj3y0DE,ase,train
F6K7ksgs6gk,ase,train
P4wZ9eT21Ek,ase,val
T_Lr9-TkV4M,ase,test
HQusnnQZW2Q,ase,train
vbM0OrvWAtU,ase,train
af7uKdq0G5Q,ase,train
xWCtQT9TJP0,ase,train
-2ix-iOwouI,ase,train
UhQSpGiY9u4,ase,train
9oICF2dblok,ase,train
O7UrJavJnic,ase,train
X-ilSg3PSR0,ase,train
k7PdAAknzDY,ase,train
AkvuWkPWdhI,ase,val
asdo9jt7FoI,ase,train
OWGEmtKeDxk,ase,test
_ThrNrpYr8Q,ase,train
flkgeLBiQo4,ase,train
eUOuqDVk0nE,ase,train
KN8CvuG_6v4,ase,train
CSm4XiFlbb8,ase,train
iuBVDypUS3c,ase,train
p9KWO3SsUbE,ase,test
zFu9NIpkg6o,ase,train
vAMEvcyWWrk,ase,train
lCIOBcgGgi8,ase,train
MclATWdXRMw,ase,train
AOK2nsPOXgE,ase,train
2r-hs8cizg4,ase,train
JcghlrvmXHY,ase,test
d5XEtC6TzHY,ase,train
tgGSMDsy-NU,ase,train
h0QbdJRLHs4,ase,train
54RqBmjdq9g,ase,train
WqMzgx6xIZc,ase,train
QbCoflczjlg,ase,train
mW5kWq6qZ9A,ase,train
DVCC1aYgr5k,ase,train
iF-JILz_SiE,ase,train
AvMJBcDQls8,ase,train
qCqsv1GpsLA,ase,train
IeyCmcKjyzY,ase,train
j130XHaXAmY,ase,train
HQ7ZFOwamk8,ase,train
zEp51mp9EwM,ase,train
MSoBWcbawX4,ase,train
IMF4hZKZ-bs,ase,train
N8OgCaKOP08,ase,train
FhtclDr5bXY,ase,train
vCohF-qRO4g,ase,train
K-FUAoGuBuY,ase,val
4XrpeZB5zZQ,ase,test
a_7QP8Nwdi4,ase,train
G-Aii-Br5Wk,ase,train
mXxGlzvb8GI,ase,train
jnCIudqgxX4,ase,test
zhLW17cPlEs,ase,val
ioTKcqNpOJQ,ase,train
huFbOAmc4LE,ase,train
Rz415q6QI9s,ase,train
KAnG6oAOH7Y,ase,train
sbHhoIcsHFc,ase,train
50sjgjTRDu8,ase,train
6CT3qbBqpus,ase,train
_TzmgSNpnm0,ase,train
lErN9c45kLo,ase,train
jH97FSi9Hg4,ase,train
qpqD_3u4hYI,ase,train
egdlfpBh8Gs,ase,train
mAGgPt39aTg,ase,train
RXkRcwlfgAQ,ase,val
jX7wvAHF0Jk,ase,train
K_SvLT8hmk0,ase,train
48TmQtTGQGQ,ase,train
t_yacMy9xlM,ase,train
asEeZeNGY9c,ase,train
wIA4JTf4hGc,ase,train
D05UadiwECA,ase,train
nwA61pXRTcY,ase,train
dL3chESLIrI,ase,train
2cryaHnc62w,ase,train
yajXAiwMRt0,ase,train
NR2FckoYgeo,ase,train
7bt8cAQrMiI,ase,train
JBufbfRRWwc,ase,test
73jtoG3Yl9Y,ase,train
D9DYUONNjNU,ase,train
PQm6vGJ7gT4,ase,train
0XuYL6bKxa8,ase,train
hORrYF-kPpA,ase,train
mTdidU1ywHA,ase,train
5evhc3T_Wdc,ase,train
o5g2FaesrwQ,ase,train
dcLitAzUmXA,ase,train
xxWHw8b-eeo,ase,train
LCwnGjocTeY,ase,train
33brDkaix3A,ase,train
hfaCpPSOIQc,ase,train
0FFdnI-tQyw,ase,train
o_SPY2s1LTE,ase,train
fnv_q1JnbtE,ase,train
J7_KIJaTARY,ase,train
x4oQvbe34FI,ase,train
dqqG86aO6iw,ase,train
rncXf-_rDjg,ase,train
Oz7k7ycQoPk,ase,train
JnV2L1eVXmc,ase,train
UqUSsHBzHrg,ase,train
-xHS0S81-zg,ase,train
mTkHZxyKjPc,ase,train
adKfZ5LzyoQ,ase,train
Rtp_0aScv6U,ase,train
yrBiaylZ5DA,ase,test
UTctnYa_W4Y,ase,train
N1Z6pY-_bvY,ase,train
sFxkRNf3LVs,ase,test
JH8V4q2eT-E,ase,val
LKO_1dsV7Mc,ase,train
JYsvnxMudOg,ase,train
nGsOD3vDYPk,ase,train
I3LIdByVdas,ase,train
9fstRkCWLEU,ase,train
M_HWu_mgkTg,ase,train
VUcy7gygtNc,ase,train
xZr9c_vtsDE,ase,train
ViCVTXKP_5g,ase,train
8awZby6CD-g,ase,val
kcSSlDl_mfs,ase,train
MNRPRea0lyc,ase,train
0ETUgBcLLX0,ase,train
zZS3HYD-eGY,ase,train
B8_2-bn7ybM,ase,train
JRhI1sNIEfM,ase,train
cyWfv3CRbAc,ase,train
jcI7qqIWrOY,ase,train
djfGsjhGUHQ,ase,train
A777tzmi3YE,ase,train
9TFzEKmb5fE,ase,train
2ahpTXhHcLc,ase,train
XPwqejSeHVk,ase,train
5ELtUAtflns,ase,train
wUCvOpWB5kQ,ase,train
5kpJiAa0K50,ase,train
ujLAymNUT14,ase,train
cghjZe65YMY,ase,train
lW0j12sEBOk,ase,train
ntvyhHY5mRQ,ase,train
uaFa351ZlxA,ase,train
ZIU_BqJNZn0,ase,test
TMFB-T8oZzg,ase,train
SmVPh5vNW9c,ase,train
yIbTpKbGyTs,ase,train
802_VdCJHsU,ase,train
aIVYtBYvlLo,ase,train
HVrd2Gn5IBw,ase,train
HK-FgUXOp5k,ase,train
jlJhe4Ww5o0,ase,train
nJa_omJBzoU,ase,train
JdNerO5InTo,ase,train
226CKUNss6k,ase,train
SqHAnhcw3EA,ase,train
CWR_lJsAcRU,ase,test
hr2F6KRxp6E,ase,train
EOUSD58K0B0,ase,train
y3WT_EFeCaA,ase,train
v3sveQU1ifQ,ase,train
y3FNZxh8d44,ase,train
iRyHfWumRUM,ase,train
4__R2jLPocE,ase,train
6XlnqBSlSf8,ase,train
TXp8WDPhScQ,ase,train
6R1cM5x04fc,ase,train
318OuzwpCzc,ase,train
_JZL9qB4YQA,ase,train
aMEneUac3OU,ase,test
78CLW1ydkyU,ase,train
YzFHh1as26o,ase,val
B3EgHOZcO50,ase,train
r5tWMG7wqFY,ase,train
la2ENi7JxIY,ase,val
DZTaofHvDT0,ase,test
E5EDqOF_hmQ,ase,train
AsqFPb9AvkY,ase,train
6R7auE0YG3E,ase,test
b9DYAmkIWNI,ase,train
ud8NQVG9eq8,ase,train
RfeeWfV1ybQ,ase,train
PMbw6s5-VGk,ase,val
dDmcNRk3YRU,ase,train
m7sM0tXJxVU,ase,train
pcS95GQLq6Q,ase,train
6JWJd38nW_0,ase,train
2Kxcrq-_Jts,ase,train
clZNYUQkqJU,ase,train
5ZeXnuyogvU,ase,train
qQmox_msLgg,ase,train
vkazTlZXeOg,ase,train
3Q9umXcc3UI,ase,train
uRNAQOzvH2w,ase,train
nZwdwFKAa5E,ase,train
PYKVebuSP88,ase,train
tdcv-uUdka8,ase,train
4ABoKW0KDLQ,ase,train
2ElgTUIWRCI,ase,train
2zr9Zg832CI,ase,train
j47ryBb_eBs,ase,train
3FImkVmElOQ,ase,train
twoczKq6w1Y,ase,test
aahk6kkYogA,ase,train
Uq6ocM2UAsA,ase,train
dfHJ8YzOyh0,ase,train
gdLl90fND4M,ase,train
eEvhecRxphU,ase,train
mEx65Xph1sc,ase,train
ZdOmJNeZK54,ase,train
6ibLm_CpHbY,ase,train
zp2PCAwmyiU,ase,train
ufdOxVRrOII,ase,train
hvxrHpZcBec,ase,train
1R5EsvdyODA,ase,train
3dFFzsCxZDg,ase,test
frGuvxkC-lA,ase,train
Hbo9a63-UPk,ase,train
xi9-kX8epnU,ase,train
7xnD31Kv66s,ase,train
K6olKpRuZt8,ase,train
sXK4Se3ASgg,ase,train
S6crvg7_RpA,ase,train
kNzINxsaYpg,ase,train
sobuycR0BX4,ase,train
tbYuKYW5J18,ase,train
-B_KgSrmTEk,ase,train
yqUtRqFqsAk,ase,train
sEVpF93bOmY,ase,train
_dIK7S5Iexc,ase,test
Vlyrd2VGGcA,ase,train
0TGzKgxeNt4,ase,train
8gJx-dSRuZ0,ase,train
fy5WiV83baM,ase,train
NbBElkAyJEM,ase,train
FfKGtDKFus8,ase,train
75RIqb2TUME,ase,val
QUcQVYVXh48,ase,train
PRc-8OF7Hv0,ase,train
xDNLiYu2i6w,ase,train
nBqit5pz9gY,ase,train
qE3xla9onl8,ase,train
ZgBe67Yq7RM,ase,train
86yIhX3BwlU,ase,train
KdwBvlRna84,ase,train
ykO6VgzT_V0,ase,train
z09UGE4mHmk,ase,train
c7PFvgp14QY,ase,train
pMx-2Onem_U,ase,train
SiYmQhAQ1oo,ase,train
lSgUXJ4aNy8,ase,train
G0T7y4dJRlI,ase,train
EstNvY-ooqI,ase,train
usj4G_4PdSc,ase,train
otCd1wpl8xs,ase,train
qpugxvU0ISk,ase,test
PcMwD8CBE18,ase,train
NIALRjTfVQo,ase,train
Jxi6ctVxobw,ase,train
eeN7YSckSCU,ase,train
8zXAJtr29Hk,ase,train
h0qS303wzLI,ase,train
7yOoVC0OriY,ase,test
PMdzMpH4CDQ,ase,train
xbh9UNoB_50,ase,val
ZPPn_SI-BwM,ase,train
W8eD0RbNF64,ase,train
SGbU1a7Bq4M,ase,train
mAj48v1aWy4,ase,train
iMRQd8VXiZs,ase,train
5CaUExhJXnk,ase,val
61abgYPeeA4,ase,train
LAE9eCSOgfk,ase,train
1GO8SLX7tLs,ase,train
fcp_kh_c4ZY,ase,train
6ojK5S2q7kQ,ase,train
uWhlw6WpFJw,ase,train
Gg0tMDmVvMg,ase,train
FvyP-TE_UCE,ase,train
Fte9_DwBoOc,ase,train
9h4ssIjyC1c,ase,train
PB-_TDKJ_NU,ase,train
mLAZ1hb3TAA,ase,val
-m_vd3VQFdM,ase,test
ipPQ9g99mLk,ase,train
Xl7mL1ai_2Q,ase,train
3SXfajMCua4,ase,train
B47G2k4PaOo,ase,train
WzE-qNJOIQU,ase,train
v65I_qTZm9A,ase,train
RDkxh4hS96Y,ase,train
bEWx6ZOWLgs,ase,train
9JVGKO6Ow-g,ase,test
2hxTkuo6b9Q,ase,train
Y_spbJB_h8c,ase,train
R905U86YEZ4,ase,train
rYBFNHopXCY,ase,train
SI0YdbqzhrU,ase,train
T1fkbC9hEDM,ase,train
dOMTkit0iXk,ase,train
Mr5xxrvImRE,ase,val
mbf1SYuv-S8,ase,train
bwJ1vkZo4Dc,ase,train
_cfr3QX70rM,ase,test
zlszguJeUCU,ase,train
ZyzBrdDRKi4,ase,train
-FSlHH2ReLA,ase,train
y6utHPmw4N4,ase,train
D0E7BISPh3g,ase,train
vhFjsYpJVdo,ase,train
yiHnYw23dpA,ase,train
e6IrUWRA8IY,ase,train
icJNRTvnAKA,ase,train
NM1i6A49CJ8,ase,train
nh1A8y-XO-U,ase,train
YoDqDMj02_4,ase,train
5z_Sk7P10Gk,ase,train
YoxLIlY5ETs,ase,train
pPKbHp8A57A,ase,train
tZl9fnxDzD0,ase,train
e8GJCgn87KM,ase,train
XXlirQk2XOg,ase,train
azDHsAKzRfY,ase,train
aEbhge9rcys,ase,train
HaNQNv-Jcfo,ase,train
lQmAZ7omimk,ase,train
3fWmeoRWkro,ase,train
6jZqwf--CSY,ase,train
YjzJjO5Br1I,ase,val
z4U2hye9dUM,ase,train
66DfOiRRnVI,ase,train
WZ7WdZeQSow,ase,train
4bzK9QxsTZ0,ase,train
UUYaCpK8LI0,ase,train
eCjHlxMZ-e0,ase,train
MeXD-8q_HnE,ase,train
2M7O1eSiIhg,ase,train
HgBcID72DYk,ase,train
kIBZ8PavNk0,ase,train
sXa-n4G8xU8,ase,train
wvhsJd55tvU,ase,train
YVNSrGy8lIw,ase,train
L566uVfOnJs,ase,train
BHWMtTwinQw,ase,train
zSGHersGMfg,ase,train
Z-jQq8cfknQ,ase,train
4GAUlwpbYXI,ase,train
CN5_ihghSYQ,ase,train
p9w25updu6w,ase,train
6mmsUCfyXuw,ase,train
qLKIE-ffqAg,ase,train
oDP7pQwwloM,ase,val
8mXREudl1SA,ase,train
1yKuwUSJXjQ,ase,train
sqov8p23sQM,ase,train
A43swAKYcLw,ase,train
7RPhNw37nZo,ase,train
0jlHk5s3JR0,ase,train
6I1IhiMISZ0,ase,train
gYdbAsZMkLc,ase,train
cY9QsUSuFeY,ase,train
WUFU_98RYNo,ase,train
B0-KuX4SwqE,ase,train
ALnkXxhqaxA,ase,val
gwS_w4ICyKU,ase,train
mMcqhgsTChc,ase,train
T7aAegkJGjI,ase,train
bGvGBVQGj5g,ase,train
rK-JGp_D8h4,ase,test
z7W0q42wBAs,ase,train
g-Zk9ssklKU,ase,train
4px8Zvp6KKc,ase,train
ZFZ5ynwIatw,ase,test
oKpcY4sj0mw,ase,train
QdLUjBhkUtg,ase,train
XP-QFojBY7I,ase,train
TA6ZixNGVHA,ase,train
5QTt1KKPEM4,ase,train
D3CiBLaS0b8,ase,train
lxuNBlM55oQ,ase,train
6W36OJpocGY,ase,train
2rqc4PrnxPs,ase,train
LhpoaDleoBk,ase,val
mZlTc4_vsPM,ase,train
SWf8m4u2IiE,ase,train
7gryEPTAHG4,ase,train
_RwSCTaRtQs,ase,test
6eOtI9sKQj8,ase,train
KcMZ8aPv-pA,ase,train
y-jo-h9I2Nc,ase,train
b6mLY50IvMw,ase,train
mHrrGSzpvz0,ase,train
SuNoQf2bqKA,ase,train
9gGNYECqDps,ase,train
x25u45N-EtQ,ase,train
ln6GgcabgNw,ase,train
9mlylMfZso8,ase,train
QHKxR31_iOo,ase,train
AClLccTd4KU,ase,train
o13lcyB8qew,ase,train
Q4kyTq8v3jI,ase,train
VUkcAHCQsfQ,ase,train
dHvoaUfg7Q4,ase,train
cJPONwjGPNQ,ase,train
y3-e5JkvkzM,ase,train
86OJd-nTUpE,ase,train
lNYgTXUy1cc,ase,train
tI9O12Offb0,ase,train
1Q2nPVc2-Nk,ase,train
qZU1yXkqeN8,ase,train
t_xRHGD84mk,ase,train
s6Jwx7uv1Fw,ase,train
FacGxP3k39I,ase,train
sjnfUvFcKiQ,ase,train
XtffCeeCUUY,ase,val
zu8B_wAdJ9A,ase,train
X4LLNmfzvq0,ase,train
vJK55aLB658,ase,train
LCn7qZ-FtfA,ase,train
cUPBBnd9DAA,ase,train
jBb9DFScSuY,ase,test
N-cHuBytVK0,ase,train
9dtsau-dRvM,ase,train
I_jPkH4SQUw,ase,train
N8jlE4l5cMA,ase,train
2uqfhF-Of_U,ase,train
zmejwkKi_Qg,ase,train
a2jcMxPk918,ase,train
htYpuY6krzo,ase,train
kOcC3-27Tkw,ase,train
RrPyEcQp52s,ase,train
8R8Gcs3cp4I,ase,train
mXE4geoGAko,ase,val
nObaguRC9xo,ase,train
a0KZ55-OH-0,ase,train
6FfnSGBp1AE,ase,test
bDoMOeZ45uM,ase,val
GJvd2VALBmM,ase,train
sJ2yaY0G7aw,ase,train
zwSenYyboaw,ase,train
_aTWv6lzE-g,ase,train
Jj-W8RIE9WE,ase,train
fpDcvXFowyw,ase,train
DNEBWyavmDk,ase,train
4jp6_7JGdW4,ase,train
Og0avmQdSJE,ase,train
MiaWaNDPsZ0,ase,train
YJcuOI3L47c,ase,train
y6wc7zbyZKQ,ase,train
gT3bymvOuQ8,ase,train
tLZknvMk3bk,ase,test
xfi9vzqZXyA,ase,train
Ze72FAnj3pk,ase,train
XO1AtpI8F7k,ase,train
oioZHB9ApLY,ase,train
TBqotOmhFbA,ase,train
bN2zn1ZglDE,ase,test
1Wol7Y3ezhA,ase,train
Kk-seL4U4RM,ase,train
t9Qo2rT81X0,ase,train
d8eNgL-Q8Xs,ase,train
kiH4oMe81eg,ase,train
wbS_8FELWC4,ase,train
HFSpMW2xLSA,ase,train
Clg-izhi4D0,ase,train
SlzRK_p8Bcg,ase,train
O-NN_zZ5QOA,ase,train
aXwDQlBcGrw,ase,train
JD5rfNanuVs,ase,train
1GdzGKD-VnQ,ase,test
YpkVT1TsOmk,ase,train
Oqnu6XD_TCU,ase,train
VMMXtiCdlFk,ase,train
0fwZ-B8tOlo,ase,train
HwxHorvb3xE,ase,train
ErnACzXrYAA,ase,train
Y5xibHeYpzk,ase,train
HILTIdPmr6M,ase,val
s1b8_kwX38Q,ase,train
q6vGVX_Y-Nc,ase,train
KyvMN7B0Vs8,ase,train
zjZd6kna5DI,ase,train
N_qjkDtO4h4,ase,train
WgL4u6Zebv8,ase,train
aJagTX7VrYE,ase,train
1p1gWBabLOc,ase,train
lD7hfi4ruiQ,ase,train
SAPPWosLe_o,ase,test
LaJ7yZ8BiIw,ase,train
5w4B1Lxchfk,ase,train
BmqNxqw1le8,ase,train
mk-TBMlWS48,ase,train
69F9hv4AIIY,ase,train
Yvm2jvTUe_c,ase,train
el5WlRsbOUE,ase,train
6FsVL71Vv2s,ase,test
B-5lLb34raY,ase,train
3N0atcNismQ,ase,train
sA_zWGDBcPU,ase,train
yxZMjfqhxRA,ase,train
4zPLsd-C7cI,ase,train
ydG2zbqG0eQ,ase,train
7TfLTF5NGrw,ase,train
pjsLi64zV94,ase,train
DEmRq7_xH90,ase,train
JKH2NvTn3y0,ase,train
TsbVuvC2VKE,ase,train
CGn6Q35y1nk,ase,train
iR9Frx-f9Qk,ase,train
CW0Qk0mvI38,ase,train
uxUviff_2K0,ase,test
Y8q4yqbHyv0,ase,train
_NxMnyy6Cww,ase,train
E9JtICHOEQY,ase,train
9kn-hMwz3ws,ase,train
WzYdT9oV4cE,ase,val
gnNnIoVtmJs,ase,train
p4mEk6xdFS0,ase,train
GhmVoqgsadE,ase,val
1Tr77GEcSrE,ase,train
tyvAqvZM3UY,ase,train
mVAX6b9x8tA,ase,train
UgqIbVaQu-4,ase,train
XgQxEb_7gf8,ase,train
9GLUkgoaLJw,ase,train
1xzjrdPv3h0,ase,train
X2K6sZT5Pnc,ase,train
LN2omyQcGmo,ase,train
mnWynTNV2Xg,ase,val
UD9tEGYZ0pc,ase,train
-AkxhB4r_2Y,ase,train
vIEYVXZr5ec,ase,val
P1AQXKPSjCk,ase,train
7gjfXcm1OVU,ase,val
XQJFMSHHhWI,ase,train
A1D8oQ9PQz0,ase,train
onbzPBlTWqU,ase,train
5jyWHxCKwS0,ase,train
f2p_HA7dxKc,ase,train
BIYiAAoXJTA,ase,train
qWyl26Rq4iU,ase,val
M0EC-wpa45Y,ase,val
pYnfkQvQMco,ase,train
TcfDmlVuF5M,ase,train
RkOfKMz_XoM,ase,train
qzR_VqxOY0U,ase,train
Xmm9qQt3c5w,ase,train
hQfBfq2iKYQ,ase,train
jTKxPENuvRo,ase,train
rZH-PJ9YQrs,ase,train
wJKEyWxHLCc,ase,train
A2h_k70ftgc,ase,train
Kpgkzgxetgs,ase,train
bs-oIwEMJ_Q,ase,train
A6SAt4aOhtk,ase,train
j6F0o6yHQis,ase,train
1DJZ-L9Lwk0,ase,train
69bd1R7yQYg,ase,train
3jdiiCmAcpU,ase,train
NyIQGdE8O9U,ase,train
wGkZ5xID3_8,ase,val
nDGe1ZEtpr0,ase,train
TD-_HOmdhig,ase,train
mkyp9ZCBtbA,ase,test
d2LreOIiZw4,ase,train
vc9W1DJdkaY,ase,train
BM36U3yZt0I,ase,train
AgSISCer2m0,ase,train
dicQKsSQZjg,ase,train
aiu-jYypOqk,ase,train
KFyhxfSOxS8,ase,train
bKTcufCpgpA,ase,train
YIiM9LbzWWI,ase,train
8svxLGl5EM4,ase,train
Cy-RbV3184o,ase,train
VJYMIfWEPDY,ase,train
0nWekM-XgC8,ase,train
rmJppLz56to,ase,train
9DLrsjY0TZs,ase,train
yHzg5szsDk0,ase,train
AQ4yBnW57zk,ase,train
DG6Syd_wvKk,ase,train
x9p4ErcV7yY,ase,train
begIcAD5rLs,ase,train
k3Tnrie3A_E,ase,train
VgEu2qz4nJM,ase,train
C7FbSj3rduE,ase,train
WfRKADiisAM,ase,train
_CdJNCsUcxU,ase,train
3L3uIePGTAQ,ase,train
wJ3ThMnz0N8,ase,train
0UR9cREKeUI,ase,train
2-p5HVrDLik,ase,train
2izKV5FbIuc,ase,train
Dt1cMDD8SpY,ase,train
9ndquaSJGsc,ase,val
cxL98evQnWI,ase,train
kLjfyb8ijKw,ase,train
YjQjSPSi0UI,ase,train
UJ5Mq6TC0zc,ase,train
txbr0U57ReM,ase,train
3vWrtaDa4YQ,ase,train
O87qstMIE0g,ase,train
kAcwKGasCco,ase,train
wz8ZlLfpn1g,ase,train
wiK9S83OSZY,ase,train
o1Z6Ms72Xk8,ase,train
weeRQaaP6MQ,ase,train
FK3ViZg6yY0,ase,train
qTt95o_f-ko,ase,train
LvyZrLQnjxQ,ase,train
N-7aGZzGVqA,ase,train
M4fSj2rKonk,ase,train
fqps4pWMTM4,ase,train
DnCDenDmn_Q,ase,train
Gy0FMf67Vzk,ase,train
Cy4KL6LjC04,ase,train
gJGo7vdbRKE,ase,train
qyCdbaVBdOw,ase,train
KfsRx1QJOPQ,ase,train
O8sujumPedU,ase,train
BWTuX72uHbo,ase,train
Aey2vjnj2dw,ase,train
hQRJ7xh6Arc,ase,val
3Hw3dbQHVTQ,ase,train
PsMIe3bZX0A,ase,train
KhURrcuSyc4,ase,test
gmfG1abmQ8Q,ase,test
NRInvTjIvEw,ase,train
Wvj_1xiRetk,ase,train
UWf72f2om8E,ase,train
qYKM8lBxiyU,ase,train
061ktzVDfk8,ase,val
IH--WvjzOJ8,ase,train
1YYaRxqSxNc,ase,train
HwrTqZg_zQs,ase,train
3j50-GpcSYU,ase,train
OvSRJexBEnI,ase,train
_6wAr9fI1QA,ase,train
OzcLZqr3UEA,ase,train
heiKLEMF81c,ase,val
WMa7JGvAH9o,ase,train
rd1jA4v54js,ase,train
8y5y6Hk1its,ase,train
8mdcdTUK1IM,ase,train
fB3iylAznns,ase,train
AC2aenVEyb8,ase,train
WMcjUquEf6s,ase,train
cjlDfEc7HNg,ase,train
6c5924rcou4,ase,train
MbNF51yi3qo,ase,train
Ng5Bvg8Wfsg,ase,train
cxVKuSM_XUA,ase,train
qaS2sY7tdsw,ase,train
OMvJ8360U1s,ase,train
orG7Z0X6gAY,ase,test
pX89lhFuwIA,ase,train
QQ4zTzkg9k8,ase,test
_DheUBVlVyA,ase,train
me2DE2M6fYE,ase,train
iFSUQ_a6t3Y,ase,train
ZHyZZ9YdrNo,ase,train
hbFg5klq72M,ase,train
fUBWhtQxoVE,ase,test
6RBYcNsZzPE,ase,train
6lBrXPTzTBM,ase,train
iSm7_6_bXmU,ase,train
HFm09ppjwk8,ase,train
EuOpiBjvrVI,ase,train
VnBdiZmPAn0,ase,train
R5Cl8gsAKfw,ase,train
bbJcnrflBSw,ase,train
gMvF1veNTYc,ase,train
wXIFC_dqpeU,ase,train
jA8BSn1Dwh8,ase,train
pHw_qsdqLG4,ase,test
lVbhq85dhQ4,ase,train
Ssp76E0zfFc,ase,train
YH3YLEZJasg,ase,train
HNoipn5eFfU,ase,train
ICxeZHEeCFI,ase,test
JLaCmAzolUQ,ase,train
95mwCzb5nB4,ase,train
w5UiSORT-70,ase,train
YR0W2WGZA3w,ase,val
FCeZS2vmKaE,ase,train
1KPnGcslx_c,ase,train
t6Tbb4mzs4c,ase,train
esBWin19g8E,ase,train
CiR8KUFY6Vs,ase,train
Vn1Fpnfntj8,ase,val
kAk6J0ixNFs,ase,train
GoalH0uPUhM,ase,train
Ugl2Co64EK4,ase,train
53-hCnr1Pk8,ase,train
JrtyY5o1Y-w,ase,train
r6922NxmvhA,ase,train
wSWAKjNFNUo,ase,train
LSmWzwmlnxc,ase,test
96FKcKjDfQI,ase,train
J3R7kloeyfk,ase,train
E7UvfsKz7pw,ase,test
rKdVSdhwZME,ase,train
orZKA1jclgc,ase,train
wwonsz3Eq7s,ase,train
ADekxemWToI,ase,train
AotWtENI2Qw,ase,train
hWQ2IYR-ACo,ase,val
nGzzuOo1ntM,ase,train
PGH5deicHrQ,ase,train
IbMQRKSkeQI,ase,train
E0gJ1WIPHlA,ase,test
NVQ8m0U1m6s,ase,train
VpmMbKUjqXw,ase,train
pn7bu31TfFs,ase,train
OKqITfk0myM,ase,train
6DqdD7bbDhI,ase,train
9d5Z4ef2AiY,ase,train
wLCwyO09fb0,ase,train
xRUor6J4qp0,ase,train
7CZnCOn0ozo,ase,train
YYDdyqeLdqM,ase,train
TmkTzCvEdh8,ase,val
k_97Ko0sdcY,ase,train
tGnFYPiZ400,ase,train
rQ0odB5lbg4,ase,train
kVk4QdDXyx8,ase,train
iymbOorDu8E,ase,test
jEC_o_l37e8,ase,train
2fcX77AHA2I,ase,train
ubv2mdQwvgQ,ase,test
288uT_Z4DYY,ase,train
MBM4oUa2qoQ,ase,train
U29yzZrCdrs,ase,train
ArxAQisE8Lc,ase,train
nDPIWuEYHmc,ase,train
ldKqTz4k6k4,ase,train
2Lzdxq-ToJk,ase,train
uMlfC5z_Z9c,ase,test
BS1xtZA4qUI,ase,train
U6331YzxS9M,ase,train
DDPgVtwdrlg,ase,train
MMFMY3zTTVM,ase,train
4YIYRu2PERg,ase,train
x7mfAb9uyxc,ase,val
iN5Obi6a9J4,ase,train
DaNCll6dz8M,ase,train
0XtFVS_Kxno,ase,train
-qSABYFcsVs,ase,train
756s3Ex0HBc,ase,val
QjMpzSKAGXw,ase,train
jx4R-tBR9-k,ase,train
jfC6i2L8bW0,ase,val
RXnxpoaT3u4,ase,train
Do0IxYHThcM,ase,val
hSOuOZ0J8to,ase,train
sHKNrjz6rcs,ase,train
sVBRQ8z7mWw,ase,train
kIsYGNqU1N0,ase,train
P1SNwacCDXM,ase,train
spVLgctUg6E,ase,train
34DMNsPor7I,ase,train
ZwSsfFbO3EQ,ase,train
GAXCcdCViWg,ase,train
tonpQAAyXi4,ase,train
GCMo9e9GOWs,ase,train
Ur3pBlejwQU,ase,train
jHyVam6rC4I,ase,train
SJAhRxI7i9c,ase,train
K_uDIkvOOoY,ase,train
nbqwjae2Hzw,ase,val
-tnyzu5MP2Y,ase,train
1RHbfw12FPE,ase,train
I9Tc7OrTut0,ase,test
RO0eEK5Kq3k,ase,train
C5GvKStjAyc,ase,train
J4a1QwarpKY,ase,train
dRpM_DocpYk,ase,train
IrHgc9zU6RE,ase,train
B2392LaI0Ck,ase,train
SreMY7ICJb8,ase,train
xXx4DKiKAQA,ase,train
xI2Lp7fA_bQ,ase,train
gl5QonZZw-k,ase,train
zlBJCCJxT3g,ase,train
5CwLVXIScNg,ase,train
ogSyZhenCa4,ase,train
rgOyiUKiJVc,ase,train
Q1h3DLipLBQ,ase,train
wAnC_toi8CI,ase,test
8gzoLgshEBQ,ase,train
gaV97IihAZY,ase,train
N3QmsL4A-Y4,ase,train
cwLsswn6f_8,ase,train
kBi3uwyl7ZA,ase,train
Ja1-fu2jZZE,ase,train
gy8EJ00_yQM,ase,train
A4HXpR7KNFQ,ase,train
uUur_7XGPGM,ase,train
U3Za0HMUJMM,ase,train
JCtX7lSSJHw,ase,train
RyVoCycLgzM,ase,test
wOmZsoRjKCs,ase,train
IYslZHtHbhU,ase,train
3yHjg_u2MjA,ase,train
Jkh0ZPL-BEc,ase,train
PlsGnN_s2r0,ase,train
LMexKmH-Vxg,ase,train
BV-nypLO-Lc,ase,train
TE8kmztYHiw,ase,train
molLNt9Ge20,ase,train
l378UQxvraQ,ase,train
EaBK61mEIQg,ase,train
H0pSgGn4vVM,ase,train
KoEnUvR0RuY,ase,train
3G6L41pZoQw,ase,train
fy6ENse0EbM,ase,train
-SZ-Qeo0-20,ase,train
iveQ-FpDReU,ase,train
QcRLg-pDXqI,ase,train
C-r-vTs3JrA,ase,train
5bbFWqaeQwk,ase,train
QLkFbSi-pYo,ase,train
C8oFnDW9ylM,ase,train
_q1Cf2naE9Q,ase,train
UUM7Q8i9AEU,ase,train
uNCT7BrT7LI,ase,train
iFAYRfXAGjI,ase,test
0qknoxaCwgg,ase,train
Q6xAfQwjvAE,ase,val
oxJrxT8lb50,ase,train
jCajnMh-xI8,ase,train
FjMFfWiB77Q,ase,test
8COVwvx2N3A,ase,train
Oq2xyDjIizg,ase,train
uPEQ3BAI_K8,ase,train
DLzzRUw13xQ,ase,train
vU9HLizCklE,ase,train
_mOk2qhufE4,ase,train
f6BbVCp1MWk,ase,val
jg3wVrdge9c,ase,train
N5mZq_qp4GI,ase,train
7_PkG5n9d_o,ase,train
OFQh6GhspFw,ase,train
MWed9FQrqjs,ase,train
ajajcMLFRnc,ase,train
CBOW2kTQdDE,ase,test
eb5q5PktFoA,ase,train
gdwJLzGheRU,ase,train
3fxgQjOqK2o,ase,train
QgHTsz1_xIQ,ase,train
EDfhZnL0VWo,ase,train
GmPy4CKk9uk,ase,train
K1VmBr1TiPw,ase,val
nM2rkmih8Yk,ase,train
27NNuHzlhmI,ase,train
5pPNasfZk-o,ase,train
Pp9HFKhY7o0,ase,train
uvXKz50o77o,ase,train
9Y1SnTIW470,ase,train
PunNaArhv-g,ase,train
FujzOKTzzms,ase,train
9nNdpfZZwWg,ase,train
foBSNG-9zVE,ase,train
9NfTDjWq7vA,ase,train
GGWGiN4EHhM,ase,train
4st-CDVOtOU,ase,test
cFm0H2IxRd0,ase,train
_u9Tv17gk_c,ase,train
UvDL9D_RxjU,ase,train
bnlo7k4275k,ase,train
ZmVnTZ7olx4,ase,train
sxFWzWqaQyg,ase,train
7OiURbHu65U,ase,train
t0AtgFk5BGA,ase,train
sWpGVmrq7Pw,ase,train
AusXSrIu4pA,ase,train
zKk0CsTnFG4,ase,train
szKDY-5Xk9w,ase,train
5803kv4-ug8,ase,train
6W38H2Tmixs,ase,train
stiFRP7yt-A,ase,train
HbN3Mk5EoeA,ase,train
5BiUaekR8AA,ase,val
48tu-4L5rog,ase,train
nQDREOPESSU,ase,train
yoHgrNsmHOY,ase,train
av_Aqc6d4jw,ase,train
zq5ZT7M9vcw,ase,train
tM_G5WKYzLY,ase,val
IXCL-yEhOTU,ase,val
O2YYHpgDS-U,ase,train
GfzsEveGEgg,ase,train
45T8o3_RJAU,ase,train
3Rge35dKOfo,ase,train
XFFXThDkfNA,ase,train
DP1v8icEFro,ase,train
YFEM10fvuFE,ase,train
mhVmhVBEI7Y,ase,train
6pA61ZOXdv8,ase,train
1f33MBtnSWk,ase,train
4PxvE1Rc7mE,ase,train
28d21FpzwpM,ase,train
07rCP0yIASs,ase,train
vaC99zzRUHo,ase,train
JUcBpcY61q0,ase,train
yGcipE2jYmA,ase,train
HP9-bV-QfVk,ase,train
r9WzXyyYuDE,ase,train
cvEa31qwEgQ,ase,train
f9ZOD3HK_xY,ase,train
eqltHJZINEQ,ase,train
Kb9CGWVN76o,ase,train
L6he_DA_UYU,ase,train
hH0xM-Ajf30,ase,train
kx9et1D-_ac,ase,val
NpuKRv0fz7c,ase,train
hmBsvg0copM,ase,val
7aCix71Y-L4,ase,val
sA3uMQMSWnk,ase,test
uF1j6l_91QM,ase,train
TWOc4wbvaO0,ase,train
Opan_5EBDBY,ase,train
geSHDiviQH4,ase,test
BQaOE91xrzI,ase,train
gcoL4fwJ1Jk,ase,train
gDZUJzHXUv8,ase,train
KsHY53TI30o,ase,train
gRq6dh4QVVM,ase,train
Ab14Ouf8K0o,ase,train
UzpoLwH79qU,ase,train
xBr2BJ44v20,ase,train
nvotEE-IAC8,ase,train
gc6L-42Pa9M,ase,train
WfJx34dfb5g,ase,train
XUCwbgk4SRE,ase,val
EIShuCthYX4,ase,test
DaGEn8pfut4,ase,train
bkr-6F76kWM,ase,train
Q1H12PaWroc,ase,train
UznY5SfH0RI,ase,train
5efMDB67q1I,ase,train
aZ57SXfZQfY,ase,test
BWRnPjU64SA,ase,train
TYLfrBi5mfc,ase,train
Utfq8V6BR_8,ase,test
xiZlQ9b0Evs,ase,train
feeMQIVI8XQ,ase,train
OjWQ47_mBeg,ase,train
cqPC7BfvNPY,ase,train
km1K3otjHzA,ase,train
PHCwM80GyZM,ase,train
wAOdIe1wLoE,ase,train
dxCgiWznpU0,ase,train
obrYTstNk20,ase,train
x4fx_wPHhuc,ase,train
2uzEPSqKD5U,ase,train
q_SL_aPMmJ8,ase,train
rqWxc-r_NaY,ase,train
QNTlPmkbqtA,ase,train
3DWw3IVnq_s,ase,train
Mp1wfh-L48I,ase,train
joW6DvI3BEo,ase,train
IeeMM7Nts6I,ase,train
ZkyFjWGvo5Q,ase,train
Yy2hzz3OYc4,ase,train
ALu_DksseeE,ase,train
iEdoqHJbfDo,ase,train
984UEOWMWXw,ase,test
fMQIxx2Hi3w,ase,val
IEGX5JJ0Fb8,ase,train
c0Cx2gpkMHA,ase,test
VnCT2m8E148,ase,train
3S1ms3hJo0Y,ase,train
FQH4cxmERKg,ase,train
imgg7lWE1lI,ase,train
aQ6wb_pqTFA,ase,train
5CbboaGLRaQ,ase,train
bYYVR_Tlg1o,ase,train
G2rPr4Hmn9Y,ase,train
O2Me4x71-4I,ase,train
lIbxI8Jc7qI,ase,train
aDkVFrccZUI,ase,train
DANEbmv60Ek,ase,train
VfVqWPI30TM,ase,train
nOa2CA3I-kY,ase,train
NAcnHCu8Xe8,ase,train
7BQa7_fr24I,ase,train
xOfYIsmTXWQ,ase,train
b6eWulC-8OU,ase,val
eh6BXCxoUyo,ase,train
8eyBtYMabJI,ase,train
XyC55CHlukU,ase,train
iTfnXj6A2o4,ase,train
oaqBoWWgS4I,ase,train
bmwR9f7vcBg,ase,train
_7UsB6Z0qb4,ase,train
ORIHRfiZK6s,ase,train
Sh0vKwe0-Ms,ase,train
F50z_CPtK0M,ase,train
9Q0r_-n2Dnk,ase,train
P-unC4GIncQ,ase,train
S37_gPuKcIA,ase,train
DayZ_zDYxGQ,ase,train
RZoLcikqC6A,ase,train
_TdF3xWOS-A,ase,train
cSmPeWCZ1b4,ase,train
jP-eyV3Gl6U,ase,train
QFEj36et9Vo,ase,train
lfurHwwgEkQ,ase,train
WU3QN4OLbrI,ase,train
QbFTZo05I28,ase,train
PPVIwpoioHc,ase,train
4K0aO5Ig4wc,ase,train
HvW58Rv-tJU,ase,val
E9kpRL8nb2Q,ase,train
aq_Ic15YnQY,ase,train
4joAmB3hKVs,ase,val
EvZYXWmuEl8,ase,train
lgfVsvnUOvA,ase,train
-NaUu-UH5wQ,ase,train
ySFjRsP2-8Y,ase,train
cBCd9AlMYGY,ase,train
tcCTxLija4A,ase,val
hQOkdPXHWjU,ase,train
mnKtm1u8ZLY,ase,train
iuJkZO0Ohl0,ase,train
VX18-4m-EN0,ase,train
BuvQEmGUYVA,ase,train
kvIWJxf2PvY,ase,train
4Ln17L4iPaE,ase,train
TtwAEeHrcKg,ase,train
j1z3PxtDCeo,ase,train
51HD1pS4lE0,ase,train
o-mSS5DdxWQ,ase,train
GhOb_yu0_fg,ase,train
th68mFCOxkY,ase,train
7XN5Yj8mPHc,ase,train
RCPusxWU5C4,ase,train
_IEugkTZZfM,ase,train
QJ7jcCbpwUQ,ase,val
xCbkdc7sNA8,ase,train
_GQ2c1VCxBA,ase,train
nCsNb2KYhsw,ase,train
5CBKiYdRDKg,ase,train
kjLX17LH8Z8,ase,test
i1KpW0naCTg,ase,train
_CC-LX2dEws,ase,train
MSH1XxxCE0M,ase,train
9d3rh_19ryo,ase,train
EbqiojdUavo,ase,val
32uDIDeinnY,ase,train
Rh4pGOgW5YU,ase,train
iGENZbcb4sU,ase,train
Hj-nKVmKV0s,ase,test
f_Wh4gwv_w4,ase,train
-arU7prTkZY,ase,train
HuViTIjghKk,ase,train
utZFeH8kviE,ase,train
CfUObE5-6fA,ase,train
rEVtyw8S_lo,ase,train
87tCbB2Obhc,ase,train
BtEFmq_C1l4,ase,test
8ljxEjb51zQ,ase,train
-aLiyA30EQI,ase,train
JxS5KZViAeM,ase,train
bqVT4SyswVE,ase,val
lrjY9H0Lo_k,ase,train
HlCVfcpc6xA,ase,train
44U1RQK_pJg,ase,train
vAnsllbwnnI,ase,train
d6AZL6vKNIg,ase,train
uXjaW4LKIto,ase,train
ZizANEi02vk,ase,train
wplMiRImapQ,ase,train
nSH-618s7gQ,ase,train
oRu3CAumYao,ase,train
f1ghpqOAaKw,ase,train
Pd2Yta4RabY,ase,train
RJB0V9BByjA,ase,train
w_MlypdKkRY,ase,train
MPg2XEoaj6Q,ase,train
UEmykzst-4s,ase,train
oNLfUf5nLUs,ase,train
k3z5YmU_o10,ase,train
TTOdfKvTMf0,ase,train
R8AfLOmghfw,ase,val
mRAjWY9edaU,ase,train
QUbUBeZWuyw,ase,train
JKh2qI4v7Qg,ase,train
bO8nSuHpb-c,ase,train
jy2dq2F27Ds,ase,val
kXDS-wVWygo,ase,train
Z_ssBQMX6ck,ase,train
IusZylrn178,ase,train
QhPXo91S8JU,ase,train
XBnOhH-yvHM,ase,train
wCVGpoj5Bw4,ase,train
Vu1Y2DoaW9w,ase,train
asJR_YNv7Fc,ase,train
3vMmICCkT5M,ase,train
NM_1h-GCBP4,ase,train
X1u3-rQASqw,ase,train
ZVAQ_ET03mE,ase,train
-Bxu9R-lmFc,ase,train
b1t_BHdwNJo,ase,train
Ek44hAme2s8,ase,train
Wk3fafERINQ,ase,val
zxhTGc5BVxo,ase,train
vwwM5-82Iz4,ase,train
bO4k3uLZKQ4,ase,train
H55v4MXHYls,ase,train
RoXBW1mg1MI,ase,train
XPZ6uoe9Rko,ase,train
aNrQ5gjC1c8,ase,train
OoJki2kmqlw,ase,train
Pyr0ZsWnM_k,ase,train
amk9yeY1Liw,ase,train
v8QwwSSaoyM,ase,train
jef1fdGTz0g,ase,train
3-kN_02oiTs,ase,train
t14ERtUfTWM,ase,train
MAxt3wD0fT8,ase,train
FJ6gbD22oxk,ase,train
6ezuklg6QcI,ase,train
kMzuDTdY-9Y,ase,train
f7YnYrI9dK8,ase,train
WInaJRP8fhs,ase,train
xJFQi6QLRu4,ase,train
hWWHpmr-Z-c,ase,train
jUaw-ehKsbc,ase,train
0S8dgbKhxpA,ase,train
f6VK8aHQ59E,ase,train
JgOjmaSA_j8,ase,train
ji692X6qpk4,ase,train
l8JzJ56_aS4,ase,train
CO6ibDN6INk,ase,train
2Sv6ZLHfz7s,ase,train
Wq1h8kZTB-g,ase,train
InxbIDoohIU,ase,train
1l5EGDbwz1U,ase,train
Hlnb_7bg5IM,ase,train
fV5KkpYsDtI,ase,train
oZi9f8BOhXc,ase,train
PaDC4TycHXc,ase,train
dxgOHjh4Syk,ase,train
bXyG4iebEBo,ase,train
NXrsfeaXDGI,ase,train
2zA0YgKb5ug,ase,train
amGu6248TPI,ase,train
4NqvQVEyqX4,ase,train
6uZac3anNM0,ase,train
dXCT6Kv7CZU,ase,train
DDstXfs5ET0,ase,train
kjRciweQ1oE,ase,train
BxE-ScqiUzE,ase,train
sGlPmZWxS5c,ase,train
0D9ML92CoSo,ase,train
SKPdGNPxOco,ase,val
MXiiKRJLvho,ase,train
ow6gJjuPOow,ase,train
9W0mJdMgfwQ,ase,train
c4R6RC8H0sI,ase,train
yKnHcJr7nw8,ase,train
4Up1W41Xyfg,ase,test
_zxXgdnzcxw,ase,train
skmjq7VIseM,ase,train
WwEvhM0aXgE,ase,val
X23iEEG-jsQ,ase,test
2Wh3TbK77Ec,ase,train
9ee6KlRQw2A,ase,train
kYmmxhu4CNI,ase,train
A_O-alMfqkI,ase,train
x24SXR5yj94,ase,train
uoNkweKq2vA,ase,train
Vn_v75W0e6o,ase,test
lCEDpSt-BCI,ase,train
U7wcX4sH2cc,ase,test
GBn0OVBbinE,ase,train
cKe34BMgarU,ase,train
TbkYp2mTzos,ase,train
uVVy01-Wkss,ase,test
cgA7fHzGnNk,ase,train
GPypi6SKJRs,ase,train
X0PvQzfJQ2g,ase,test
O6kS4Q_lc7I,ase,test
YbNSlfJsEI0,ase,train
W2umAs-kNvM,ase,train
c6ZfjqY5Xfc,ase,train
QQWOHg_4k00,ase,train
IheA65vjIjU,ase,train
IoLRy3qSmHU,ase,train
4b67wDgYQvQ,ase,train
x2PFFV4LV8s,ase,test
bpeRQyvypUs,ase,train
OuW1t07mIvI,ase,train
ro0RUk_ttAE,ase,train
X8ceIif8-_M,ase,train
D2Ly81KJRgw,ase,train
KcU72UzP6T4,ase,train
NEY3qqlVbIw,ase,train
kvaZ2moNWy0,ase,train
9FWofS1T65A,ase,train
OCcHqirwn3s,ase,train
wK5Q-0WznhE,ase,train
pRw4--t3UKc,ase,train
gxD99gG6VTk,ase,train
eA6XXDza5iY,ase,train
pa2NVkbFwM4,ase,train
YvY2op-HVvo,ase,val
NAb8qHzPdrg,ase,train
s2OgP3aWqaw,ase,train
Z-HIPRAd-wQ,ase,train
wCpdGqABi6U,ase,train
j7mXd49r2Bs,ase,train
Sd-vKNGjfOU,ase,train
dPr7VAL91cE,ase,train
xPA2oDqMYTU,ase,train
53-La6Leb9U,ase,train
IG5pTOE37Bo,ase,train
IF7tuIGr1cw,ase,train
4w_vVWsljVw,ase,test
tLXwnbvdQ1U,ase,train
j1S__5JJS2s,ase,train
Ci4Oek2zVXU,ase,train
yysCSGnLbMU,ase,train
hhnsetw8Wtg,ase,train
ZmxQV3LQTKM,ase,train
tBIVKkBvcco,ase,train
6YHvAwZPXjo,ase,train
hBl12HMhFgs,ase,train
tD8jYqRtuC8,ase,train
gMuaDCQFvQg,ase,train
EQfwBF6CbJU,ase,train
NSShTHCjWAc,ase,test
xMx3hKPPi-I,ase,train
jwJ31yL3puo,ase,train
5TeY1R1UAmw,ase,train
KYc_PUsyNPY,ase,test
mNUeLd9VAFM,ase,train
xL6hw_NkGcU,ase,train
yZjEMOBadB4,ase,train
1M40DOru15Y,ase,test
pClINw4F3oc,ase,train
zaLJuPaTqLQ,ase,train
GL8jZfFqWRw,ase,train
Xu_syGYo8KA,ase,train
Cst9AbUJmAo,ase,train
l6HUbsIaqPY,ase,train
pcWtojkH35A,ase,train
cIwq1kX6zks,ase,train
hqF01cx9jYs,ase,train
rWotU7-Z2_Y,ase,train
Ge6Jlav3-Pw,ase,train
n8ygKFWp_84,ase,train
3gtOMI7t5kY,ase,val
ljnYtim2MAA,ase,train
m9nkgBDlIso,ase,train
5s6eouq32Pg,ase,train
b7GFqedkUl4,ase,train
2-8Ef9iHTe4,ase,train
AWT0LdV9urc,ase,train
jb-jbnR5HnM,ase,train
KptVCWlIfh8,ase,train
OaowASRRvkw,ase,train
NVO3AP-4e0o,ase,train
KxaqjjsnyW8,ase,train
Pde0YjVWcXQ,ase,train
H99OAlBt1dw,ase,train
lnFttTUbgK4,ase,train
2iwlB8-AZFg,ase,train
nTx9jNtkAD4,ase,train
LSDV194yePk,ase,train
nqDG0PPbKPY,ase,train
_TuljE9phCM,ase,train
EkrY6bCWdRg,ase,train
kafo0m5gpmY,ase,train
sGXbr_wm1J0,ase,val
WABekU7RULQ,ase,train
J7RFXefQYTw,ase,train
l8vO2r0x9Io,ase,train
TGoPcnvsUlM,ase,train
cPUz6R_xvc0,ase,train
uORcA-GMB9o,ase,train
59vxdDvvDAM,ase,train
35TDOiOf70s,ase,test
ecMFZNWhwkc,ase,train
XcRXIVMXOOg,ase,val
nPdeQGz3jh0,ase,train
BHuaUsBUSXI,ase,train
QdksRySEvtw,ase,train
_UTapZ3GTvU,ase,train
DDQ4aQl4wS0,ase,train
ypqewLtls0U,ase,train
hAHJr98RA5c,ase,train
9FWzt_-788c,ase,train
2D3EdAi-hYM,ase,train
hIlMzy30OYM,ase,train
53TKGmfoDrk,ase,train
EeqfQqlVHLI,ase,train
49qZMa3FZmU,ase,train
jYnaxRXDyVs,ase,test
CxURv_djLvg,ase,train
4COOEoCrd2A,ase,train
XOrC6fcUOgY,ase,train
o9Tt8f7Cgo4,ase,train
oi_ahYqi-xQ,ase,train
0GgsslCMqxk,ase,train
tOBVorIRAtQ,ase,train
tLhJ9Fx8JJs,ase,train
7HPzuROoVnk,ase,train
VI8D-mr_u08,ase,train
Oy7fKd5twfM,ase,test
um2HuseqM8o,ase,train
HeExvdGo3XI,ase,train
6pTpjuf_75U,ase,train
pVsUL8CN6Lg,ase,train
Jo4X3P-5nDA,ase,train
AuryCaFG1ZI,ase,train
1OFwW1YN3Go,ase,train
IY3rtwB6nic,ase,train
Z9CU4l3DeFY,ase,train
KLCa4fp3mfk,ase,train
lpIPSrfXG1E,ase,train
QO-A9aiAh7M,ase,test
bhvJGIQG_qg,ase,train
_lB4mo3LG-I,ase,train
opsieiD2Sg0,ase,train
CeW2TrRAK9A,ase,test
YD7pomYY8GI,ase,train
AW1kUDgw2R0,ase,train
DYCk20Pngm0,ase,train
jvEiBWay2KA,ase,val
p87DpkkVCtc,ase,train
M8sdqQl3-UY,ase,train
flbQ8g0b3iA,ase,train
PY37Ul3vtp0,ase,train
Rj4rY_zxJ6Y,ase,train
Zpitq3l9il4,ase,train
U6MLPAvr5wY,ase,train
G28XILF3c1o,ase,train
1yycWziALCE,ase,train
xIKOy-dJ7ps,ase,train
bLys-FGVq0c,ase,train
ueBlByV3mIA,ase,train
eSlfbtatBHs,ase,train
l_lFLSfLVZg,ase,train
abQrhBfd-jc,ase,train
Zx8Ne0KIths,ase,train
EmwRmhzuQKU,ase,train
dbKbbSMI2L0,ase,train
S-dGXLN_NwY,ase,train
xDgizx5rEGU,ase,train
znvMPWIhcMo,ase,train
ZNgzCj2EilU,ase,train
hZQtrSGeKf8,ase,train
nVaCCg26rSc,ase,train
z0q3zRlIp-8,ase,train
uW7lMhUGGyI,ase,train
AM0S3bPyMZY,ase,train
dN7h9p1zCOU,ase,train
TzzRusI7XwQ,ase,train
lz_QFD_auJ8,ase,train
vId11-KJ44k,ase,train
ZLFPlDNeJ10,ase,train
sMY4qd9pneo,ase,train
vWNx9tXeZOY,ase,train
MJXqb51jUNE,ase,train
znUwmCLTweA,ase,train
FUd_1lIXW98,ase,train
XBREM5rRXHs,ase,train
dxOHuHqsliY,ase,train
vJQknoKn_n8,ase,train
HcyhKLEjdK0,ase,train
PWiX_9tNrGM,ase,train
vSs_itKMDb0,ase,train
hG7ThcYuHIw,ase,train
E2BfEJr4k0A,ase,train
kfnylEC4ht0,ase,train
vxX69wbCMX4,ase,val
qY8w9VzjERM,ase,train
A-696VlwKUE,ase,train
ht6lLuBWwKY,ase,train
M0iG61p0C1w,ase,train
GQl2NAS3GiQ,ase,train
QAqLcLl1yaw,ase,val
Yh-Xs-LQZmY,ase,train
QLDk3px-wyo,ase,train
kKGFHcRzWjY,ase,train
etX8oQbPH2k,ase,train
pK9OqNzlcA8,ase,test
W-ZLmfQKlPM,ase,train
lHh7YbzqTik,ase,train
guMcm1ajEAs,ase,train
ZY9tKdkEDGk,ase,train
NUun_zyvovE,ase,train
-g8qFnMWI0Q,ase,train
FsdixSF10XQ,ase,train
LLEmvsQ1ZqE,ase,train
kJ86ONw7_Ko,ase,train
_0frWTfGMXA,ase,train
3rviqR9755I,ase,val
b9kyfhGjegU,ase,train
OH8vg2uFfuI,ase,train
PHtbHUcmQ7U,ase,train
VWJ9uhhjPXQ,ase,train
pFETaWgLM-g,ase,train
1v1OBDb4JRs,ase,train
37O1I0qQC38,ase,train
Hj3udJf_Kxc,ase,train
rj8GkW-LYyU,ase,train
Pz_JMbrb8Fk,ase,train
htVSvU7hV4Y,ase,train
7bhZ6-iYHM0,ase,train
2wNw5eBurAo,ase,train
Rk6RlK_yoFk,ase,train
HrWq1hQsFcc,ase,train
iP2ncGqY_Eg,ase,train
MChFGYBz2mE,ase,test
chXH183ozrM,ase,train
21-vLPZ2nak,ase,test
CpjOmUpL98I,ase,train
7AzpywexO6A,ase,train
W3GWYSWb8Ng,ase,train
3D75qSOTAvk,ase,train
D5ELpT4FJzA,ase,train
Q2qv1PzonRo,ase,test
XTVMrg_of_U,ase,train
xgFAGI0wiJA,ase,train
zJUvLTEjs5E,ase,train
syKswB_QfHY,ase,train
OtPl6yOBcEA,ase,train
YR_giUe-MMY,ase,train
--pq96V-6DA,ase,train
6BTqHNQPpsU,ase,train
ux6nxJtfGb4,ase,train
kTIv2aHJJAg,ase,train
9ZEtvTG_1fk,ase,train
-fDLZ-KQ8r8,ase,train
mmRqmCE_iAg,ase,train
NYGNcJx15wQ,ase,train
mCV4n2BlA88,ase,train
RvKY_pQGQhw,ase,test
uvdinUD02Gs,ase,train
yWYtgEgOHMY,ase,train
dUiXDYE7OkU,ase,train
HW4no2ocHaA,ase,train
hTYVHr0dCu0,ase,train
Ei0VCu1MSbI,ase,train
BXH5iwRLjVI,ase,train
sLS92ktpiuU,ase,train
euB_EZILQhY,ase,train
uBw5Gck-kVM,ase,train
svXAShvmaWk,ase,train
zpSpwWajGXo,ase,train
O5cq19P5RJ0,ase,train
EgmtkIDWytA,ase,train
EHwZDbs8rHI,ase,val
ESQrd82jmxE,ase,train
sgxyW6M2fs0,ase,train
p1-a7IcnvCw,ase,train
koW5PP9pUdw,ase,train
06kKvQp4SfM,ase,train
4MpA5tl6uCE,ase,train
TDYd3P2Km8s,ase,train
4gZ86yRcJcM,ase,train
uhzEPHTw3uE,ase,train
Qv32yeXHDWw,ase,train
B7yFaA59m0c,ase,train
aBPp63K53_E,ase,train
VDwvRQPyT0Q,ase,train
VvZzTO3rtd0,ase,train
zIrG7Y1CRb8,ase,train
9kbfbV0ABNQ,ase,train
WiJyaAzqolg,ase,train
XN4TzKvzcVM,ase,test
C7puLhGlqbE,ase,train
5ez-0HvSchw,ase,train
DgpmcLIyaIw,ase,train
xImtna_gv-Q,ase,test
c2xlyCv41ZA,ase,train
a5F-KSB53ms,ase,train
TI9NsOa6Ozg,ase,train
W2sQblG-4Sc,ase,train
NFe0EZIZB30,ase,train
n4zOmqOWfGc,ase,train
Zlr_cnQCPwE,ase,train
I7Tcs-Q9404,ase,train
F7D17Vbohf0,ase,train
ILfmiXD55OQ,ase,test
qPVUxUprkUs,ase,train
GEz2lA6Sun4,ase,train
UEYF5wACmFs,ase,train
ZXPCs1fd-LE,ase,train
ZjpSya5OZFo,ase,train
rWgzAkiA08E,ase,train
BR7K71RtrJA,ase,train
1PM8NOrXLMc,ase,train
YUzcTDQBfmA,ase,train
r2N3ZHStnO0,ase,train
P-c2z_l2BbM,ase,train
Cp4z3winI7E,ase,train
0t82hD3rkCU,ase,val
2uaK3vaJTUA,ase,train
B77ORuCpHp4,ase,train
UirOtHsRTNQ,ase,train
g1R_15EOkd8,ase,train
HeHgCgNk608,ase,test
bbeAxkru660,ase,test
8ys3u1QA9E0,ase,train
3t9CEeAW8p4,ase,train
cE1qcIYpXB8,ase,train
bscpEBZNLpk,ase,train
16P8uEqSJyU,ase,train
CDYqHeWJfNM,ase,train
diPnS2W44EU,ase,train
u4G85uraIVo,ase,train
209YWxzAzyQ,ase,val
Wa8UAnEc038,ase,train
UGlQnqKLiYo,ase,train
E1Q36SAIfcs,ase,train
bd5RruPAoRw,ase,train
zW-QQsZyBa8,ase,train
koufT8XN5OA,ase,train
6S1uetXcEYY,ase,train
jYuiZRq7BsY,ase,train
d4o1aKbWsdg,ase,test
ko0_2A2_Ts4,ase,test
UEPygVjipX4,ase,train
BH7KxJrM00c,ase,test
KNGf8RKnibI,ase,train
nD6suX0qP3E,ase,train
Ccwafywaze8,ase,train
M0GFb1ksCnA,ase,train
BodCl8dygUY,ase,train
2ieEZatqP14,ase,train
I-zR0TU8Vic,ase,train
v2aZhp7qMdk,ase,train
ZYH3IA44eOM,ase,train
HUHF8ntW8ks,ase,train
n0iJ2jpPVIo,ase,train
QJwynJWyPlI,ase,test
ADUagctf2L4,ase,train
-nHZg5XQHlY,ase,train
4txYU9dhs0g,ase,train
HwIMKReyJlE,ase,train
HsCv4l2yrzM,ase,train
6jAXjIR_ES8,ase,train
jGb2jiZIBec,ase,train
r879KCjFCdc,ase,train
vBVZbEdGME0,ase,train
lMMmNCuWsWk,ase,train
Zu2Y7Kev0Us,ase,train
-qK5tz1UHSM,ase,train
rVAyqPGK5Vw,ase,train
E3QhsTK3N7o,ase,train
p1JaeIns9wo,ase,val
5Ua91WrHrLU,ase,train
ro4wqbH14sM,ase,train
Tg5Kjn1H8dk,ase,train
GzSB9ILTbV8,ase,train
fRFz3XO6aE4,ase,train
SQ1L3n_QBC4,ase,train
8SKeqCDO9d0,ase,train
6bVE_fopErQ,ase,train
iBLqOoYTFCo,ase,train
XhcjvDawRkM,ase,train
f3_qS9hxbps,ase,train
g2y0hrkrJng,ase,train
aY60BEKWWf0,ase,train
-LNuGj27Xyk,ase,train
rkx61s93smU,ase,train
WGrto8pTHW0,ase,train
AscO55rWBI8,ase,train
2j1mkNsMyUw,ase,train
roOHvBQSyjk,ase,test
s8v-QknWN_A,ase,train
b8UCLSUSBUo,ase,train
o1xH-llhFoA,ase,train
ThNFs5NG0lk,ase,train
Zoos7uoHOxk,ase,val
YwdeTTfiYGg,ase,train
5Tiq42RvEJo,ase,train
UkLOxnbe8fU,ase,train
mUKJPbLGpCU,ase,train
Uei8NWRVoBY,ase,train
3FRP6ofnay0,ase,test
StXDO_MZ9lw,ase,test
yAy7N9MqKc4,ase,train
oOjtEaB_5-o,ase,train
jLaYc-MyV-A,ase,train
L_lXBdk05B4,ase,train
AQcNynTZ_yw,ase,train
W8gA3tLP9cw,ase,train
IquuCm2hsvM,ase,train
TQ4q0WfbCL4,ase,train
zQkzwgh2atM,ase,train
YDi_Takc2Io,ase,train
mStlZWwpsmE,ase,train
4usHZtPXBHg,ase,train
95xOXeBwUjs,ase,test
ha0p6_0WCms,ase,train
ALDDz0DX9no,ase,test
ITYFU6ZLUxk,ase,train
uqMi6a1pp1E,ase,train
mCR7S6IMzq4,ase,train
oDIrPfLthvs,ase,train
MkUq3ZD0EXM,ase,train
SaM2ODP9FUE,ase,train
IwJ4gEJMYKk,ase,train
5Z8lNPgCmuo,ase,train
jYz7zNOm950,ase,train
CTEBrsmCem0,ase,train
Yb1jr87HbOY,ase,train
EJcfAPugwJs,ase,train
2udA--Kb2vo,ase,train
dMEN0N2lJOs,ase,test
vfrYdq-msvY,ase,train
N1XYEEMI-SI,ase,train
lfJiaU6Kugk,ase,train
mBVQLOzEQnI,ase,train
VCBmBxUdzwU,ase,train
Co0yHVtPCJg,ase,train
Bdz98mfDRS4,ase,val
1rqPKHu84ZM,ase,train
J1zkwgVgQQw,ase,train
y_ViBQuIO2c,ase,train
epEtILwp-S8,ase,train
cY1iWQioJ7Q,ase,train
y2YkZm5AAl8,ase,train
Yw1UBGOH7sE,ase,train
0fkFHKeQnTE,ase,train
nmBUVp0aZX0,ase,train
0xLXcCbWtyY,ase,train
g1czxN0hn8s,ase,val
cjjHmtpZtFI,ase,train
6HPj3dbZR64,ase,train
NNIbkjuTdRU,ase,train
8VTAvocbMpI,ase,val
16FY4shEniw,ase,train
FuJvJHtRPao,ase,train
m9y_reVkkCk,ase,train
ozH55RLBu34,ase,train
5yqt_8Ra2H0,ase,train
zqj9fIrEgnM,ase,train
AA5wy9ZbR9E,ase,train
Bx-vaXsK98w,ase,train
vEq4eESzdLA,ase,train
lY0t_HBu77M,ase,train
DQutMiNiZwc,ase,train
4gEtIi8nI2Y,ase,test
NZ30k9hRE6s,ase,train
yEQKgr2C9j0,ase,test
zhrNcdnzcPM,ase,train
xi7RJpXmLX4,ase,train
53RV_A340Ng,ase,train
cIyShV266QA,ase,train
4DISKhYQK6U,ase,train
BwySrK0embQ,ase,train
Y5sH2E7nXgU,ase,train
z0eA9P3f5Cw,ase,train
0k6USIJasZY,ase,test
U-Gn-MHh-Nw,ase,train
zsJ-F8NWWpY,ase,train
o1KuuPi3VKg,ase,train
ijrV6IHwwP8,ase,train
KrfErGZBu38,ase,train
K14gL7b9zzw,ase,train
mH-6JO40ZzA,ase,train
rERAoliF3-0,ase,train
CUMV8UC4d8s,ase,train
UdBcSErKqTI,ase,train
RExRwZ8-7m8,ase,train
9mu3OSNXlwc,ase,train
JRcO4RQ3uBQ,ase,train
8gaU8XV4kwU,ase,train
jUo_h2FlBPI,ase,train
0TOvEO_WPZE,ase,train
bMspyGDjcIw,ase,train
tP11teFOIjU,ase,train
CHnyhwIjr6Y,ase,train
r2pmr-rSxpw,ase,val
ZOYmLdKKTHQ,ase,train
FguhoHOtSPg,ase,train
mKUcf16ar5U,ase,test
pPpaocklTjM,ase,train
61yO6Y8dgXw,ase,train
MmVXe1GmMGI,ase,train
p8OYydc3WQM,ase,train
VhzPbT2la4g,ase,train
Rx7L1RhiTP0,ase,train
-0VIwubCjpM,ase,train
ktwaxv9nHgE,ase,train
lsRcDTy0ez8,ase,train
nzzPrXlfzmA,ase,train
4saUnm634k0,ase,train
GkKGzVm-u0g,ase,train
KGOl0QlzJUY,ase,train
ffAhz1YcV_w,ase,train
7W5O55LihF4,ase,val
LN-7AnWLTE4,ase,train
DT_itWmz85w,ase,train
1ZudkF3P6t0,ase,train
rp4-m8Ih6QQ,ase,train
1MW4skTG0m4,ase,train
jO-C5zx40T4,ase,train
x0h2L7-Mg0s,ase,val
my4mxg6lXYQ,ase,train
4ty9rIXKhqw,ase,train
x-fwy-pkbcs,ase,train
aVBV0vUvT18,ase,train
X3D9r5r506g,ase,train
94Gl50AyteM,ase,train
O1tmcqoplQQ,ase,test
Ze6drsUX5TY,ase,test
H5_-kpEgUGI,ase,train
Qh9ePTctzxo,ase,train
Yk6rheuvWn0,ase,train
3D-KZP5NFk8,ase,train
mbtBYhMAzfY,ase,train
g6GRnePbH2Q,ase,train
11qYnjz3sfo,ase,train
HO1brUaZ0ss,ase,train
VVZB5GEYDQ8,ase,train
o-ItrpEq1p8,ase,train
JSil0ZkvPQE,ase,train
O-Yog0F-bIg,ase,train
HTRXeze-T54,ase,train
FHV-cWhojFQ,ase,train
HKYBIpc4y9U,ase,train
m30-SOG3CNw,ase,train
slh9G2Z5bwg,ase,train
uTos-Z2cQ3U,ase,train
qC5qdZo_n3Q,ase,train
yfNRm1iMwh4,ase,train
bw8En_9BKGI,ase,train
q5DtYSZQT_U,ase,train
T11oBBvCvZ0,ase,train
R_B6s-0dxfE,ase,train
du9Tr_S2tLw,ase,val
WfOsqaTkO2I,ase,train
ysWh44jtUh4,ase,train
4C8J98hWyoM,ase,train
HXvTlxrkEcg,ase,train
iJJsB7kth_w,ase,train
mGhdhFFmm-U,ase,train
8fmZyLXYd6k,ase,train
kz07O31ivBk,ase,train
zWuzLPGwPwI,ase,train
UnTLWA3JKg4,ase,train
GueYpbpsx6k,ase,train
POKxBmjGK9A,ase,test
NG6SwCt3A3o,ase,train
WKsx28Y72S4,ase,train
BHTkND1SWB4,ase,train
SLG-lUSprpI,ase,train
2QCyl_nQHXo,ase,train
YIiktQCJpP8,ase,train
ZSIZ3xQLnPw,ase,train
KYD8GCCeckg,ase,train
wMcn2bperZc,ase,train
Qm1T5NX1SkE,ase,train
YxFrUCfoVpM,ase,train
Fdj4SybV4UE,ase,train
rQyqvBLY6CE,ase,train
fq0zq0EQznw,ase,train
E2B-4ob7fz8,ase,train
4darflX3K9s,ase,val
NzDVPUzgjYE,ase,train
cqye_B1vvlk,ase,train
92LEaiyk7bo,ase,train
3i7FjHxe8DE,ase,train
I9w18Ere4xk,ase,train
Ga91TMjYX8A,ase,train
2fxtI59FmNs,ase,train
3OOGFTrAle0,ase,train
FSKRInNQg4M,ase,train
fEFSwL07Uzs,ase,train
C_nzYD6T86s,ase,train
_OhBjo-tN_M,ase,train
bfQm2rGmjmk,ase,train
qpzePP8ZTCs,ase,train
lkPMOxM_KDQ,ase,train
mwWAAHLsd68,ase,train
l5FDV6hivfI,ase,train
aWcrOVjF214,ase,train
s83u4J5bjh4,ase,train
oFRm1gb985Y,ase,train
r7XrrPj1aXE,ase,train
28ZEVTynFMg,ase,train
O6vvyEPkd94,ase,train
oQPT_Uiwz5I,ase,train
R9AUpGZuUdE,ase,val
HprHGB9Mp9s,ase,train
blxfB4ZEMuk,ase,train
OZAfysH9hUA,ase,train
8akV-LKbqNU,ase,train
AJRdCIntFpg,ase,val
r6xd3ah4A-A,ase,val
sqgPNCQkLHQ,ase,train
NlkFDFoG7Ro,ase,train
Unst7_p33HE,ase,train
KYKqNhn_p6g,ase,train
Pu-Z8WxnMLw,ase,test
5XFDbIBXzzw,ase,train
eBVQ5z3YsGk,ase,train
_1RPAxBFpe8,ase,train
FRRIrVYGQZI,ase,train
G7uZFWQGM0I,ase,train
KArAs9h9zyk,ase,train
4XggcA30x2k,ase,train
UFYsdnsdNWc,ase,train
lSM1EUwA5H8,ase,test
gu9h1bFnj80,ase,train
IgD5H8TO9NI,ase,train
Bja4jz0brMo,ase,train
Os83PVPYdXk,ase,train
UsENGmWr5GA,ase,train
Dzo8iaw5G2w,ase,train
UwmJKL9PNpw,ase,train
MIDO45cyP2s,ase,train
VkRMtc8eVMY,ase,train
iwh18_izUTk,ase,test
Cnq5NKGmNL8,ase,train
cZPkIDRcsOk,ase,train
eA-iBzpxX4k,ase,train
xYZW7jU3VB4,ase,train
L9A5tWoZcFE,ase,train
2hjV5sd9uoc,ase,train
42iSN6RHLoc,ase,train
iRUQgLcTARM,ase,train
B-jMw1uH1FU,ase,test
LKZc0WRHeLs,ase,train
yAL2CtGtk48,ase,train
t9JoZEzNV3E,ase,train
fgrGVzVsVx8,ase,train
mzoktMYqaVk,ase,train
3njc7bhBUNw,ase,train
aZBQ7rDt8BY,ase,train
fpVMlQIF9a0,ase,train
5T9JlkEJigM,ase,val
pM6zRZOobEM,ase,train
UbiktS38sZw,ase,train
bNUk6aPp8DI,ase,train
3DizOjlwHng,ase,train
rH2nhxqDSZ8,ase,train
hqUF3DAYfnI,ase,train
_LYZVX5hixU,ase,train
zqgv-5fgk6o,ase,val
-2UZsKfaGIk,ase,train
yRKdGyQxyZk,ase,train
ibwTOzEWmes,ase,train
PVm5QDzOumA,ase,train
iiVLHiBYPUc,ase,train
GVXlkobgczY,ase,train
ISnOZgQyT1E,ase,train
dN8XTnFcSUg,ase,train
ZQH1zew6m28,ase,train
QBNLeaygqxs,ase,train
CyryJjuCVuM,ase,train
As9ZvAkyIQM,ase,train
vvdhHmt-b2w,ase,train
A9CrxbbplaQ,ase,train
1ulJIZ7pNrs,ase,train
lKXio-8X_l8,ase,train
nW3yg8hbvT0,ase,train
EwFQu7wUx5k,ase,train
K2QpT7fkRzQ,ase,train
_eSzY7ptL7Q,ase,train
zw5V_xa-vdA,ase,train
drWEl8d_JeA,ase,train
bYSEz9BoSMY,ase,train
tJtqVA0Mkrc,ase,train
eviRVpejhSs,ase,train
Xpy5YZ-Cg6o,ase,train
Jb4EelL1ba8,ase,train
Glcadjlu6fY,ase,train
78RGXKxj03Q,ase,train
D_BtowkC4kE,ase,train
BzkWPSzJKM4,ase,val
imKbqzxTkZY,ase,train
m4_oKpv_Hx4,ase,test
o5Sl-pUBl2o,ase,train
kdzExaAiQBQ,ase,train
cesuDhQQDr0,ase,train
R-vQJlE4-dU,ase,train
lO_J4nAh6_E,ase,train
PXm27F7SJP4,ase,train
_1G0v1uKVqg,ase,train
eyDaOfaCepc,ase,train
uvNYmDfI8nc,ase,train
I9hye6sAEQA,ase,train
yVfN9ZJjCrs,ase,train
wSNdGiFHR8w,ase,val
ZyBqOoWIqIc,ase,train
pA6bIH81nvs,ase,train
5vvBRQi_X5o,ase,train
-M7CostYoIM,ase,train
90r4n92MGZo,ase,train
c2DgrSc2LZ0,ase,train
q5IQjC6lCfE,ase,train
fcKt8tU1EDI,ase,train
f7stRw_pSyw,ase,train
lKCAzf5Zo7w,ase,train
ifnNxtoiJbY,ase,train
tpsNU62nTrA,ase,train
5EY2MMBprFc,ase,train
S1OLa2m-3Jk,ase,train
WQsNExCB6E4,ase,train
jn-wf1iZLZY,ase,train
yLhdPgKkX_U,ase,train
0x09FfojaSM,ase,train
vLIbSLKqctU,ase,train
7TAfOplFDGs,ase,train
62bCk_LZVAY,ase,train
dDYmY7nGzco,ase,train
-IgqjDsP-R8,ase,test
rTQ_BruHuWM,ase,train
ZIBjQ6Jibps,ase,train
Woe5nLir0xY,ase,train
Dr9SSokEmuc,ase,train
AmboeVv6zmQ,ase,train
jOvHN8kaUUw,ase,train
Hvu1OhV6XtI,ase,train
rnDU1lJPX3U,ase,train
CQX6COkq3J0,ase,train
GgiQJtkbvVQ,ase,train
s74DKXFKxhY,ase,train
ZXjReh20q5Q,ase,train
Gf1ffGs0snw,ase,train
ht11I2cfaLw,ase,train
YXH_FnLshBE,ase,train
uCPVnT8wq8U,ase,train
41NjBCt1OKM,ase,train
iazLu3ZclyM,ase,train
cvY5zmPTYWc,ase,train
rhm1EsCoiPA,ase,train
yDZFsHeKzNk,ase,train
esx9dGfUuto,ase,train
EJD77ODP8Hc,ase,train
z6KfxVfQpfA,ase,train
VSp8rKdRMcA,ase,train
JFIhsAY9TgQ,ase,train
64Ua7hXQKYw,ase,train
O1QV44zk-mU,ase,train
zdG_iFqKKfU,ase,train
8F_-ME-A018,ase,train
e9F6zGP3kkc,ase,train
88f52dxKnyU,ase,train
f0fofNBK0wM,ase,test
q22R0cOQ6a8,ase,test
YqXwj5gNctY,ase,train
ebdG_fc8CdQ,ase,train
Ra5JNxCHXL0,ase,train
Y6GpBgZ-Kow,ase,train
A0Rw_xV5oqg,ase,train
hSlxIhQhbT8,ase,train
k0NDmDawUI0,ase,train
MyZs0vp2nX0,ase,train
w_98wlCe1mE,ase,train
V-zUaltI_os,ase,train
YaN-i39D-8Y,ase,train
p5ckd3OIlCg,ase,train
L2Ph2OJFP70,ase,train
wXpzSwWPiAE,ase,train
-h50wk3uDm4,ase,train
zT9RigJgt-0,ase,train
ltAqdCrAAbM,ase,train
cOasrBZLyOM,ase,train
WPQmKtx4CqY,ase,train
nrsO9S6t9a4,ase,train
9cKdWAiokA8,ase,train
5dsbpDoszc8,ase,train
IQ0Ak4_0ync,ase,train
Ofhpfydats0,ase,train
afvSxug1kEA,ase,train
snaDXdTJ36Q,ase,train
rIwCkU--CxU,ase,train
uXbAEfiXoU4,ase,test
5Tt8PNI1bpc,ase,test
e6IqrCC_fIU,ase,train
J9sT7iEsTKU,ase,train
QVdniZaqpcE,ase,train
agrppb5KIHI,ase,train
QDyZTPBxT2w,ase,train
loPfdvVb6u8,ase,train
NPIIdJN1uxQ,ase,train
7qDsKIM5nOk,ase,test
cCe9qA5BXt4,ase,train
gnHTZ9wn33E,ase,train
FtJA4KVzj2c,ase,train
djxLDMICRNE,ase,train
yYhcefXgJSc,ase,train
prD4sLif6XE,ase,train
rxi-ugfJ1Kw,ase,train
Wky8YWKElPs,ase,train
S7TIYjQnNEs,ase,train
lOlCKcohO7s,ase,train
tj01wptu4I0,ase,train
YyR4VNQBV4s,ase,train
BNp8hSh0zpU,ase,train
PM0FG6mGT40,ase,train
kNoOwHWJb2c,ase,train
c43FVeX6KzM,ase,train
-MBhf8zY34g,ase,train
jYA_-RdK5gU,ase,train
CgbWoOGSGo8,ase,train
QQthCMXgiaM,ase,train
qJ-s84W3eTY,ase,train
iqg80jMnlGg,ase,test
CDcgIbgg_lw,ase,train
ykqUZNBSHhE,ase,train
RUa4vJcBUKQ,ase,train
e3ozDqSDQMc,ase,train
efAlc_WfxGk,ase,train
ZeJAWQ5iYig,ase,train
8eNZ9k5_VVc,ase,train
KkoRWDA48Nk,ase,train
YprMpf7OTjE,ase,train
sP83y3h7oMM,ase,train
Zigvoi_UhMM,ase,train
NEWZlkigikg,ase,train
x4AGvXJt1EI,ase,train
OJdOavck8JQ,ase,train
l9MPNB-Ky6k,ase,train
FHSq3o77UNs,ase,train
ec_Qehg7yfU,ase,train
Ub2ZxjTBJTI,ase,train
mr3N2jvvSLc,ase,val
oYTtkJhMp7U,ase,train
CS5jrnHnKFE,ase,train
cQYLagU_Vbg,ase,train
-whj6XrRTrw,ase,train
ALZ3jBYGpgM,ase,train
LNcg4mSf-Zs,ase,train
Luqiu-FEYMI,ase,train
hPrzDxRzXgM,ase,train
QRnNcjO0Jhs,ase,train
ZaQkh_u71RQ,ase,train
52OxKKP6jqU,ase,train
5nUwyw3pxOo,ase,train
UhTZrxspLUU,ase,train
U24_CAPtUhE,ase,train
3yQf9GjL5A8,ase,train
lTjGpJx8svs,ase,test
mYb_QL85cpY,ase,train
ccTI6hipys0,ase,test
HyqNXcP-BBw,ase,train
n1_fsUw0-3Q,ase,train
YdhEJOqLPwg,ase,val
OsTjj1dN8y4,ase,train
Zx96S_hRbus,ase,train
94vEVylHWKM,ase,train
IrSIHJ0-AaU,ase,train
LrwRi4YhByE,ase,train
yzYUr7_W_3E,ase,train
K6qiR3c455Y,ase,train
XpQFdYMyFIc,ase,train
11gzqTBlm5Q,ase,train
b36zxA2FT10,ase,train
9uYdaJLJyk8,ase,train
qijNb0AtOvY,ase,train
1sPp3Oqs_Oc,ase,train
epAHuFS3n3s,ase,train
vaVQtDmTru8,ase,train
n1FwuRX-iMs,ase,train
LOgxQlPwYk8,ase,train
OPNAHfFVypw,ase,train
oLdmSdseW90,ase,test
9SMS-ZZhLNM,ase,val
_DCoUotwMl4,ase,train
OlKOeOXZI-0,ase,val
N4TPKucBOyU,ase,train
QtzYQtnD2ls,ase,train
30mxrl7Tetc,ase,train
25mGwxZhCAQ,ase,train
yKWIqOzLW5k,ase,train
wm77BKdypl0,ase,train
gU7PIZI6R1w,ase,train
4ydvtS8bXco,ase,train
iK0eGrWnoVg,ase,test
TaoKVnV3QyM,ase,train
kT6J1fc9I3Q,ase,train
pO5fA1DAysY,ase,train
5BM9FSYEeo0,ase,train
ukGitZu46yc,ase,train
Fryo6h4YmH8,ase,train
U60Sg_lqTsU,ase,train
9_2q4HTez7g,ase,train
MLvxRfKErFM,ase,train
hT2abCBPcCU,ase,train
zFkqX9CRJdI,ase,train
aSncB-Kn0YM,ase,train
lyoXdAYddCg,ase,train
wfX4siXmd_M,ase,train
9rvcLj4ZWiQ,ase,train
lKUD8MH_BUk,ase,train
AsVTQ4SGjFA,ase,train
9re_3Ex7CGE,ase,train
NWTBLFjhr4Y,ase,train
LLiqGm7shjk,ase,train
oY8YjuAjdkk,ase,train
LQD4N1tDPKA,ase,test
7ZMtxeeGUbU,ase,train
gkG88-cZXQE,ase,val
Q8bUdMEsiPQ,ase,train
ud9mKsmA04k,ase,train
R84B8ZkcJEI,ase,train
XUvJzrV1-l4,ase,train
rdsnnnE4cPM,ase,train
_Ls5utDpcgE,ase,train
LDUwNNW_Gv0,ase,train
H4M4QKqvfYw,ase,train
PbfYYzknxOI,ase,train
GcX0Cr4g2ZY,ase,train
35bR5TNTd2M,ase,train
Jj1gG1--cBw,ase,train
dFhzMdTqwpI,ase,train
VLXjAfu4urk,ase,val
YxWWtEOkP0c,ase,train
4Ll6DW1-A2k,ase,train
hWNeyCAJQ2Q,ase,train
J7h6pFSdWuU,ase,train
cILj2Bgf8x0,ase,train
heA0oa_AAJ0,ase,train
DUEnWt0EIG4,ase,train
UL8EPEjSGb4,ase,train
vyIqnkpFrhQ,ase,train
Vp64x1KkFZM,ase,train
FUzdKTqXyMg,ase,train
HMZfPVZoqVY,ase,train
Hu4FShWuqNk,ase,train
ZSO1STw4OBk,ase,train
U95i069l18I,ase,train
1nG-UNiXjiI,ase,train
TRCPneTNVEA,ase,test
D-cR9xYEMhE,ase,train
VW5fPIeXvW4,ase,train
Bk0ih3Tai0c,ase,train
l9C-kaZyKxk,ase,train
0bIQ-0ExK9c,ase,train
VNsolPbpthw,ase,train
u0YZRLZjekM,ase,train
6oSVUOYiy-o,ase,train
b_d1TLQYXvs,ase,train
EwVxIU8Ahbg,ase,train
8-sswQ3Cw3A,ase,train
ZOIJpPrAhT4,ase,train
4r465_ijzhA,ase,train
oih_3f9Exe8,ase,train
rsnAsAtudmc,ase,train
DTJdB0vIYm4,ase,test
uouualjsGRw,ase,train
Xzcyz8G9lxI,ase,train
R6DsefSuWEI,ase,train
7kZWu85AbSk,ase,train
Mnph92SAZsI,ase,train
CjqGOgpJXIM,ase,train
8q1zJtf4j4s,ase,train
cU7srvz5xn4,ase,train
KRwqge_jVQI,ase,train
0v60vuyjGqA,ase,train
JxYKpaclFZg,ase,train
tRVT9Z070Eo,ase,train
pl6lrrhjOCU,ase,train
R_jb1_zLTPM,ase,train
IkPQ6Yt91MA,ase,train
U3cDcr6qCeY,ase,train
7h1PTqeyiAo,ase,train
WTFlF-z9mPM,ase,train
B91eQSXsWyA,ase,train
ZAk-ZfOBMXA,ase,train
74CF5OotD2M,ase,train
R4-JHCbM4EA,ase,train
jJmz6BT_qqE,ase,train
Szh1jxdFUz4,ase,test
MxalqcqWVv0,ase,val
vdNkY6AFWh8,ase,val
1RR1uwVezgc,ase,val
YtKl0sNkF9k,ase,train
uvMK16Agqxw,ase,train
-ehSzS1c0aY,ase,train
ysuramyKNa4,ase,val
tOZwPvPgFj8,ase,test
PT9H24ZBNtU,ase,train
QCylUzv8Urk,ase,train
dfpsFRD72QQ,ase,train
UTdpVFb-xYc,ase,val
tLpY8kulZPk,ase,train
rJaRD0ZXAv4,ase,train
1VGMYEzJHjM,ase,train
ON-FJ1xJfQw,ase,train
yPBTJABmXOc,ase,train
czqtwlhMyZk,ase,train
jueKsyugef8,ase,train
4u2JoBoGgVE,ase,train
rIrrvstsoM0,ase,train
-OtYFXHq9S0,ase,train
tHeNtFXhlDg,ase,train
hcAf7WBrN5A,ase,train
qjgctnX3fbw,ase,train
BFT_6kIwrh4,ase,train
j9Mv-lA4YjY,ase,train
KEMGcMBaqQ4,ase,train
NWvJtgkznQo,ase,train
AJ_ZTqv5ULw,ase,train
TgUwyzolwu0,ase,train
zj8N_6TeG3Q,ase,train
5JIZ561YOV0,ase,train
Sqk7Lko2Lwc,ase,train
-Rw6Rq60ZFc,ase,val
rqYq7WtAihk,ase,train
R2qWz6ulsj8,ase,train
VVYR6YHjly0,ase,train
ppM4lcPQBdw,ase,train
HifRJXpVGhU,ase,train
lV15ATuEQOU,ase,train
MtRCE9HafHQ,ase,train
CrNRQSbbyas,ase,train
mUq_PsNIi3c,ase,train
jnqd4e3reqo,ase,train
MQ23WfO2Lzc,ase,train
Fyq60KVzYqU,ase,train
98EDPphKf_Y,ase,train
yMlpKcRmoJ8,ase,train
u0GSz5u-tzU,ase,train
QiLaj0Ye55I,ase,train
Yoedmp5njh4,ase,test
toBKz5p_tss,ase,train
-UkcUmFj6ls,ase,train
mwuj2Ilc4Ic,ase,train
an9O9d1j_eM,ase,train
Y3559dZeP9E,ase,train
tcW5eNL48RI,ase,train
Cj7v0c0LO3c,ase,train
MS0BFJXKIWg,ase,train
DKCITWd1-uA,ase,test
X_YNmO9U-xc,ase,train
qE5ONVCZr1I,ase,train
J6s33yha49M,ase,train
LLoeJZ9sPGE,ase,train
MCYuJnxQTLU,ase,train
mfrGIHTnKvI,ase,train
jYPIzg1NWIQ,ase,train
ugU5iUPzGts,ase,train
934jUcffpjY,ase,train
Iu3GLW1CBh4,ase,train
ldz2vbtaLs0,ase,train
Vsaio98oS7k,ase,train
3TWp77pF_F8,ase,train
MT8iMfeE4lA,ase,train
hh4KbBIrWm8,ase,train
TTBNB6NAJ1I,ase,train
TmxBTqeEj1M,ase,train
MutHFONdwCQ,ase,train
QYRM7sfCCPs,ase,train
Bz0pvn2XgZ4,ase,train
fy8huTWmhHg,ase,train
sICXuVW62F0,ase,train
tF5yZj7p6fw,ase,train
couHrd3jruk,ase,train
CSZdHAH5zxE,ase,train
leRpK6EUzDk,ase,train
81yvX4P3AsU,ase,train
VxjRgmtKn5c,ase,test
r1GAmFxpWYQ,ase,train
WnbEu2QJalw,ase,train
8woV321LWgA,ase,train
40jK2C5Ovfo,ase,train
xR6zEytcUdE,ase,train
_0IyiKkM2sc,ase,train
Xe4fXug11gQ,ase,train
ADVfmzs5pSk,ase,train
yZRk6LW2pSM,ase,train
LEkqfiNESTE,ase,train
72MBWdDPmSU,ase,train
AK7iCxlNuEQ,ase,val
HN9XH2aInoA,ase,train
TFkrPqzQhlY,ase,train
3i_qlSgSOmg,ase,test
LxNeVWf6Vjs,ase,train
HH3116G-gSY,ase,train
cbZHmGiTPus,ase,train
QzsTjXlJaSM,ase,train
ojM-ifKMHv0,ase,train
u8atdLklTrY,ase,train
3vlFMrE2hzo,ase,train
ckpAcRAOUjA,ase,train
BEe95Z5Mp8Y,ase,train
a1I4Vh8x2js,ase,train
QTGJzmtEuV0,ase,train
upmSOJ4oSnU,ase,train
oE3p8rFwyqU,ase,val
Sb_BQqpk5jY,ase,train
oADsxuNd6Yc,ase,train
KzzVw-izHVA,ase,train
1BeEdmnlHPA,ase,train
oeEbalCc2fY,ase,train
4DDLH3SlvTM,ase,train
T0du6TlgLks,ase,train
uor2JytS8iE,ase,train
YHPs1r7ZaYQ,ase,train
YogpekW-Ez0,ase,train
zKazNfvs1Aw,ase,train
7zCjd4tPygo,ase,train
9Yp8p8o3yTI,ase,train
7J5MFYoqEZk,ase,train
pqvMPWS-LCM,ase,train
LI7A5egs-hQ,ase,train
3kr0l3g1zv4,ase,test
Xmz19mXNZJg,ase,train
4dgbTPnuSh0,ase,train
AIHf6Ng73d8,ase,train
F1HosAKJUS8,ase,train
E9UiurXRr18,ase,train
ZXXc2_Omveg,ase,train
jJD-taXs_nc,ase,train
2udPD0NYRVo,ase,train
B0s7qoqkBEw,ase,train
VDDjh6SUGN0,ase,train
vPeJyhXqaLI,ase,train
UDSrB7CkQ2g,ase,train
1oztZZLorBI,ase,val
NcqbUqs2C2A,ase,train
0CbfGMz0t-0,ase,train
OvKBcBtLWXE,ase,train
ZwY0oO9oHJY,ase,train
Iymx-3W1bvY,ase,train
BZ8W_hhYOxA,ase,train
q-0CahMV90c,ase,train
MPprqBuAzJ4,ase,train
EowBADhvqyE,ase,train
OhACLTdJteY,ase,test
FxC2nJnpb4Y,ase,train
lVAlWxuUtRI,ase,train
9tkLIN6WEFA,ase,test
FIRMcJCGPBc,ase,train
DpoqXPpoaUI,ase,train
O5RNVnuZejc,ase,train
V9oM0dNYLaQ,ase,train
R-GczQj2xPQ,ase,train
X34EimYTPPY,ase,train
h2vJ1xts2aA,ase,train
XbNvEvG7G3Q,ase,train
4uvWca2M2hg,ase,train
Zr_vu9hjHjQ,ase,train
7gCDYekQAmc,ase,train
aC7Ji4c45Q8,ase,train
DtJ8pZjpD6k,ase,train
OxO-HqM4oOM,ase,val
Hx3nD0AwS0c,ase,train
URyQ_TckgiI,ase,train
uDWZhoK3uy4,ase,train
slgJFJi8aOc,ase,train
MqdjkxoL5kU,ase,train
J0oL1AJQTpg,ase,train
U5EEkxN3V5g,ase,train
NEBWTuiOeMs,ase,train
MK03XWZ-JMU,ase,train
WSnTOGAVNo8,ase,train
kdvA3_BQQM4,ase,train
Xu1OVMHU7bM,ase,train
UWhj-5PAwgg,ase,train
yp67RNSPjvY,ase,train
P15KPyXH8QY,ase,train
B8XJ1boNshk,ase,train
cB7rUlObVtY,ase,train
_JpDTLv9jzM,ase,train
6Cfk45eDysw,ase,train
VW0wIHxzs0k,ase,train
lu0zlvtc7rE,ase,train
roICxWMkO_o,ase,train
S0RKmY3zrEo,ase,train
T_YCIzkRGs4,ase,train
D1lm5Pa_0uM,ase,test
2h_DPMZ9mAo,ase,train
zF4i07qD54o,ase,train
NeyvdRoPJQg,ase,train
HsOenrc-F_8,ase,train
QJmeGWpbcZQ,ase,train
G_FaDl-CaE4,ase,train
az7MYHty1yY,ase,train
LINyB3xtn0A,ase,train
w9vnEc3BaPU,ase,train
13xfJ2IO2H0,ase,train
OV7A_KVhtmk,ase,train
cOonyNr_B6Y,ase,train
m_DYerA-NLc,ase,train
dF35ufaHaps,ase,test
UORt-qYCeew,ase,train
5mvbzMFRcIY,ase,train
t2DWKc0laAk,ase,train
sKGH2pl8drI,ase,train
jS2MeU6wveA,ase,train
6O7xQpT3As4,ase,train
5p2ZOmY542c,ase,train
5t1nmidxKHY,ase,train
jOsquthKPkw,ase,train
Gh1Vj-EnXRc,ase,train
Zb7NT7mh7QE,ase,train
F74ImDLYi80,ase,train
jZ42hpL8ENM,ase,train
1cZAKuFpckI,ase,train
74cZyFxTBUA,ase,train
br_IeqF6cdA,ase,train
LDIjJtu6rsg,ase,val
fVy13xK1a78,ase,train
hOXTMirjFWo,ase,test
lNk-kTu6V6k,ase,train
7ngVUJlUUb0,ase,test
fa0GnPvCsgU,ase,train
cZq-blTVFVw,ase,train
qv-P4e1uavM,ase,train
UqYA4BpSyCk,ase,train
FJfkcDF60lc,ase,train
99fnOjDVBZU,ase,train
fPJaOULf2a4,ase,train
U5im-2JeTd0,ase,train
Ubwi1kGF6mw,ase,train
j0Tc-YXLplo,ase,train
LUJgt89aqaw,ase,train
Ue9ilWj6BYk,ase,train
I9GFuHt5HvY,ase,train
KEXevb7DQGw,ase,train
_o4qs4j-csU,ase,train
g2CV66yxfVI,ase,train
UJi_kXznwHQ,ase,train
UVgN7ZA7ZNE,ase,train
23kppT5hKWU,ase,test
qEBS1OXXdEY,ase,train
KupNo63Ujus,ase,train
XkIsj24DU1o,ase,train
cABkcKFQfH0,ase,train
Dphyo16IOME,ase,train
hpyZCOBLNio,ase,train
6n8PyIYzS-w,ase,train
oD64IGd_0sM,ase,train
4uEoFmApOsw,ase,train
gBv7-3rPwho,ase,train
gYFqguvdvuA,ase,train
c_YTwu43V9k,ase,val
FnG1E7YhQA8,ase,train
UX3GCqAbQx4,ase,train
FGq-RP52wEQ,ase,train
n41ff6o4Vp0,ase,train
tVlc819JMDc,ase,train
6UkyFG5dw1s,ase,train
XdsbrkxaV04,ase,train
nkyNqONyAKU,ase,train
ngGYyMkmCvU,ase,train
q_iBXRz9S8Y,ase,train
4MLsp8dZBjw,ase,train
lqNSi2y5w40,ase,train
V_6uSqOmL58,ase,train
_UNYWrYWVd8,ase,train
AHj0jXqH1lg,ase,train
OnPfQk449gE,ase,train
mWNfYNaaTYM,ase,train
UvGXwX0PJtI,ase,train
8QD1vV54yDU,ase,train
t05kHOj3SA0,ase,train
YiRzL17FrtE,ase,train
HNd4UOfiCrI,ase,train
kA-N9--RqwI,ase,train
MCc_vX9890Q,ase,train
xfb-CqyjV64,ase,train
lrLRGbc-Uu4,ase,train
RfHPNnXRZh4,ase,train
ett3B_ZJN2A,ase,train
m60X5Hisde8,ase,val
NJv9U01Oiqo,ase,train
Mf-6ote2hLc,ase,train
5kx2eB3uh2I,ase,train
pXnK3Kbpa2c,ase,train
-w3fITJYQy0,ase,train
o90dgdXbvRU,ase,train
YbFHq-15hb0,ase,train
4PtPO1g4LXA,ase,train
tG0NS_9vTjY,ase,train
wXdp5VrzYCg,ase,train
SE9_PXf_X8M,ase,train
QywMRLBunbU,ase,train
NRTHid0Ow7g,ase,train
BchT4cGgPCc,ase,test
vOs8tKDM-EA,ase,train
be_i-u-NGSs,ase,train
kGfA7EYRpiM,ase,train
9g_1vbqhwjM,ase,train
xfyEt1g8SEU,ase,train
QrxAWqLjaD0,ase,train
a8tsx7XMgtU,ase,train
7zvqwTMTRfQ,ase,train
8ePE2UkP920,ase,train
anMSbFbD4pc,ase,train
XQP8ivxrnbQ,ase,train
nuf5cJETdHE,ase,train
s4kiZzCf40A,ase,train
9f4fsBDZVqM,ase,test
ujqsIlgj9Aw,ase,train
Uhw_pbVunSI,ase,train
o37iOX28STM,ase,train
e_eJiLylQL4,ase,train
TiPImxjtqNg,ase,test
xt1o16xAzyQ,ase,train
OT7KQRg_O20,ase,train
uw0c43kVlFo,ase,train
ELmdVcpqaQg,ase,train
cEom8YYFhRM,ase,train
sVUClg_piWI,ase,train
vknN-Ceg_YQ,ase,test
27mbVu4v49w,ase,train
l5uNQuW-kAQ,ase,train
HNKst1p8Lh8,ase,train
L7rfSSDwvbk,ase,train
gfPMvYPh-K0,ase,train
qMITYqTzaIs,ase,train
DRPLoPia7nE,ase,test
BFp353xW5TI,ase,train
eym7NR7kJzU,ase,val
9m_KwxZ7XXQ,ase,train
FUlqFh4cW28,ase,train
0JYql1QeUUI,ase,train
Tuza8cyzzDY,ase,train
GNJLBQizHAw,ase,train
yAbnEGBwTXk,ase,train
mi9S0tBmpX8,ase,train
j0K7RECxxHE,ase,train
CzhP4vJdsFY,ase,test
nDTWaek1XIk,ase,test
KbfrxvPY2Dg,ase,train
OLcyZbIEVGQ,ase,train
6RwmiOsDKuM,ase,train
Jv71lyI3feE,ase,train
C2PF8sH-wvA,ase,test
qZEJ7NALiFo,ase,train
83El0jvP6RU,ase,train
kknhlds6zfY,ase,train
16yp4zWo9Jo,ase,test
0TJNkt3LsBw,ase,train
D0rAszOl61E,ase,train
8UBPiAhcm50,ase,train
ThjuShhcUaE,ase,train
pZ62cl0I1Yo,ase,train
6wqBCzGIUkc,ase,train
zi57WR-eUMU,ase,train
sAgV4t_DxYk,ase,train
lUUCQrrpsz8,ase,train
8ye7jzosh9M,ase,train
fJV6jkrAaeM,ase,train
Q_A8jLQuibI,ase,train
EjOFh9yZ95U,ase,train
fHRfZcsis_A,ase,test
2SEgXpck6-o,ase,train
Eo1SWvpjuiw,ase,test
r3Fbpx5zGE4,ase,train
laPjJmJpoAc,ase,train
aMyosvJRKYo,ase,train
I7mj9KXJ-RQ,ase,train
itTYwZwV0F0,ase,train
3bQ6-0PfEN4,ase,train
2QdQqAAn1zA,ase,train
JiFs0Jk9IPM,ase,train
ygKYdl1NFxo,ase,train
cNHa3bywzbQ,ase,train
eOpoyiDdCF4,ase,train
UoRwn-yI1bM,ase,val
ZuLSu_I4rMw,ase,val
4RgkyXwZ8Y8,ase,train
ZV2FGoulS6Y,ase,train
UZMi6WFrh5s,ase,train
E-2ZgqPURdg,ase,train
rfa6GQ6K2bs,ase,test
CIWcOMC5wUs,ase,train
94SBPn6OteQ,ase,train
-4BE5VUpsjE,ase,train
gq5C_poWgOQ,ase,train
n5de6Jmniko,ase,train
n3mCK46qY80,ase,train
Nmvu0vPS3wA,ase,train
dktRu1PeGyk,ase,train
bVdmOOA4QVQ,ase,train
u5U3pLckpGg,ase,test
BnfqJS7g3VI,ase,train
67Oh2y4te2Q,ase,train
AitfRiK646U,ase,train
kBXo6C0OUf8,ase,train
Df_agnIH42Y,ase,train
flyIaWbe4CU,ase,train
lYKDOlSTEw0,ase,train
9AQ7ygBPLcM,ase,train
Xx_OTQSMS60,ase,train
22V4MQ8dc2Q,ase,test
hSVJ7uJXGLA,ase,train
XYgwVz2Bxq8,ase,train
sCkQiHJdQ98,ase,train
rApOB1K87H0,ase,train
IQ3IrIG-crc,ase,train
5F8t4Bd-aWM,ase,train
UtzsW3X38bM,ase,val
NzhK3z-yhzk,ase,train
PWduW8zYUmM,ase,val
XgmdFqRAnqI,ase,train
DbMKzxQHeG4,ase,test
eQ-M2Sv97ME,ase,train
cKooLmJIe2E,ase,train
MH7tmcrhVGM,ase,train
tgu_e0WXErM,ase,val
UwrdcVfouSI,ase,train
P53nVga6IVw,ase,train
awD08Oq51OY,ase,train
lD8_pP7S7Xk,ase,train
rnbzXYt5CBA,ase,train
VDLxImEzqwE,ase,train
vuYCD2U5lHQ,ase,train
_Mf9Rygx7PM,ase,test
w0iJ6Nt4GlE,ase,train
mdzw4Rd6nu8,ase,val
-qrtA36zp_I,ase,train
8Yo2CSI7_ko,ase,train
QZ7DSfzZ5Tc,ase,train
RrvG5IXEZ1s,ase,train
UXHVShE2tc4,ase,train
oej1DRHuJKY,ase,train
mYiyksjbzPs,ase,train
xmsgv41GkxI,ase,test
nQ-_oOb3whs,ase,train
9fyLIRs0Iys,ase,val
q2zUnAKVXuI,ase,train
B75k7KeHN2Q,ase,test
IKZkcvBAIT0,ase,train
R1rj5DHomPA,ase,train
o-N0ToHzUDk,ase,test
xQyPj6ADhiw,ase,train
jk5BfgbzJZo,ase,train
_fst9ulldFY,ase,train
FCVK6UuVZNc,ase,train
Rcg9RO7OIP4,ase,train
fxeJTkvFnnU,ase,train
K-YCM9NwCNE,ase,train
7LCL-sC8leI,ase,val
8DCojUVix2g,ase,train
EGtafx2IEyA,ase,train
Wru5F1JV_sU,ase,train
DHmwWOFXbYo,ase,train
RsKp5G_qo_w,ase,train
OO6irMNpCCc,ase,train
4Fo8DhZ4b1I,ase,train
yNTyCvgwRtw,ase,train
0IOv-YuOTb0,ase,test
io-zYb3k7Dk,ase,train
nZclktmSB9s,ase,train
i0gAXo-aCoY,ase,train
Mce6TxVdZWc,ase,train
9tKib1Bqxyk,ase,train
xV7gYo4Rpuo,ase,train
5a3mFrRaPO0,ase,train
O3Iw7Y_zgVQ,ase,train
kiZpNIaBTWo,ase,train
qmc5Wg7uEEc,ase,train
I6jTWqNDMEA,ase,train
WVgRcRiACYQ,ase,train
VeIINGzomOw,ase,train
nJMDsSiugpE,ase,train
dUHJ77_5eAo,ase,train
6C6NLUHDKHs,ase,train
HLegloudIEk,ase,train
pDz5nXrr8aQ,ase,train
Hed8JdrS3mk,ase,train
lkla4AC7Wyc,ase,train
qKQnJ21TMh8,ase,train
uhaCSU5K7XA,ase,train
6RDO3AS9yzs,ase,train
n-8LdSZabx4,ase,train
lxMBjE6rjEA,ase,train
ZnLnrSRgxD4,ase,train
dCChh4-MmZI,ase,val
oSa3wsVgAPU,ase,train
clYkFATzXrg,ase,train
soOr3Ub37yQ,ase,train
kSLcJ44aL1o,ase,train
SGXOBAcLQJU,ase,train
xUKMPR1fEvg,ase,train
dDnnh_bkzcc,ase,train
xpTYAjshwKc,ase,val
N1dQwxxfmSc,ase,train
R6mPO66JCVw,ase,train
28IOz4eyBpU,ase,val
nTGD75IPXf8,ase,val
_Y7GO4EBiH0,ase,train
EdP3OReAhrY,ase,train
ie5MhZ9j1EE,ase,train
fIs7tLYRU-o,ase,train
juaam_8fKLI,ase,train
txsMEq9nQZ4,ase,train
cC3t7u6QyJY,ase,train
Pr-9YEMgg5Y,ase,train
Q4yHyCVybww,ase,train
fHhkhq89edo,ase,train
s6dnNDXiSJg,ase,train
YsPQYBIcNkY,ase,train
owt9-Jasjf8,ase,train
jSLvCxBioVs,ase,train
k_1wJJHN6a8,ase,train
UwBtgpSeds0,ase,train
G63Zr5VvFls,ase,train
ZlX-cFSzOu8,ase,train
WhHF7ElmDV4,ase,test
OUBT0qIPd0k,ase,train
NOLBsLOFpbs,ase,train
d-X7SiThG-k,ase,train
Tf4Ygb0Wjzc,ase,train
7mXqT8MubgA,ase,train
MyG4GCBFW_k,ase,train
YTzcPwyPxX8,ase,train
CT7yow36XL8,ase,train
JUG7bPC04QQ,ase,train
9YE3zTTBXBs,ase,train
UXVG4hfKNsQ,ase,test
IBrm_QyY_iY,ase,train
sZJcSfn4DG0,ase,train
3QMcGx702tA,ase,train
Yy3-8q5M4qM,ase,val
3cBm0uHL8Ig,ase,train
ERDOlMvHFy4,ase,train
LWzoit5RVMc,ase,train
_KBi7uAd_WU,ase,train
vO0ffFltquY,ase,train
QDa4Tzn0ADA,ase,train
vTlANV__F-4,ase,train
2DGjhMDkwTk,ase,train
8YfMKjCRp7s,ase,train
iNGuC7P0DlY,ase,train
W1R_FmMggAI,ase,train
awujq-_2WNQ,ase,val
zKrpkBY23eg,ase,train
Q1QaNyDMSyY,ase,val
b7pItY5qQKE,ase,train
1_KY3LF4SGE,ase,train
s4xUau4Xpq0,ase,train
Pj4xO9gfXUw,ase,train
aUTQZXigtMw,ase,train
8a-ggXoCqg0,ase,train
vwtRFwlrnPg,ase,train
qAK43TdZRTI,ase,train
WtsKdKrZsLI,ase,train
yUei6yhtwNI,ase,train
PzotlZ0cgIA,ase,train
KJlXacXXerw,ase,train
W0or5gutOg0,ase,train
w51VtPQ38ug,ase,train
DM4XDHbqoTc,ase,train
_uYqxDoTsYI,ase,train
j2xwXG0wH78,ase,train
e9xDBCJwIIs,ase,train
2n2GpS3HlCw,ase,train
KUgimv-oWp0,ase,train
p85FnMKhVWc,ase,train
ezEb24qlGVw,ase,val
-OQn9wWc4a4,ase,train
WPONo9Gzfqc,ase,train
6mKWf2QB9ps,ase,train
ftvfvLHyFJ4,ase,train
vp2RoNcX4Ik,ase,train
YatAVrwYqDk,ase,val
AmfgYMfevG0,ase,train
KzqOd_JgxSY,ase,train
Wj_sHwDqego,ase,train
y4spGtZZ1mI,ase,train
nbG-hKvFA5o,ase,train
BtS-rrPCj0A,ase,train
08KIVyVAnDg,ase,train
MSmA-xhD4rQ,ase,train
H4rmmUgu7Dk,ase,train
z04gTVJd5io,ase,train
qw9jMRqQ8qU,ase,train
8gVQUVs1NGc,ase,train
SbPw29pFn5o,ase,train
eoiw4-7zSAw,ase,train
59gGMhffroM,ase,train
XTJrtxfCw9k,ase,train
BSRkKugmny0,ase,train
XAC_GvWlXmc,ase,train
i5DsxiQLDdk,ase,train
U-S034wyEFw,ase,train
CQwW0j3X2Nw,ase,test
zfICVqUFELw,ase,train
Zed0lKQqzek,ase,train
vGd2QzHqHqo,ase,train
jhAW_AB2i2E,ase,train
naxhEsxTTzc,ase,train
oLjPY2NFd4w,ase,train
PgZ0ZFPD6lw,ase,train
q6nNr04_0U4,ase,train
dsL_oOzhZAY,ase,train
jIZIWj_shq4,ase,train
Ljre7x00j44,ase,train
bG3dWWZvcDM,ase,train
uG9UEmNWD2Q,ase,train
ZdV2Wlb1d5o,ase,train
SUZdltkRe2Q,ase,train
rPQTvR5-cEk,ase,train
AVhrwJUSu4E,ase,test
O-s_SseCoKc,ase,train
WjBFdwxocfA,ase,train
NZdI94WuNuE,ase,train
skkmWn1AMCQ,ase,train
8JfLb-hsalQ,ase,train
J9HZ1JdV1Us,ase,train
sAesoWOSknI,ase,train
FID6QANNqII,ase,train
Dq5ctDmOVEU,ase,test
bmn6IqMlksE,ase,train
WYTESKsgwQ4,ase,train
-yq3pCAjBqM,ase,train
f2jzl4sVcc0,ase,train
bvu9JDYtyb4,ase,train
C4o2Gy-IjhQ,ase,train
j-hn0Obg3rk,ase,train
KZO9to7c0go,ase,train
YBi-2zXI-JQ,ase,train
jYuabiuuV8Q,ase,train
99UPWRnsr8w,ase,train
myWiPf0uRBs,ase,train
VGliVjaZXdU,ase,test
mV9IX0harY8,ase,train
3IlxESnsAxA,ase,train
DDlsMTyzUoc,ase,train
Dw_D_Aw_vAs,ase,train
C9dyFAX1Iuo,ase,train
2U8Ih4IiYSs,ase,train
QwDTz259LH0,ase,train
ysIta6SCE5Y,ase,train
6FpbWUYAxbQ,ase,train
NNeY4PdfcTc,ase,train
YPeE9zLyr0Y,ase,train
H2GwWhWntYI,ase,train
tyCrk_YnwgQ,ase,train
-jR5TcwvWiQ,ase,train
YG4XMhG4gC4,ase,train
KEvlxSiozkY,ase,train
3_LiLpewX64,ase,train
tgIlBLpbaHs,ase,train
4qREV2Ggyjs,ase,train
VWOZbLAE7rg,ase,train
ssjUEenTVIk,ase,train
66IddloOA8A,ase,train
JVbUEmuk4Bo,ase,train
uRT1yO3F_zc,ase,test
_0R7KDZDEAk,ase,train
HYzzdczfG7w,ase,train
u281k6xYBMM,ase,train
ifbqsyAzi64,ase,val
iQTqkxyEDgk,ase,train
jNxynmte-jQ,ase,test
LGhBgylOkB0,ase,train
qnL54ohPLbw,ase,val
9EOVGpeJWI0,ase,train
LK2YgvNpbKc,ase,train
vTB2s_ZtjVo,ase,train
FpjbsJpp2BM,ase,train
-CAKTfoVP18,ase,train
NwVnkvY9FZI,ase,train
TnhMpjUo6SI,ase,train
JZYGQAByfGo,ase,train
zdcz8FMf8Uo,ase,train
_oorhtSCNcE,ase,train
R4QYmHCCJh4,ase,train
VxJrauVmzcQ,ase,train
k2u8Mpxdcwc,ase,train
jmoXVGvxe34,ase,train
58_nNifjxUI,ase,train
7OBsKgNMT_8,ase,train
9f2qSHZWunQ,ase,train
n88Y_H-IS90,ase,train
JPSm65se4sw,ase,train
fLtoheU9EUc,ase,train
qTZDshOTU9Q,ase,train
HmAJ-_mLP98,ase,train
bbJ-plhvfM4,ase,train
kwT2IRlWxUc,ase,val
W1pWXm4zas4,ase,train
QNCzyGiITfE,ase,train
8wt-w_JS7Ls,ase,train
S5GQvTSg9jU,ase,train
ISxOqL5jFZI,ase,train
-xg8MDaGgyc,ase,train
WXQMOtuIR84,ase,test
8iQkmfKQXeE,ase,train
J0s2YWhWCDY,ase,train
25xI45bNg5E,ase,train
khdELO21z-k,ase,test
8Rhhu7wwBuQ,ase,val
oelN80DCHFM,ase,train
RcyY1uDO5UY,ase,train
p5qzv5RpMnc,ase,train
LnnOqYTBF20,ase,train
S7q3eYkfLfw,ase,train
AiH_sKUf-1w,ase,train
BkZ8qHji_Ko,ase,train
l9hDE7USTPQ,ase,train
md2_n2PIyk0,ase,train
B-3GV62_w2I,ase,train
0Klp2jioXa0,ase,val
gNTyDqCiQDE,ase,train
efRZKDXvOhU,ase,train
66iGd5YlT0Q,ase,train
b-EO17Xx7U8,ase,train
9OyqVGW502k,ase,train
HWoVuPWOCEo,ase,train
wI8o8zgEK88,ase,test
CSsASyZgf_8,ase,train
jGoDXwgDCNU,ase,train
c1QeZsIdxrU,ase,train
USIe2hc_Bro,ase,train
bfMbynghJq0,ase,train
n3ULY_79Juw,ase,train
1qKLFH8eMoQ,ase,train
yFKCqxhRo00,ase,train
yY_CxznqWaY,ase,val
Wbj-yWkgjqQ,ase,train
Hf0DhAtbX-k,ase,train
ROONGZg8ulI,ase,train
I_K_5FdmP3A,ase,train
WrvnDweaP4U,ase,train
QxbS05yyKuE,ase,train
LagcvCtEkMM,ase,train
wAvNUVCQ4gE,ase,test
kHiaBG6USEs,ase,train
Y6VleilREQA,ase,train
P2n_rln1aYY,ase,train
sA4dfSu_8L8,ase,train
k_Jc-9aoEO0,ase,train
8dZkrDpn9PQ,ase,train
dSOgbh6IHV4,ase,train
1oR8oO7Gq34,ase,train
dFirIN6prKQ,ase,train
P7ghe69j6a0,ase,train
m-0FipFkOtA,ase,train
oSj72U4klA8,ase,test
YuIwOOtAu58,ase,train
LtyPTM-MI-U,ase,train
Kl6St-1S4aI,ase,train
2xqgpo-bhEs,ase,train
94Z2ddg4B5g,ase,train
5_gLhl1LoXc,ase,train
ZdWTfx4ZoXc,ase,train
dWDyfFg5vjw,ase,train
t43ONPF-J4I,ase,train
zRaZLpNZqpw,ase,train
cIyTqkJRsiA,ase,train
f-TV2ciYdiM,ase,train
a2794X4VPsA,ase,train
4nH6b8btqso,ase,train
HF4prec7t08,ase,val
TU_IubeYHIE,ase,train
zyIPhltPSCE,ase,train
s1FQlJHr6fk,ase,train
aMGYPZweDG4,ase,train
RAgyCxxPbZU,ase,train
7vT58eLvyfM,ase,train
Ps8zjrQG-5A,ase,train
Qzluil1y6x8,ase,train
1SL6lR0R8Ws,ase,train
FJMtKPMTeTA,ase,train
OPLs8Wqk8Fo,ase,train
DWrOv9up5Es,ase,train
o9iGNDbDSro,ase,train
ZE8BF_sruvg,ase,train
eNGkoVwGEWk,ase,train
-4Vny515GWw,ase,train
jWP8Gmu1UL0,ase,train
karpd21lJLA,ase,train
0BMwvkUGl4c,ase,train
C3Ae20lXJ1I,ase,train
tDIYYbSwu5E,ase,train
5ryiAfDbjD8,ase,train
vIibBvdoRXw,ase,train
gwEsz_hCmuA,ase,train
DD2QZ7JgEXk,ase,train
quNoJasleSE,ase,val
TR0VBky68aM,ase,val
SjvHQx3Uel4,ase,train
hFlZv6PMtCg,ase,train
0yd0yQX7HbE,ase,train
YfcBBscutoc,ase,train
B6_LLS1yetA,ase,train
i8RnOvkQUpo,ase,test
kwxQltsusr8,ase,train
ECTpQld1OnE,ase,train
UbzoUh87zzQ,ase,train
MOOXeqDO6H0,ase,train
xJ3dkeBIYoM,ase,train
8lws0OAn9gI,ase,train
sMggPgauBq0,ase,val
p-7s5Kud8EA,ase,train
QlPmEAkbSHg,ase,train
hngFfU521EM,ase,train
zttu8OnhRAo,ase,train
ZHWqoiKt4Ys,ase,train
0bw1VchkoSo,ase,train
4t8h-sfObpQ,ase,train
tnXvQ96_cec,ase,train
DnPdJDQhQ7A,ase,train
VVsWTOUcA3A,ase,train
nxZXCiDdWmc,ase,train
WMBglx7N4Ls,ase,train
zt45ty_iElI,ase,train
h0YT-g7f5PU,ase,train
mncekQIZbGI,ase,train
MplltYpsODA,ase,train
wg_bR1TGa2w,ase,train
pRt_TcdYud0,ase,train
8e2QtlFYwDg,ase,train
hNP0bcp5NwU,ase,test
JRAXxpD4Huo,ase,train
nqkArd7kh4o,ase,train
njymm9Cu8jA,ase,train
F9Ieaj2dztE,ase,train
6ApZkKOcahA,ase,train
hVDHrtvy-9w,ase,train
0m3glzoQMfI,ase,train
eBMnCzkeBzU,ase,train
IVLl7QWbgWs,ase,train
nqY2z5TjlaY,ase,train
uTjq08gW8Ws,ase,train
fB3k2bsdEdM,ase,train
ulGp-rv5VnQ,ase,train
Eec19fmZnEw,ase,train
jqmswTdSIYg,ase,train
J3FHvpYFuEs,ase,train
K23fgDBdFII,ase,train
BWApSs8onSM,ase,train
LmQx5X9FB1g,ase,val
0XUkpqq1Xm4,ase,train
tSjKoDBWzeI,ase,train
VV4qPtAv9GQ,ase,train
UCtemcR7D2E,ase,train
h_4uICPN-7Y,ase,train
xg3qbl-KRwc,ase,train
qJ19Hf2GM2A,ase,val
XiD4W0pk3Q8,ase,train
OX-T5YimgYQ,ase,train
QNpNVZlb_Jk,ase,train
2ApWoBjni40,ase,train
nr6McqlrCMQ,ase,train
K_rGlaGWKEQ,ase,train
EjnpDrArdIU,ase,train
04QD9ew7UHI,ase,train
RA7KFkY3-Zg,ase,train
sBvHu7RqFnE,ase,train
rvNON_zYp8c,ase,train
ao3GKaJ8UXk,ase,train
jA-_s0oSgk0,ase,train
1GhFf3notdw,ase,train
FBnp23d3yXM,ase,train
0Pp2AcPbHnw,ase,train
lq2W-rccGEk,ase,train
vOs1MwAyN5w,ase,train
hHeg8OCbLFY,ase,train
vDQrAYe12q4,ase,train
QUTzZkDRdWU,ase,train
4DBavnAzNpM,ase,train
cyHWTykxkw0,ase,val
GnrIsgox9Ag,ase,train
WDwmJ971cPI,ase,train
6sHCD5Z-PY8,ase,train
y6Eg32G_-IE,ase,train
cxwvUcgHJTQ,ase,train
wgqrfd510QA,ase,train
IEMCA1eKphY,ase,train
zTaQZ3jm9tE,ase,train
-hWHTo8aY-8,ase,train
EHrlC1cRYEc,ase,train
xy2krJiUJuA,ase,train
Zvl4vkqPAGA,ase,train
EurAaW57uNY,ase,test
PpmxqVsTL_k,ase,train
aw2cL_Fp-98,ase,train
ZMfbf0e1r2w,ase,train
V5fB-touH2M,ase,train
9zSa82z-EB0,ase,train
WOvjuTNj59U,ase,train
bxqr-WCdgVM,ase,train
sgvdFP54sp8,ase,train
WhxJMAHGty0,ase,train
Gm7IcCMHb7A,ase,train
Tpw8ajX8Tv8,ase,train
j4EMGOoSzXk,ase,train
9yQa5zb7_3k,ase,train
9u8gNXQRpys,ase,train
jpcNyEJyjcg,ase,train
mN7JPedgazw,ase,train
9PukWssJCj0,ase,val
_F618MgByok,ase,val
acgQC7qHkJY,ase,train
y7gNr2Aluvc,ase,train
SzU14us946I,ase,train
43sM8Rod3F4,ase,train
baaNL2UekR4,ase,train
2mSvSSCM-2Q,ase,train
E4LmaDsDlI4,ase,train
y18NayhOC-I,ase,test
A-zWWYKCMAc,ase,train
XTAcd4OWNn4,ase,train
aYezXSGaetg,ase,test
ZHQ6AWd7F2U,ase,train
qdFM8JpOuj4,ase,train
PicilFMI89Q,ase,val
VjmTr0jj0g4,ase,train
8lGDj6nhWyU,ase,train
yL65NUkmoBs,ase,train
ycgFltjvtAE,ase,val
cK-pGMPpq50,ase,train
Y918GXj8_Es,ase,train
VDz2RXC6O00,ase,train
yFnnsNCDdVU,ase,train
glsUxVoz3k4,ase,train
fHNRFH_5IIQ,ase,train
n0StT9hy9Ns,ase,train
dZe0_SjZegQ,ase,train
huNawG9KSaE,ase,train
XgqRefieOU0,ase,train
w9_zkYEp21E,ase,train
RF6oMBI6t-U,ase,train
O_8DHP-V8I0,ase,train
Z-EZnkI4bxc,ase,train
tdYlu88Hlo8,ase,train
vD1yRaESc1U,ase,test
-JGpOd2AlVY,ase,train
H-V-HMIvt50,ase,train
s6UvhpTVbn0,ase,train
8D2pIjWocGc,ase,train
T4gpekvztnw,ase,val
jHD2Q2uS4B0,ase,val
rfsaCjnfFi0,ase,train
a4l-djeGlFM,ase,train
trPRXdR2_us,ase,train
ATShu5V-Kmc,ase,train
Qap89ubd7SE,ase,train
vOdoFInjH8s,ase,train
lAVrHwVdGdw,ase,train
fkvckJnNlZg,ase,train
gBqbKwEAxyc,ase,train
yumRRo-y5Rc,ase,train
2NJXip1avxY,ase,test
ZLOfo5GoE4g,ase,train
i3S1W1vVNGo,ase,train
mQiY1CFhSfw,ase,train
cEi9H1cTeyk,ase,test
P6wVusjAPEk,ase,train
58IrPeKRGXU,ase,train
Oqh702l37Aw,ase,train
RAulml-Hepk,ase,train
IzXcZS67ez0,ase,train
Z4kNm1430rs,ase,test
Ahx8NS11SdU,ase,train
9_NWW2Cmm0o,ase,train
4eNt91uV02o,ase,train
u9I0d1_NdsI,ase,train
Gtp4DveB-II,ase,train
ux1z5BGrON4,ase,train
-y3mL4-jfsA,ase,train
lMop7qeQ_f0,ase,train
o9q_x6BTAFY,ase,train
r9iPVYkYQbg,ase,train
uL9WOcOlszU,ase,train
u4IHUmgFIHY,ase,train
bNKPg61L5Jg,ase,train
4cqnw_Nqp78,ase,train
_Bb-sdKEk5w,ase,train
DELrZmHE-Nk,ase,train
rMZNQBpkcVI,ase,train
GJMbStcjU14,ase,train
Htulal9Shy4,ase,test
km4vVwfXjmk,ase,val
SRl71JDYQuw,ase,train
RJhJFFMtSfY,ase,train
CbLU6ylKu-M,ase,train
cki0YKx-gXE,ase,train
pxDCR1IfRFY,ase,train
u3mMeKC356Q,ase,train
y1vyL2AukCI,ase,train
6LM-dcvG38I,ase,train
W_IPtdsIUOo,ase,train
KaBfjkevTUo,ase,train
S1p8PnK-1g8,ase,train
-4FUS54WneA,ase,train
nnKfjiQKdVI,ase,train
k9fkq1VpHuQ,ase,train
cIUaCkrUJyE,ase,train
GfHPqvE3M8o,ase,train
U-WbN5lKQgM,ase,train
Spyi286qUgw,ase,train
fHAllKkRp7c,ase,train
7P5LkLmvkXY,ase,train
HBQaI1ZG-LU,ase,train
AGtVxs-O5D8,ase,train
4zxsXJFD-Yc,ase,train
2ALHPv6I0zk,ase,train
YsSR550Et9E,ase,train
2X-GamfdBRs,ase,train
lNNqVy2B37g,ase,train
6uUb72v37QU,ase,val
8W98Dr2gH_g,ase,train
79in9ZSvhR0,ase,train
2ChVL6Ji4Ns,ase,train
1SXpmomfrjU,ase,train
mP1Wn4yE1qg,ase,train
ghlUhZ5L7AY,ase,train
P4nt3-UIsCY,ase,train
_5omIK4INfQ,ase,train
DLCzS2LR4oQ,ase,val
ngooMpny_A0,ase,train
WY-TW4t4FFQ,ase,train
Nlk9f_USTYQ,ase,test
VF3nskTUXJI,ase,train
E93KaF4-N7c,ase,train
zX1Pi3XUhZc,ase,train
eCpwR8rH5mg,ase,val
-MZpBWGx3ok,ase,train
AFCFJK9dQPs,ase,train
rvMimGrCPOo,ase,train
WoaYsF_OzXU,ase,train
-XPhFsnjyFA,ase,train
S1QVJZQQtQ4,ase,train
Pu0I7QRqWKM,ase,train
n-FPK0l-dyI,ase,train
_Sad7s8nfnk,ase,train
6p4UGEPLITk,ase,train
Pqy_kg-lRFg,ase,train
l8eK5qv6ciw,ase,train
JAN2lWfCw7A,ase,train
mjIWXwEVRRs,ase,train
0YR_i6PVM5o,ase,train
wRSoXJ6xxvA,ase,test
uvnGIkxC79I,ase,train
pGJ2QAUFUUU,ase,train
gDeSdJXNtPA,ase,train
Oo0zHxSt0A4,ase,train
p_AUb-m7PWc,ase,train
3Iu3rAesooU,ase,train
CmQ05WSvK5A,ase,train
CyJcEOOooCQ,ase,train
vMA6co0YmmE,ase,train
jw9kuUQhuws,ase,train
7EnQV3iYp8E,ase,train
3kqxBxvrnDI,ase,train
BeNuKuGCdUo,ase,train
ytIeIfvOEVg,ase,train
A5CYyg00B2M,ase,val
MkLfCi2Oxrc,ase,train
IZVCyhzYThI,ase,test
1nOjFG9hRwk,ase,train
ZAEV69nlbGw,ase,val
sx20q33DAGc,ase,train
v41HV1-hmD4,ase,train
pYwigc2PBmE,ase,train
VNLvLnDSRvU,ase,train
JsFE8jXGk9s,ase,train
GPiQk3XwzyA,ase,train
rpQj5mzXaTU,ase,train
xDVJ-zZ8nm4,ase,train
Qmt54i7ZRHY,ase,test
iDyMVtdAY8Q,ase,train
JOfiJhhAXV8,ase,train
0J4_26aTVF8,ase,train
Fcp8ifIdXEo,ase,train
tIrQE4sJpP4,ase,train
9cS3imL0My4,ase,val
GeaJdGaL06A,ase,test
2D43l5lh20k,ase,train
AcU7KMdpYOg,ase,train
WvMcI1Em3GY,ase,val
TyYqc3N1XLM,ase,train
4ZUgccpo8Ww,ase,train
vjeDD4TxmDI,ase,train
PXGRAku5C9g,ase,train
N9dEJoIhOMw,ase,train
T4gMtrPsvu0,ase,train
aOCmNzbImNg,ase,train
_028S46s7bg,ase,val
8tKVxah7Y_g,ase,train
w9kCw1yLPew,ase,train
YJx3ku3uc4M,ase,test
xJ_eiOsZzXk,ase,train
kcSQ17cwxes,ase,train
OBaWIjIHgyM,ase,train
JqZJNu4cv0s,ase,train
U1HmSPMzLQk,ase,train
eP3Lh7p225k,ase,train
dHyIe1NmViw,ase,train
DmI1qY9Szjo,ase,train
6yQyyAsuTUc,ase,train
_Ce7G35GIqA,ase,train
W4ID9quefVw,ase,train
c4QV2nNb1wM,ase,test
MvCudpmXG4s,ase,train
3JH21s6kBoY,ase,train
wasVkGydYng,ase,train
_JIAcWpWWSc,ase,train
06Cg03hP-V4,ase,train
OPdxfXnbbV8,ase,train
9lVN34pkuTQ,ase,train
8ov-_cf8VnE,ase,train
s0gYQCCZHQc,ase,val
7X2_Vm9r4cs,ase,test
Yc3NnXVyNbE,ase,train
OcR5RzTtpHg,ase,train
XnRe9l1Oif8,ase,train
gt10k_MTDoQ,ase,train
jgPEUO-hzIk,ase,train
Qd_dgKM3JSw,ase,train
yUzHZxi3RPE,ase,train
gdyzd7t9w9c,ase,train
4v_6Fsh6k10,ase,train
wcJP6EGwnJM,ase,test
4qLOKzfa-SA,ase,train
k9FUIIiTj30,ase,train
2C__aKaFRlE,ase,train
3OGZPOmBSR8,ase,train
uurcuyBrHLA,ase,train
y8jCNEnhr8U,ase,train
3Q1ltxsVHyw,ase,val
KCC75Q1XZW4,ase,train
SeJl7c5Zmgo,ase,train
bnIgHjUvzM4,ase,test
uwL5kbz6RRk,ase,train
KVIibkQws3I,ase,train
6o8TQ9xQMKw,ase,train
gklD8Xj0jNw,ase,train
zw3idxiuYL8,ase,train
M5vPEhAuLWQ,ase,train
fQJqeJ7ecl0,ase,train
PiOFOipPbZw,ase,train
Nl0BP5s-E3U,ase,train
c15JerlWAwg,ase,train
YWwPTlwqBAo,ase,train
nUGmhRUjAzA,ase,train
nLLLAsnJWKY,ase,train
uiZ-ZMEVKIw,ase,train
_Fx2SkrJpFo,ase,train
wtQxlHpT-tA,ase,train
5gJERR3pYfQ,ase,train
oo4Kb4oT9Xc,ase,train
ez_EHgGxMcI,ase,train
_Etu88hDrks,ase,train
D1djhPKl_Rc,ase,test
hzPgo5wJrpE,ase,train
TKjektBCp-w,ase,train
3BLLfcJPXZI,ase,train
UL-1ySiG9yk,ase,train
UhqQIdz7KMY,ase,train
z2_Y0kZaqMY,ase,train
1Ko7j5PcUEc,ase,train
svfZBLamHuQ,ase,val
n5pVhjprYQw,ase,train
TrBilUDmvzY,ase,train
N7voH6bR3AQ,ase,train
wspFHeLtngY,ase,train
_TLtevjw9gw,ase,val
pGDPLpEvcY4,ase,train
QlIII6iNqZs,ase,train
CL2mI5cq2L0,ase,train
L0mOZDuctlA,ase,train
wd1ij4pcokI,ase,train
dZknL3VSrsk,ase,train
_upZ5ZPa67c,ase,train
_Zt9wk5V21c,ase,test
D9viUz_A4iU,ase,train
XbCq7vF2oiA,ase,train
5C-vRcATQGg,ase,train
V922kV3q5zA,ase,train
IMVMVhVq0S4,ase,train
0uSvqu1JBrQ,ase,train
ufXgRsqUiIc,ase,train
cCrJuudhhT4,ase,train
l_TClviPgFs,ase,test
U9NN_I0Jxm0,ase,train
6KigrppBbT8,ase,train
36HZE61wfS0,ase,train
xG5dz-k553Y,ase,train
SqxjhX6wunw,ase,train
7T89OwdCd3E,ase,train
m8dLBOoij-8,ase,train
w1cqufBps6Q,ase,train
xmWKUYAHgUU,ase,train
iMz67UguELM,ase,train
BjmEdbyJgUw,ase,train
tQxIi6lx2xA,ase,train
1mrADzwE4Ho,ase,train
QM07FZWR89Y,ase,train
jC7FryogM1o,ase,train
-XFkh8wlNUQ,ase,train
UVW5vsb__Kk,ase,train
28fU5WIzmdw,ase,train
2My87Hqwxm0,ase,train
IXurW2aIWWo,ase,train
OTB_PbNxl9Y,ase,test
HIrH88-sj1Y,ase,train
S_P06Xeejkk,ase,train
9HiH_n-vGjI,ase,train
unwt5EtPY4k,ase,train
PpEaP_ZoRRE,ase,train
Frfg1b9b31Q,ase,train
AFppCpvS8_k,ase,val
5555bq_jvnU,ase,train
s1-Q2nr7r0I,ase,train
t7tJ39gXgBM,ase,train
7eKKiA5Bpi8,ase,train
wzkiGzfSfcU,ase,train
iqtKBD-d1CM,ase,train
0zIK6G6DdTI,ase,train
zk06fA9zBt4,ase,train
vK7aihXSy6I,ase,train
54YZ2zfYJvw,ase,train
MGmpIW991_I,ase,train
62X7X-W4lcA,ase,train
2KlWfbJNWUE,ase,train
oXe5NKUWZBw,ase,test
CO7I1ewnFWs,ase,train
rGJYpdBq9kY,ase,val
SqPIDpEUmxQ,ase,train
PWaOPO85EFU,ase,train
bIBImI6o8ns,ase,train
kyVeiHTnyBo,ase,train
2Iax_vC1aMk,ase,train
4KIrVLYp9Y0,ase,train
52JFNfg00D0,ase,train
4RBlxI3SQnM,ase,train
faMns2qJOdo,ase,train
Z41qtP7qh-4,ase,train
QXTUzMOlfE8,ase,val
oIvYdGoCzA8,ase,train
vfVIvHaX7sk,ase,train
xr2I49QdWFY,ase,train
2Je2fPkKkpQ,ase,train
SA8sgpISw1A,ase,train
t4l5Z9aCH90,ase,train
4ktroOVK0Z8,ase,train
5Xoby_UY_bM,ase,train
vdDpvvPLJhk,ase,train
RAwVehxu624,ase,train
ZTyFCyY1xzE,ase,test
x7ygm5vWH6M,ase,train
QXvAacSaKqI,ase,train
4w67nCFypJk,ase,train
QBJx_E9Y2yQ,ase,train
jkPVzzF1S7k,ase,train
UDxpJChnmGU,ase,train
KnjIMHRM6-s,ase,train
nOIpgvEslCE,ase,train
k74g6UiGzK8,ase,val
ZP293-u1wIs,ase,train
_TdZgh-y35U,ase,train
gB8GrYitygk,ase,train
u90tZfs9Bjc,ase,train
0b3mzxEFxX4,ase,train
9BIPL6V3Ua0,ase,train
93JsMuhFRVs,ase,train
K8wLDU9Y_t8,ase,train
aoronqLrDQo,ase,test
Cu7bCz3V8hM,ase,train
GwmNDrWLkNw,ase,val
fC5SQI6VxTA,ase,train
5IOv9y4XxzQ,ase,train
rfiWbGn4OVo,ase,train
98E8Uit8EIc,ase,train
OTPXL7w4pog,ase,train
xjBKr39L_BQ,ase,train
GogJjGCcR-U,ase,train
XCKirhfQWIo,ase,val
SjzjFAQfrJ4,ase,train
1unnQa95RPA,ase,train
3jMyATzSm_k,ase,test
qHsWgnBrT60,ase,train
GUlt36MRu08,ase,train
Vml7p_qwcCo,ase,val
aDosn4kSOgs,ase,train
1x-8S-NWWzo,ase,train
dxHluw5EH0g,ase,train
C8g6fYK5Vlo,ase,val
vDidlGJ0OjE,ase,train
O0vUOCi5nTU,ase,train
dHTJWuH5pAM,ase,train
K26cbTPw_3s,ase,train
Y7GFNpouVvo,ase,test
rrw5IOU6Agg,ase,train
kIQb-amp1sQ,ase,train
p3LBU2IpipM,ase,train
jyzlf4rdRIU,ase,train
AtHCZeoMgXs,ase,train
gNUMFH-GZMw,ase,train
FzZhL3_F1bo,ase,train
t3FNqCrPRO4,ase,train
aicXj4zfp6A,ase,train
ivzkwPlDvZs,ase,train
YvZLbwxNcgo,ase,train
LCgrg3xwTOc,ase,train
mrxDhfoXYLc,ase,train
VGhkXvmF8O8,ase,train
cb9qCVRdJV4,ase,train
6T4SVukmRfM,ase,train
eGp4L6bzcGU,ase,train
iaxKaOxqddE,ase,train
PZ2rAmchDbU,ase,train
9wu7ABp-H9A,ase,train
r09DUal02eU,ase,train
-qnZMWxU7ak,ase,train
Vw681PUQiPc,ase,train
BlwMriF9Tcw,ase,train
DdOT-ELtj0s,ase,train
zS9eM-7Xb88,ase,train
cmMPDc3lvkY,ase,train
TI6rpjjeLtQ,ase,train
cxBVHorAk50,ase,train
WwjqTFBXL6Q,ase,train
REv1FtYvy5s,ase,train
2W8nPQFb3ZY,ase,train
IsslJFaxDBQ,ase,train
sC2SHadPO7k,ase,train
1Vl-bI7Oa6c,ase,train
GnUB49aqFpI,ase,train
xbm12icWb8w,ase,train
LICIj8ITAGA,ase,train
1UWY3vlEOd8,ase,train
s62I8Sgu_rA,ase,train
mPUu-sp82uw,ase,train
SGu2BtQQcHY,ase,train
r1xYSC9chCU,ase,train
5abEmGOTs2Y,ase,train
-jX7v_5zZdU,ase,train
UJD6IRhqQ8Q,ase,train
8ooQ1E0KntA,ase,train
j8Z2GeWbqyk,ase,train
NfeIUDLX5wg,ase,train
_Bq8nrvceRk,ase,train
LFQ-8lQUPfM,ase,train
ooK3OpWLI7c,ase,val
AinHeaeyF78,ase,train
PKdnCsLgZEY,ase,train
xcgUUVcX5Ew,ase,train
UxddbofmhyA,ase,train
Nb08X9DJDEs,ase,train
2wUQUwnxxtE,ase,train
mPOlakvWYPs,ase,train
87mnJCsI62c,ase,train
kPSS0De_nrI,ase,train
sH73wdyBDfQ,ase,train
tg6NYev-xp8,ase,train
aYLNSwKmdJU,ase,train
eh9aHZLHRlY,ase,train
DYPIbXLM1QU,ase,train
ZFb9UZu3tYA,ase,train
HYcyLHipSNU,ase,train
_U20rvYrtDU,ase,train
ipbAh5pTVHg,ase,train
J__6Bz8aKro,ase,train
MhuWdE7GdUM,ase,train
wzSE16e0N18,ase,train
JmTD3jGNXFM,ase,train
MlTjlB51FpM,ase,train
XlK20HxW1E8,ase,val
4qXcwFHl100,ase,val
OsEN-op330U,ase,train
dbTQHG1M05M,ase,train
Jmq1jl3V1uk,ase,train
oIm_1QA6tHI,ase,train
eS2rC3mHpCY,ase,train
OQpx-Yhqqiw,ase,train
EMewM3EzUJM,ase,train
uKxgMWyuJLI,ase,train
zVeE1Kigpv8,ase,val
b8I1ayysoxA,ase,train
BJWHEHD2O3M,ase,train
WrJFYzkFbR8,ase,train
TNlBsVl0qRs,ase,train
gkJQYWx7bW8,ase,train
ARgxctnmR4k,ase,train
9MMQ5zc27ww,ase,train
s46g47kCQ-k,ase,train
7_P45SzajKw,ase,train
A6dKYHHX-uk,ase,train
v4kIEmU61-o,ase,train
L49Pb2AVB4U,ase,train
qw6dcNfcktc,ase,train
auQK0xCUZ04,ase,train
otTiJBUrJmI,ase,test
hGhkI5d9NJ4,ase,train
O6WOWhJbbnc,ase,train
FfNhsm6hmac,ase,train
U39YBSy_YXE,ase,train
Ysl6qAPW8r8,ase,train
Nt02WZ0KpsE,ase,train
z82I3S5taxc,ase,train
tlHs7yGN1i8,ase,train
IqmHliYD2s0,ase,train
w5iAYc6GDB4,ase,train
6jjx_r_sgj0,ase,train
YDbLXQ-xxzI,ase,train
n4VmVJo0Hpc,ase,train
0AbxkO9ZNzI,ase,train
2AuR7DqnnwQ,ase,val
iZJ7t31Ncw8,ase,train
S6kqs6L01CE,ase,train
LjuBYx6fLTc,ase,train
Ftzsq-xrXWk,ase,train
GPHj_l85zTI,ase,train
SA5Sj3ixeEE,ase,val
_71kYKFKFnI,ase,train
kZDvvPLzKk8,ase,train
Uafy29rtXk8,ase,train
tD_MWKbUqIk,ase,train
f3GhJ951-1Q,ase,val
D-eSDrtB8_s,ase,train
Lr4TLomsv2U,ase,train
CsDKV7MCyJg,ase,train
XFto-YEfL98,ase,train
HVBrfo_K8HA,ase,test
mjrtCWQJ1Y8,ase,train
QRADGqAa09k,ase,test
-JPXg91kzmw,ase,train
AKBXe8-0zew,ase,train
n5C-krH25G0,ase,train
OpjFC3iut6w,ase,train
uow_J5m4ero,ase,train
gN-aoKMKH2M,ase,train
zdHvOqW6v90,ase,train
twP9u4lCW_o,ase,train
wPeQg9ZHeWk,ase,train
A_jOTZF1Zxs,ase,train
SkeCIcMZ1Xo,ase,train
frJw02zloo8,ase,train
kfZ8TqxT4Vk,ase,train
ceyrBhWAi84,ase,train
_ycrVXpBJGk,ase,train
_BYU2WYAlsw,ase,val
2hgQAzs0FPc,ase,train
9Si5Ac9R03Y,ase,train
uUd4akU97WE,ase,val
nmawkE6Te2A,ase,train
jMbgrNDqbhw,ase,train
jIdJh48lkAY,ase,train
S2_88aUJdDM,ase,train
ua1tUNLS5c0,ase,train
pXZFxGZ8sCw,ase,train
o5A3DZWIAc8,ase,train
XVmBUMGGUro,ase,train
O8K674yIyeg,ase,train
17K1sRYGkCo,ase,train
te0lEM9QfH4,ase,train
mgKFqc1r4pg,ase,train
7zzqApG_sEI,ase,train
D6BnvUUD7Ek,ase,train
PadgW-4TJWg,ase,train
NnprJFC7inE,ase,train
mkY8ioK7iGs,ase,train
HZPlAbqneaY,ase,test
exuy4-84lhk,ase,val
DXGx69YkVvY,ase,train
cxbjW50UibM,ase,test
sDXyCmJJTrg,ase,train
6uJgNJ1xFZg,ase,train
F7_oWzc3VPQ,ase,train
YO7sA5EGxaY,ase,train
QGSr98PqZMc,ase,train
nuQHpRliErc,ase,train
3CkCXFkAlTU,ase,train
HqYLGT2Lo78,ase,train
mFGQce7chBo,ase,train
zi15y6iXzJM,ase,train
7WvxhNo523A,ase,train
0uW4g4KEFMA,ase,val
EZWetzZSijM,ase,train
GgqCbLcFVkI,ase,train
Za-n3-bVuOQ,ase,train
eQWb3YMg3xY,ase,train
N0lyCUL7byY,ase,train
x_8pF5xZgag,ase,test
dt1bbnIy2CU,ase,train
j0BMlUQvQqA,ase,train
mgI4MI48Azw,ase,train
m8iSuny-0JU,ase,train
bj4t4Lp149E,ase,train
ZaRpkpi7jMk,ase,train
GJnULq2tutA,ase,train
QUzKWZZzViM,ase,train
-G2ksp95_Uw,ase,test
PWhDgKVtmh8,ase,train
kcfZSSCutGo,ase,train
49JeXNggYDU,ase,train
_kzMKib3IVk,ase,train
1Aa4aJ76A4Q,ase,train
cf6h9LpLGp0,ase,train
nDMgPXxXVFg,ase,train
1_eMgOadAWQ,ase,train
AjpKk4pu1lk,ase,train
cTwi1IcOKr0,ase,test
ejJ7IrqGs8Y,ase,train
XxMxdz4Jg7Y,ase,train
yGzvulSsvHU,ase,train
LmZTJozGpgs,ase,train
ijjgKaNZ6wE,ase,train
usEPsApqRuI,ase,train
DA01Tf_0XLU,ase,train
jQ9XRNipeFE,ase,train
RqRVHrESRac,ase,train
nh-6sk8yuog,ase,train
joOOfwig70o,ase,test
5C6g05c5v4Q,ase,train
L5XP6pv-FAw,ase,train
SiSl3QeyDUQ,ase,train
nV6FgQUZdNQ,ase,train
QWhaP1mZeEk,ase,train
2QKVspjZM-w,ase,val
NyxjPJDZg2Y,ase,train
AMoZ22u7huE,ase,train
cEk9D2vqstU,ase,train
3gPumCu8Whk,ase,val
1Lt_v3pYtw8,ase,train
vu_PpYsqdPk,ase,train
01pS2MrmJTM,ase,train
BbBCt2-QnoU,ase,train
ASkxM-qLXMk,ase,train
DLlgkLsKhto,ase,train
yYmzIXexRNc,ase,train
mn-eHfMF8kk,ase,test
bfMpQW5lXlI,ase,train
GzpZMwkev2w,ase,train
S7_TBDO60WE,ase,train
6CBTaZ93X-I,ase,train
0I7h9AmcusY,ase,train
QgSlnYd7kTk,ase,test
J4TQ1bw9KLU,ase,train
ymQ99mNzOlg,ase,test
t07YOAXitUM,ase,train
q90dskxtios,ase,train
vp__IwP6mlw,ase,train
GD4rTFsxuyA,ase,train
wK9tN3LJTz0,ase,train
6iXbPZw4Xek,ase,train
HQ3EDHdOsAU,ase,train
-QIt5kz85fk,ase,train
vDb6v6GDxKg,ase,train
RTkVIMWzygk,ase,train
Zy-xmqRL0oo,ase,train
ZcR35db3E0E,ase,train
x7ab2NZtIF0,ase,train
VyOOpmVgK0Q,ase,train
wTSgimoqTHA,ase,train
cps01ioPsEE,ase,train
Nsm9zwoi0Cs,ase,train
yEBbFwzbvPo,ase,train
8FQTBnVHusI,ase,train
XZ6-u_1h9Lk,ase,train
1y8vXjLQWL0,ase,test
l74goEKEgXc,ase,train
Y2FdIBexC5I,ase,train
8KXORDswuBM,ase,train
3HjHyYdKeJ8,ase,train
duSM8MzfL7g,ase,train
PrvraHyIRik,ase,train
FHyZYGV7-3Q,ase,val
W2BljJP2gR4,ase,train
hELaG2dHbPg,ase,test
_KJkBC1buVs,ase,train
XCx7KAU6v6M,ase,val
vsvJxBUx3lk,ase,train
CKkDyOrIZAE,ase,train
69MfuRgP9i8,ase,train
3BrgsrwOSHk,ase,train
svsrBKL-uk8,ase,train
1GbeP6UsNdo,ase,test
SSxykSevvtc,ase,train
trOSu3nntKQ,ase,val
jGdB43UzLYs,ase,train
1hMbLtmDzgg,ase,train
pXo4m7j4ysA,ase,train
jm0DCg0UhZ4,ase,train
QY1Nj9wf4_o,ase,val
N-gbwe9oIn0,ase,train
_drCWvFnjUQ,ase,train
T9ljj8ZdeKw,ase,train
Ldyak0BlEvY,ase,train
KJMxfLAAXRM,ase,train
JuSOzY2D5pI,ase,train
Fw_AuTyxqus,ase,train
R1b8xNS7fjQ,ase,train
wQGSN3bOD08,ase,train
zhTHB2PRrP4,ase,train
vqhvdGHo23k,ase,train
k4fb5qYEdzw,ase,train
yLmmb3K1Ftw,ase,train
6ZT9A2g4a6g,ase,train
vNB9WPgawVU,ase,train
Bs6Xwwy3SQE,ase,train
dICBxCMcND0,ase,train
eGGtq3MwG7Q,ase,train
kPvji4pTYG8,ase,test
7pnETbZmvjk,ase,train
VhiyyI4JSOY,ase,train
CpT_zszmTOM,ase,train
KiIYJ2c09ss,ase,train
QrqomrZcI0s,ase,train
8nlhM9yljhQ,ase,train
NYEH8VxgXYQ,ase,train
ukFy_B9Q4e8,ase,train
2L2J7l3odjw,ase,train
gIZXcUTEGvM,ase,test
tVv-9UWjxxY,ase,train
bG9TQeF8InU,ase,train
sZJ450bfxbA,ase,train
P_nlv0HiTR0,ase,train
JwUpFXZWimU,ase,train
P4VFyqVcSg8,ase,train
VmjSuvecAyM,ase,train
8H0wBREc9IA,ase,train
EkMdRlKewG8,ase,train
8ldCRYsaU2M,ase,train
yGfxupNlDv0,ase,train
HFDdHTw6VaM,ase,train
YAJburvIOmw,ase,train
00c8_Kr_AG8,ase,val
X1eQ06S7he8,ase,train
O_rlERrhBVw,ase,train
rasehicjp4s,ase,train
kj05JzhH00k,ase,val
qyxRDzDZyWQ,ase,train
gHdecxmMibc,ase,train
QNhrU3OnvW4,ase,train
P4qnY1nPGS0,ase,val
8HjRNG3-M8c,ase,train
CxFQLGkoq_8,ase,train
vNnjH3l-WdI,ase,train
D8xHp7evay8,ase,train
MFKXpe7Smp4,ase,train
HBQ8L1B7aS0,ase,train
YAEe6ATDhKg,ase,train
sll1ml2Sul4,ase,train
-Zrf6jWiFZs,ase,train
0qyDIvXF8eM,ase,train
IywFfpgr6uw,ase,train
3USiBRH9f9w,ase,train
1d4h-XvO4Ik,ase,train
I8gO7RwVMoI,ase,train
ZEVKYGrfLZQ,ase,train
SG-EMkpVgfk,ase,test
stWYGyJW664,ase,train
LJ4h0iu6KuU,ase,train
_dE6-cT4TTg,ase,train
nWLGmLazTZk,ase,train
-yxo-hvKDPE,ase,train
cIiRRGNDvEk,ase,train
rf6eSs3FQrs,ase,train
ZbVDS_AsrHQ,ase,train
rY5lmtvBa-o,ase,train
vYyhSNdxZA8,ase,train
BkCkw_2DVMU,ase,train
pYSYgfhqZi8,ase,val
r6jSu9Y_67M,ase,val
iGhuKkdi4ig,ase,val
ncYQYyj88z8,ase,train
2e-Wwqiv_5U,ase,train
qDjpgIy9b6I,ase,train
sD6r67xXXII,ase,train
348qudHxncw,ase,train
IJxQ5BcmyRc,ase,train
9nxBpEP-kMM,ase,train
_vHdAqmiL0M,ase,train
36BGPzlIPg8,ase,val
NuVCeHWw4Jo,ase,train
r5KfHwJAEFk,ase,train
6KGxITv68XA,ase,train
OA1NTEGNenc,ase,train
N-pCQuOLZUY,ase,train
RpGptEw9inE,ase,train
VvwS-dXxZtM,ase,train
ijaniCYgPic,ase,train
37pUa38ARcc,ase,train
aRttphgNjIY,ase,train
1qyp7Io-qq0,ase,train
tLohJDO9wU8,ase,train
K9q72UpNUyI,ase,train
j-UMmfoxoZA,ase,test
iZNAXIzYyU4,ase,train
oZOLUsRsVAA,ase,train
v1r3KvKeu-A,ase,test
y0jlcUttQTQ,ase,train
m5gCfw0rg7A,ase,train
8T-aTAs4EXI,ase,train
IpBQJy79vGg,ase,train
FfVpT1A48WQ,ase,train
3wDlZYzsVzY,ase,train
nS2uIfAyghk,ase,train
g5b_rdL8zc0,ase,val
hAC0KE065i8,ase,train
YiSVZJ_Xo_0,ase,val
bfzNo29tOfk,ase,train
p6zxxlrpttM,ase,train
b-IHXzD3io0,ase,train
XIcasjZYStM,ase,train
ugrzvSkloCA,ase,train
QFia5O_5k9Y,ase,train
arKsGuJB6Eo,ase,train
J60aHbKkXfc,ase,train
OEtQV_RLoZk,ase,train
y3-Zbi2qczE,ase,train
oXcTeWde8lw,ase,train
t_OFOP6zljQ,ase,train
YldoBneenME,ase,train
woNwjNnbYlA,ase,train
NZpYKNCWbpM,ase,train
auF75lw69Tc,ase,train
_dUoymE5nfs,ase,train
Y7v5xwuXBLo,ase,train
-Uqn0-D5WNk,ase,train
yHA5esWSiv4,ase,val
IAnRPCfwtlI,ase,train
7K5B6bzWrNI,ase,train
EvyUi9FUM-0,ase,train
H55EMIP5_Qk,ase,train
zypp7v04K9c,ase,train
lLZFWRuAyy8,ase,train
6FFs2jMg3Qk,ase,train
3WLY88Swc_I,ase,train
BBYoZzhVMXY,ase,train
1qWGfoeAt5U,ase,train
2Ut9YbjmJZA,ase,train
5MzVQwQlnI0,ase,train
K1_KqTEF-LQ,ase,train
ZWV9CO5Wtf8,ase,train
-UpzTBtlVcw,ase,train
6jMFTzwklmk,ase,train
GaB0UbboT9c,ase,train
cbtf1KmXTfE,ase,train
e060SoU2KNk,ase,train
1YkeunxfWDI,ase,test
_Xaok8RjCFY,ase,val
fsFYUpp2aRo,ase,train
dn7bJEPlIog,ase,train
CRVMOFtsUcQ,ase,train
t_Sc-MHG9Cc,ase,train
OrIkOKrGYCM,ase,train
orBqoICSeb8,ase,train
Wgox2VIG3DE,ase,train
3xN-D-Kp47o,ase,train
Czz_BUS6cik,ase,train
pcDO8grVJPs,ase,val
KCb524h-cw0,ase,train
JScZQ5Kc8so,ase,train
LY-2ieJoMwc,ase,train
RwnVt5_xFO8,ase,train
QiiF-tDCOZQ,ase,train
tAcJ0wIXq0s,ase,train
0vqnjAecNI4,ase,val
G_0QjlI2T18,ase,train
92ZUXsAIakg,ase,train
LldB24H0P2w,ase,train
4Yn0XjF070U,ase,train
urbmlc51Y5o,ase,train
hnVfFC1i0T8,ase,train
wC0wpqu0E-4,ase,train
M_d6CtmEG7A,ase,test
pWXC9ljtRvI,ase,val
xDhiUfcPkaY,ase,train
nXLM8hn1HSc,ase,train
jIsv8kNWHbk,ase,train
ZyIn4zG-aKY,ase,train
5c9HcCzoD9g,ase,train
xDdI4pl05b4,ase,train
s-vKC_anbHI,ase,train
QoQmt12XVPs,ase,train
Q3RXIsG0bdo,ase,train
gqYZT9B6JtI,ase,train
N0TZJ8HzV-I,ase,val
JSxl4sN9krI,ase,train
q0I_ERL7s6M,ase,train
neAuSv2raKg,ase,train
qJ9zroo2alU,ase,train
sPPJXOLGkLA,ase,train
HphwkF_huj4,ase,train
yMPL6zKnUh8,ase,train
paqo2WdSQBk,ase,train
4vwMYzUXyQs,ase,train
ps6wqKrZ3_I,ase,train
EIopl1ov26M,ase,train
yHLjnHcZSU4,ase,train
AaFI7rD8e8U,ase,train
JZFvpiO5c10,ase,train
mYzGZp3KyE4,ase,train
-9aGqJpaN7c,ase,train
PBoG3WREZ8Y,ase,train
4yQPADthGbs,ase,train
U5B1QXlez7c,ase,train
tdn7Yjyoog0,ase,train
3o2N8DXMD6s,ase,train
4FqzqUd_mG4,ase,train
7MI6tU_D6eI,ase,train
viDClOTajn8,ase,train
e0XPyWNpljQ,ase,val
SX3V8aWoU50,ase,train
4PEdbmHc2Xw,ase,train
w-E8bLoNMrc,ase,train
g85qC4P1Las,ase,train
MBI_mi-FS6w,ase,train
Ud3Dr_Cwx4s,ase,train
qPV2uDHv_0I,ase,train
AKx-Yj-fgE0,ase,train
tbWUO2U2qzA,ase,train
ybPkYe0S0mc,ase,train
wkezrz2Ey3U,ase,train
bYXj2vWozq4,ase,train
amoTq48_njM,ase,train
KlhA4GXkbDQ,ase,train
72lOmM3mZXQ,ase,train
-JkA7SCF_lk,ase,val
v__EDLCe9oc,ase,train
LetQlHuwRH0,ase,train
gYw7vpN03DI,ase,train
wCXJMMWa2F0,ase,train
Gkp22V2ulFY,ase,val
w8EENcUyI4U,ase,train
IjGy9BHzUjM,ase,train
pOWzX25ObHM,ase,train
Bx1vHNrvgVs,ase,train
o60uwkq7VXA,ase,train
D8efeUsSfd0,ase,val
U-8vIsJo3kY,ase,train
Hjx65qrOpnc,ase,train
EiFY6DO_8jU,ase,train
cqPlyfwMBq0,ase,train
NlxgTd-T--s,ase,train
3y1SKZYMphI,ase,train
xd8pyTZZAwo,ase,train
HRDSHW9a0tM,ase,train
CEVS9VdE2a4,ase,train
NtY2QpLPqOs,ase,train
LIWxCj3t4Ok,ase,train
9b8e5ij5B_I,ase,train
tr39bW6vOg0,ase,train
kAP2q20X2jw,ase,train
1W05nmX9T38,ase,train
bwfpWBwNJPA,ase,train
dKfG-9_pPM4,ase,train
GcBJ6OHQedE,ase,train
dBpHnbSmegA,ase,test
0L6S0b14ZmI,ase,train
El1BSDh8Rh4,ase,test
yOAmYSW3WyU,ase,val
wLPrH_GuEME,ase,train
ofhm7-rvyYE,ase,val
E5fsRVLZ4y8,ase,train
5lC0wRPioPY,ase,train
NncQqYawYDY,ase,train
Aj32GNAU4Wg,ase,train
zQdK1nK11mM,ase,train
68zIPtkTBG8,ase,train
nhafo7Hk4y8,ase,train
OByb2rWVHBw,ase,train
cITaN3czyck,ase,train
cgk_ypawyO8,ase,val
bKLcIMCTgkg,ase,train
AaHizQNbXdE,ase,train
6Hsl3AEviTk,ase,train
cTh-AjhbqQY,ase,train
w0aLdJtaBO0,ase,train
LAZRB8_XJpM,ase,train
tkuw6SBkZlc,ase,train
lh6xJFZYeys,ase,test
X4R3TE2cVps,ase,train
0pHAEC2ydR0,ase,train
YdAH6Krt56Q,ase,train
Zmpk7NrThGY,ase,val
Le8WCz-5H1g,ase,train
VowCHTjbUd4,ase,train
oqjHj4ZMtrQ,ase,val
O6eI_yB2oec,ase,train
jmlqO81GSdU,ase,train
WbWJ-o9cH6M,ase,train
0J0lK5EHIAY,ase,train
KZbIdGh_FCM,ase,train
SQ_Sm_aN2TA,ase,train
mwDcougkxQ8,ase,train
pZPZ8k9Q78Y,ase,train
Mnt3Db1qRLk,ase,train
jVywwVURjCM,ase,train
jJvcFFwFaXY,ase,train
R5oofC7Ygjc,ase,train
w5iScYhewa4,ase,train
yV6LYkBabFU,ase,train
UKjU4GoUD1s,ase,train
0qtZASvLIak,ase,val
KMHpe5MbBrU,ase,train
GIsIuMQqbXs,ase,train
8fbvNsLluT4,ase,train
M6932qgqCNc,ase,train
Frh8-GtT6_0,ase,test
fFCrQJPmJXI,ase,val
18uLbZs9g3k,ase,test
m0VOeLp-1lY,ase,train
D2STvUKBvJM,ase,train
f5V8iFUD-JE,ase,train
9Cd6rbwwbCE,ase,train
JkBn70dmNls,ase,train
l62qggZcUZk,ase,train
fHMwImfdLF0,ase,train
eGehcYW5tFc,ase,train
hFOVgmy3nxM,ase,train
-LneeGWAGhE,ase,train
69g62O-KdNg,ase,train
uHNaFFsuWAU,ase,train
siDC-K8fuZk,ase,train
WzcchVyOm3M,ase,train
FOXyB-Y_cZw,ase,train
fAXI7cI16iA,ase,train
1lqXl-xn0e4,ase,train
FEDCoHulc6Y,ase,train
R-Ou5mh2uIg,ase,train
9P2aqTMq1eU,ase,train
qo2ZvEN0VIg,ase,train
jKOF6UWfspw,ase,train
K29nJvhFfxo,ase,train
kx-hjkbYyBs,ase,train
HwZwSmWNey4,ase,val
PptSxFjvdg0,ase,train
-giDOaWEZvE,ase,train
qth8McP5Nmw,ase,train
84uhxIHufcY,ase,train
uTJkBx-cLZ0,ase,train
3FxpOFlPYQU,ase,train
J7EdSDL_wQM,ase,train
jT1LKcym2xM,ase,train
advQKQF-yqI,ase,test
yhV3sWGhE6Y,ase,train
PXibMBecImM,ase,train
wyOrrWYHXo8,ase,train
l1KDevkkgi0,ase,test
5w3294dX8Wk,ase,train
jR653Is4Pj4,ase,train
SaN8Xf1VB7g,ase,train
VXzbSW9jkuY,ase,train
PLkKeoNYnx8,ase,train
xyX0ymKwDYI,ase,train
jAjn_v1paYc,ase,train
WhWy-e2PhbM,ase,train
8FpHKuAvALU,ase,train
E6B7cp-4lSY,ase,train
avPdyjiXPpA,ase,train
ZOyyinU22uk,ase,train
xI1N1YBv_qU,ase,train
yW_DkjepjAc,ase,val
GmUIYfU8bD4,ase,train
SBkuTcElJe0,ase,train
u3OQ-Scf9y0,ase,train
aJ9fgKkqT-g,ase,train
1t3EJprOWEw,ase,train
TWd4oa5krcg,ase,train
kPi2NHzQBF8,ase,train
r7SSotahrV8,ase,train
rXwfsr7H1Kg,ase,train
JaTMPlofF9s,ase,test
kMbc8nf0PNU,ase,train
PPTWMecxsLE,ase,train
3Q1YafjvXw0,ase,train
8bxRz7drZZI,ase,train
GPMp5A_U2ek,ase,val
nrqWVL-H1Wo,ase,train
4K2k1galkMU,ase,train
VXB5zz9uOWY,ase,test
rBLQjW33BFs,ase,train
u1_2kBoYjkE,ase,train
PmYeilTNPPc,ase,train
HNBGavNWaEI,ase,train
fnLqJpf_gLc,ase,train
oCE7Jkp1hAQ,ase,test
sdzrQlu8PzA,ase,train
_cQrY-He_hg,ase,train
38P2wuD5bBg,ase,train
O0gHXHpPT9c,ase,train
eUQg2MKqHYg,ase,train
MqOC5kezAfM,ase,train
u067PVecTQw,ase,train
aif2doLQIQc,ase,train
R7QEpMTRiYM,ase,train
9NP-KN6Twzc,ase,train
lT8-vDjr5p4,ase,train
9CPMyR-t-xY,ase,train
sRAoLDcVIWA,ase,train
xM06JYNDsvs,ase,train
-HkeOGWJWLI,ase,train
Krh9pnlJWNI,ase,train
zqSAwuiVxWw,ase,train
4hmUnw6t5gk,ase,train
2RjGna641y4,ase,train
Mxc_2SuqUIY,ase,train
A7mHAymbVoU,ase,train
GopWB14w8Z4,ase,test
aZ0FLrhNylM,ase,train
OmzetLBYWXg,ase,train
RwUIcL6TGn4,ase,train
0DLrlwVCmNI,ase,train
BqVcUf-np3A,ase,train
6aBG1FmV5DM,ase,train
jfEQvQ_O4b8,ase,train
TbRGcJsMrss,ase,train
Cc_LlC0Omw4,ase,train
qU7CCP6wbmc,ase,train
FeFpxLn3lwk,ase,train
VwGx1_FgMGI,ase,train
egtA9WSLbr4,ase,train
8UCKvmPWcug,ase,train
hOi-iXTX9kc,ase,train
ozKTqiWO6Kc,ase,test
ZTfbd8VUzcE,ase,test
rB758fI8E6c,ase,train
tKolFMhfMmQ,ase,train
pb1QTrunoUA,ase,val
KGHiLekcEwo,ase,train
Wrlpbz9fXmI,ase,train
E3Ad95ZN3I8,ase,train
aOzY_JHDdXc,ase,train
wTerXJkTz6k,ase,train
DgCGN0vd1gg,ase,train
5wRIW4CfphM,ase,train
addAkdjnqTI,ase,train
vDKsWwmd_no,ase,val
0TgSMo2M8G8,ase,train
XoOGnYKdoMQ,ase,train
IevEtftOGlY,ase,train
9WnwyJRmawY,ase,train
9mN4Vc4b4AA,ase,train
BupBY8kIABo,ase,train
QqHAcSkW9Xc,ase,train
L1XKvsG0i6M,ase,train
RhF92zidaV4,ase,train
SOQRch0pGsA,ase,train
dKytQm9bqYU,ase,train
e3lZKAYEKKc,ase,train
0D4PtOQPNM8,ase,train
SdOGOmqFchk,ase,train
bclHyTtWiY0,ase,train
eb9IKwZi124,ase,train
km95MB1JmAY,ase,test
W_UJsvkzkHk,ase,val
YiTbB0Q63W0,ase,train
DnE6VBPhG6o,ase,val
o_z_t2ZKADo,ase,train
R6a4T8Ksaak,ase,train
3K0E6OLTD_Y,ase,train
9jx_4rBxLdk,ase,train
KSNr8m7pH64,ase,train
ARV_73RDOSE,ase,train
F5Z5WZ89_eM,ase,train
1OyluMpqBxg,ase,train
W8F3S9okjDg,ase,train
HW6gOA_22VM,ase,val
XCOONxnVkYA,ase,train
A_7rpBAQDmA,ase,train
SmLJBiARN9U,ase,train
oPnEE1oC7VQ,ase,train
Yy5u9X92I9M,ase,train
ULQ5B07Xr3E,ase,test
1R90waOdJeM,ase,train
YgvV_EHLsU0,ase,val
m4C0eruURxU,ase,train
4ZyG8I6BhPA,ase,train
2YdPY7GMPBU,ase,train
xo9az2DmbYU,ase,train
fU5y4FZLXzo,ase,train
-lgsfJms7SM,ase,train
sZFCeXJWwRs,ase,val
Nwkgj0jl7iU,ase,train
Il1E4K2uZGI,ase,train
eOJfTd3nybA,ase,train
NIOWC_x1JYI,ase,train
1nJt4VHPNE0,ase,train
sE55sXJjMok,ase,train
Cl7C9_EePm0,ase,train
90_BcfmFJU4,ase,train
0tjM8lemVKI,ase,train
ffqU3mT4k1o,ase,train
rQRf_OK0EIM,ase,val
5o5G3j2wEuM,ase,train
rty4STOCPRQ,ase,train
nn9hiTRE6wY,ase,train
rVjqBMz_yuw,ase,train
G1v1I-b3KqA,ase,val
iPEwMK3uL7A,ase,train
kPeD9yyikU0,ase,train
_RQCwDD0sek,ase,train
Nj_ZlNwex5s,ase,train
i3kHyGqqg_M,ase,train
TYUZd4Wi0oQ,ase,train
Jr2ytwpBTPc,ase,train
9dNKN19NlJ8,ase,train
616c90GXGXo,ase,train
PsKWT5ZQe5o,ase,train
jMZK-JCiuqk,ase,train
LoSMkb87Xu4,ase,test
Mm1l6PFAobI,ase,train
9KB7wMtWzSs,ase,train
GLAlYCOXa08,ase,train
GR6CYskUFhU,ase,train
Rt4oGWhPbXs,ase,train
o-8BuZxdNEE,ase,train
CdKYKlVf-3s,ase,test
-JL59Zq5vPY,ase,test
sj7qCV5OECA,ase,train
2XGXHraw8IM,ase,train
WagO787dBN0,ase,train
QCEvB4sSrFM,ase,train
tljFe42LzfQ,ase,train
qaY3vDHjuuE,ase,train
gvY6C0Vp2_Y,ase,train
HrhS6j2vnzc,ase,train
1uAcqeRAURY,ase,train
g1p__mgDzJg,ase,val
YsxWOJShydI,ase,train
lFupG27Bz7I,ase,test
EHrB6F4wJpM,ase,train
O5R4COF8KHQ,ase,train
ppNd7bMKVJg,ase,train
NdBXUOI7sEI,ase,train
3HBCwm6mPog,ase,train
KZSOf4ffSRM,ase,train
qoLbAfvPe-Y,ase,train
CAf76kf-XGI,ase,train
DCLwaEvMBdw,ase,train
G7YF5Wk3u1o,ase,test
9UcCstXmLQY,ase,train
OrJIBxJnCnc,ase,train
KwGmHcbt218,ase,val
JszAE23lpfE,ase,train
H_F87X19CCY,ase,train
JjFdlGJhytI,ase,train
XIUoyEL8YGg,ase,train
GN48AMTOrO4,ase,train
pRfexQAGbQ0,ase,test
t_aq8S792xk,ase,train
kyOWf01jbho,ase,train
7L9_Il0YGXs,ase,train
FTMSjV_KuNg,ase,test
dKceQZVxl1Y,ase,train
bwEmV_OyH3w,ase,train
NGLzbcox-qM,ase,val
PvxwaOEKL34,ase,train
uCoIKy713io,ase,train
E5Lt2344PC8,ase,train
EHtxJYpuTXw,ase,train
cegqGcdI7nA,ase,train
XgQ3G08wcb4,ase,train
8GHzS4zXVzA,ase,train
TO5QVtZ4nVM,ase,train
O6c7GAq-5HM,ase,train
jGWuW5Me2m8,ase,train
IZyE4C0TH74,ase,train
uj5bfYp-cTo,ase,train
IEquvs6P_sA,ase,train
cPx9v4WZXa0,ase,val
GcKRTpvImVg,ase,test
nE_1ErbUarg,ase,train
3M2Q8yH652U,ase,train
jMurrY5DxvU,ase,train
nUrDAnDblqU,ase,train
TQYfpB9qrS4,ase,test
HiPGTEUzQZs,ase,train
KgkjdIK6AOg,ase,train
IQ7FqWRyvtI,ase,train
M33Nqnz7vPY,ase,train
Oa6GPhMXG2s,ase,train
wrN9r9uyA4k,ase,train
amn_11PjWD0,ase,test
4gAd3p_Jgq8,ase,train
x0IZaiaaBps,ase,train
oI2lSIZKEuI,ase,train
8xzrnF2rWJw,ase,train
4I8qR7MPOFI,ase,train
Que8v5pBOio,ase,train
6xBY4pbcInw,ase,train
0nQndrjqrUs,ase,train
MJoLz12NY0E,ase,train
vPlYuRjGX3E,ase,train
B3j66g7Nv2o,ase,train
Ngv0tkvugKE,ase,val
ti7l9BLTuxU,ase,train
2zn24j-XfmI,ase,train
-ugKBrDme6U,ase,val
kkxlsx9xAXU,ase,train
Rt2IrAju2rk,ase,train
HA-m0421wUY,ase,train
u5sxf5KF6Ko,ase,train
06XSoPNznOM,ase,train
vVWIfXv7rDE,ase,train
MzAQss1UjJY,ase,train
jUF4a38lj1c,ase,train
BnejpI1BpKc,ase,train
XpPZeNfSdz4,ase,train
wkPf_nRZcTE,ase,train
phMM_TDMAGU,ase,train
CuWZHl8YFMg,ase,train
K0bXkiWdulc,ase,train
9a8_kSzmlaE,ase,train
7KRfSa2aVXw,ase,train
urjslKmrkps,ase,train
gQRSoa54HOM,ase,train
JYUk8DDSUTs,ase,train
_PUf22TO83E,ase,train
8Nkli3DUQPA,ase,train
VG_q7002P0k,ase,train
hkKZ08VryRg,ase,train
FhkRU2_mtxk,ase,train
6GzmwiLo5X8,ase,val
aRK1R-kmY-E,ase,train
qX4zASRlTGk,ase,train
QzqLLA53dQk,ase,train
f_vlaAGhj-M,ase,test
oEouC7EpP3k,ase,val
8EufdaRdfrw,ase,train
8iRXatR0VW4,ase,train
mbwYvSQGZx8,ase,train
YuiWx-3fypc,ase,train
p-n5X9caItk,ase,train
H7Md2vG9u7w,ase,train
m4dd6EoASbU,ase,train
Or96UMLZajw,ase,train
gtoY1sXrvw8,ase,train
hLk1ID6JqjI,ase,train
arvDiaeIGJc,ase,train
PZySHQDujjQ,ase,train
ADbko17YZlM,ase,train
Iul1PD16Njw,ase,train
fJooO2BlyR4,ase,val
vBMF75K-m78,ase,train
1W9pXUryFvY,ase,train
mGrAucME8v4,ase,train
hS8hqMX1_ug,ase,train
pTtonedH0ZU,ase,train
bC0btn2P0Sw,ase,train
Kj_r27A9CF8,ase,train
9xYEdUVRwmM,ase,train
obBV7o0ZN_0,ase,train
y_2oeB0BwdI,ase,train
qrwXj-iP-Mk,ase,train
j9amQe-vrIQ,ase,train
9X63lpKoKQ0,ase,train
bxPwHScDgSI,ase,train
FEnbak7T4Pc,ase,train
yXWdvbL0P0E,ase,train
NVSZU9ZH2jI,ase,train
vb4WjJ1AMAM,ase,train
kXS7TAVKF-I,ase,train
rxOl5lVGU_U,ase,train
QfQw_AN4bFM,ase,train
H5c0kIHLGqQ,ase,train
qKrOCbvfpOI,ase,train
NQNK2OiTr7w,ase,train
R8pcXZNFUMo,ase,train
1rTMbyap5OU,ase,train
bNZJs8hy4Bs,ase,train
Oz6LMXPkOUA,ase,train
kWhJ7Ra7hLA,ase,train
Z6GwNE6UN9M,ase,train
a3VmH-0K0Ac,ase,train
K1K9Yh0Bg_k,ase,val
ZJLS-IQZpRY,ase,train
E7Y0bpnOepo,ase,test
MrEPgrs0Mbo,ase,train
N5K1iIm8Sn4,ase,train
Uu7PRKGK1_s,ase,train
n_M5fzakaXs,ase,test
xdtfXhAIYWA,ase,train
8UwllGVfwY8,ase,val
FhRR_M6IkpI,ase,train
zfznuUlGWNA,ase,train
EhdowxE9QmI,ase,train
1XIEO67GJ_w,ase,train
OkdjMkajBno,ase,train
zeVOrz1gmd4,ase,train
NeRP-Sh7XUw,ase,train
237k5BL8gu0,ase,train
a-hUEdf4Rm4,ase,train
otTIIH25PA4,ase,train
UI64YmRLOPA,ase,train
KroImfKZ6yU,ase,train
ysNgnL9aBcc,ase,train
--7t6QjMwpY,ase,train
aW-aUwkZDOk,ase,train
gvwkfR2RK04,ase,train
fnMqWu7CY-A,ase,train
P-bE4QXNQHw,ase,train
clBblDPQEC4,ase,train
2U-Kx9ipG7w,ase,test
cWWj3S4yoJo,ase,train
uXnvkU7fxZo,ase,train
ZxHSkXFpSmQ,ase,train
N5hEsZfZMQE,ase,train
WBWApvls2Bo,ase,train
jlX8o1KGA10,ase,train
r9KbDWkY26c,ase,train
X6IHmaRydGg,ase,train
1YjsTc70vK4,ase,test
7l0FsFQj-MA,ase,val
tWY-KBXybpQ,ase,train
oKvRt8X_Vsc,ase,train
APi5gLA13Aw,ase,train
5juUzT3gD0Y,ase,train
-kvW8iUnuoo,ase,train
zcQTDJAZJlA,ase,train
ziNp57M1Gck,ase,train
OP8nEsktMuE,ase,test
wPyBcKZzAJI,ase,train
q_4DHQr9c1k,ase,train
HcayG3Z_YcE,ase,train
PN59NXlRlgk,ase,train
zlHYeJKQf4I,ase,train
XCktqahPmzw,ase,train
ZKEKEvpdgyw,ase,train
dna13OJ3czg,ase,train
75FxA85GrM0,ase,train
iUq3VNW-DgU,ase,train
ymMh0r-JgYY,ase,train
bA-QptR8dbM,ase,train
KCukh6JKXSM,ase,train
LFKQ-BSzmkw,ase,train
Tr9_dPujKkM,ase,train
2ctCiA0emHo,ase,train
KuRgh0BX1hw,ase,train
4kUTSXWZFyc,ase,train
mbl32xpQYoc,ase,val
Hy2N_KYeQjw,ase,train
SkXP_bh57Ag,ase,train
d60saGk3qSY,ase,train
TblDbliDhUI,ase,train
Oylm0gtKryY,ase,test
WBG69V6maB4,ase,test
Dr9S9FIyUxY,ase,val
P-D0kEmncGw,ase,train
wjdgNoV0eY8,ase,train
af1xbDYTdmU,ase,train
6_mArr1eOcY,ase,train
vyC13IT8zu0,ase,train
AyYTAGGu_pw,ase,train
DlK2I4gpPW4,ase,val
a8dl6w0gyCw,ase,train
2vqBVu88UBc,ase,val
6L61Z9vtr4Y,ase,test
REGM8ZBp13U,ase,train
mO5Q5j2g45g,ase,train
AFrzt_XSR3g,ase,train
OZ5hX2HyTpQ,ase,train
tsuUlY_WLhM,ase,train
qBJaWOmR9q4,ase,train
JSEX9At4NCk,ase,train
0ZItRubWbrU,ase,train
FIgCHNvtvH4,ase,train
7ZxGAEkLZ5w,ase,train
NVpiyeK0rvk,ase,train
nCh0-7P_SJI,ase,train
5oBbQdI48js,ase,train
WnXZYO_q2E8,ase,train
RF43fr4wNT0,ase,train
Gybne3Vv9Xg,ase,train
DLSKUtb3jF4,ase,train
gkHmS2fo5ys,ase,train
KAQYiaKUBBM,ase,train
Blx-bd_E0g4,ase,train
0TyvE4zINHM,ase,val
9cfgHiRcZaE,ase,train
EtFa0QA5Kq8,ase,train
jJxWCbqmA6s,ase,train
LKS2Xm6ki8Q,ase,train
Y-AfmGW8CnI,ase,train
uxowJjx8uTE,ase,train
cSZNBmF03rI,ase,train
pZIVll5Kg6w,ase,train
8iGLQ2QFKuc,ase,train
A9ScW8a1tzY,ase,train
vzsN32WVH6s,ase,train
wWOUF0XlZw8,ase,train
ssakCTGcE2Q,ase,train
wC4exOLOm2M,ase,train
R_loGol8a2w,ase,train
3jskB4GJJj0,ase,train
0yKm_dLloIY,ase,train
oty9tEr1-_A,ase,train
o_KKJVnqOh8,ase,train
569YfF-8DsY,ase,train
LXGobMVP7j4,ase,val
2LwV2AuvNaU,ase,train
dlAiE34CK6E,ase,train
N1drVsZLrUc,ase,val
YDjFq_VRayM,ase,train
_TgTPqMjdqQ,ase,train
kcFrwp46a10,ase,train
FNP3P1UAgoY,ase,train
-5pTTulJZ38,ase,train
90f9aucjlws,ase,train
O__2SVGtod0,ase,val
tsghJBJk5F8,ase,train
uGg0jK8ZcVY,ase,train
_90FhxcumBI,ase,val
gA49anz0DjU,ase,train
kJsqVpFwj5M,ase,val
e-P6CkeLAAg,ase,train
EISG11LIw84,ase,train
sIUI5Ryoeo4,ase,train
nPlKHJ2xcck,ase,train
b2WCyIcJHx8,ase,train
A7u-G-HSjGU,ase,train
E5WDP1k_sI8,ase,val
O8drzFJ8VWM,ase,train
0EHoUBSgHSM,ase,train
U6lSXulS_a0,ase,train
-DYr4znK9NI,ase,train
43xBjlCZgyk,ase,train
w4F1IGd99yk,ase,train
4cLQPQI7-yE,ase,train
pQVrh-lx30E,ase,train
FB1FMmknfIY,ase,train
pRH4s-k6IbU,ase,train
MuwIeTHRq48,ase,train
dpUgePTUKH4,ase,train
KYHxK5gh4IE,ase,train
CUfpjIpzhZk,ase,train
ZVxAZfQnQmM,ase,train
WyxrJXH1jQ0,ase,train
J9R0syuaxKk,ase,train
RHoIRuo0ng4,ase,train
uaGQQpn0YZQ,ase,train
IOIZgLB45o4,ase,train
9ujekqNp6lU,ase,train
0s6E7uGXjRc,ase,train
pi7asPy7MHM,ase,train
z4kZB8kM-dE,ase,train
hBmfNEqPsvE,ase,train
_SIei6oXj10,ase,train
ZDXuodkBHZk,ase,train
xPdsUzXLt34,ase,train
2hz6TDn6qSU,ase,test
EFAA-WDVjgs,ase,train
GsuTcDkejr0,ase,train
NToLr60DshM,ase,val
RLIzeTGgDhM,ase,train
RygUTd1H4M8,ase,train
gyzvh72QnwQ,ase,train
ruvpIPWZ3bM,ase,val
z8JqU_pjsZ4,ase,train
AkW9ZgC-byE,ase,train
pUDEr0PCCHc,ase,train
iT4KGaw1cYI,ase,train
QirLZShGfPs,ase,train
aWOjcli-sP0,ase,train
gYhuMbzJkfU,ase,train
Xm4XAr9ui1Y,ase,train
OnxkZaOfw_U,ase,train
RpxmZebo2HU,ase,train
5q1DJ6ZsLIM,ase,val
VPe9vXRTMdY,ase,train
n_l7MqS4Y60,ase,train
unSf7DuiGE8,ase,train
4vohed3uubQ,ase,train
y5HsEC5Ldh0,ase,train
EYCFnl2H_3s,ase,train
1HTJc_NY9_U,ase,train
cWQSKUSL1Zk,ase,train
VcCRWv31i1I,ase,train
YMN_JChLE3o,ase,train
-MuhF_l4zJA,ase,test
frFQl9dHBjA,ase,train
uDAk-PBzBNg,ase,train
E7GtWdW8uSk,ase,train
tvWmTj8bC7M,ase,train
g2vNwDmzeP8,ase,train
6GnSzk_WHWo,ase,train
I0IhH7wFnzo,ase,train
LTguAQRvpUQ,ase,train
14X6oChjjT4,ase,train
iiWWh9Jlj08,ase,train
R-aCunLL-X0,ase,val
QJbLCX3Wk7M,ase,train
LZeeAlE3Aek,ase,train
khhaddi7GDM,ase,train
pV2I88G2Mb8,ase,train
QbNVVfMcKHE,ase,train
rdpxHJ4-Gnc,ase,train
dSKxreXN-2U,ase,train
jL7mc1b7F9A,ase,train
0KuJ2t4S_TY,ase,train
Z9mTM7jKxk0,ase,train
Sf3xdLgOb9k,ase,train
UKuOY7Ipp-0,ase,train
N59SEQxaeY8,ase,train
dMP8_pfulP8,ase,train
9rJ3XFN1NyI,ase,train
DLjnzPr6Qh0,ase,train
CKtcB2-19XY,ase,train
8MQp060CAC0,ase,train
PB_NgcNcOgw,ase,train
u9gcJRIB_GY,ase,train
43eBA67htJc,ase,val
9YQ6bjxdUco,ase,train
Ni0eybdU38Q,ase,train
qnOJ5DNBRyY,ase,train
hx6QEtdShzM,ase,train
EnAxlpXrJgg,ase,train
pxkfXb4Jxvo,ase,train
ogErzc8TSsw,ase,train
sNIord5i1WA,ase,train
zjcSEtqwweU,ase,train
kufYa2ifI4Q,ase,train
BxkVai8tLKM,ase,train
yiGl9U-tCR0,ase,train
cx_UVvil7tg,ase,train
8Ty3gAQrK4w,ase,train
Mpp_2V-uFpI,ase,train
1Do7AfsaVeI,ase,train
HwosSRu0OIE,ase,train
UP-qhL4_qDw,ase,train
Hw25R3eWogc,ase,train
CrDIFR5O3F0,ase,train
T4eUdsP36SE,ase,val
bwLJLiaZXk0,ase,test
idbrFrQnamo,ase,val
Hj6y3MH8qXY,ase,train
3_kaSHhZja0,ase,train
X4MupiOmmLw,ase,train
nxv83ylyGOQ,ase,train
QGcHq2FkgL4,ase,val
9qT-F-_t7QE,ase,train
kve91T8QBdE,ase,train
v8Wa2vsVc_w,ase,train
CkU6Zsxi3Ms,ase,train
zinwjvhoe-s,ase,test
9tKN8A3K4E0,ase,train
UhSbogF8wo4,ase,train
93zQA7Z700g,ase,train
6U20xf4WdwE,ase,train
WKloUuV_M2A,ase,train
T5MaRptNS5Q,ase,val
dAknc8TN8zQ,ase,train
HYlPsgTMAng,ase,train
h4IbZunM4hM,ase,train
QtngK2eeX2E,ase,train
2D78-5p3s5E,ase,train
P755AxsgALE,ase,train
kVdoDhzKX1c,ase,train
d4X3OFCeKKY,ase,train
hrX4opMDb14,ase,train
NRqOeUJ_lI4,ase,test
0qb8BQ3lPb4,ase,train
dhebVQoTpO4,ase,train
1so4-zBOcbk,ase,train
49zNilccJiQ,ase,train
wtIvr9O6wb0,ase,train
ChRXIP56Y4w,ase,train
0KtceAKU6W0,ase,train
sVIkWthakTQ,ase,train
qP3t39xwZw0,ase,train
fdgEfpIfSUE,ase,train
TUBurifEKyg,ase,train
ZVyAObQNMys,ase,train
CXHkUNfkGGI,ase,train
xEzt56uFD84,ase,train
P5PmW93fjUU,ase,train
O1otbwjOXe4,ase,train
0l_YxGEsYDg,ase,train
NXlHCAESNmo,ase,train
R5cBq5cbovQ,ase,train
KfB7dwSROl0,ase,train
knPvhAk8DPc,ase,test
v6zFVNJ6L7M,ase,train
vGcM63aYiEk,ase,train
rFx3fCqDvq4,ase,train
2u9kx7Jlw7g,ase,train
vsFoYeyfGcc,ase,train
C8KqBS64Z64,ase,train
ptAm9eVvclk,ase,train
-FuhRkxZf3w,ase,train
Ni-pzAZOtIc,ase,train
Ny_QaSnrap0,ase,train
m3CVC8Iw5Xw,ase,test
rZOQD2Vbf7c,ase,train
dqaue9qRoa0,ase,train
g4Woat96PuY,ase,train
8T19YCfE_eE,ase,val
bjB_J9JrUhI,ase,train
FYQj2eMRHYo,ase,train
tSlCiHHYXHs,ase,train
wIQOURCpSbU,ase,train
DbPDpfGQeew,ase,train
sBMu6Sdc3Lw,ase,train
YrhV1XBak9Q,ase,train
rDx3uGbg7hE,ase,train
AXr6xnwQFRo,ase,test
h2qjBFWolDM,ase,train
_TDHkhq1qRY,ase,val
71vyx6s25i4,ase,val
Fhs3kIv6oL0,ase,train
plC-9ueDcMU,ase,train
m53IOag4z_w,ase,train
DhdfFbjYncE,ase,test
5M90r1nf5M8,ase,train
t83b53Hfl4w,ase,train
aVRYwBu5_xo,ase,train
wPZ3EJylhNU,ase,train
01im3WZg4dw,ase,train
TtxTevFCSa8,ase,train
XxFkBmlVYfI,ase,train
vUKvcszidL4,ase,train
d7PENXZP-_E,ase,train
ySF0qy5I7y4,ase,train
y4b_nrzRk0Q,ase,train
hdzONV9TtT4,ase,train
d0veBp681UA,ase,test
gKkTOHZaX7c,ase,train
Ctna-GMK5Dc,ase,train
YU49cwCUYVI,ase,train
Hg1IwnvNV9M,ase,train
UagNGbCFXRc,ase,train
nMsrdSJW710,ase,train
iUZxwS2GK6I,ase,test
I8GCdf2ibjI,ase,train
OlSffXwiOSc,ase,train
C3ElvcjM_ss,ase,train
8ioj9vM1sI0,ase,train
3Byo1PPkZTY,ase,train
O2RjWa1bNtE,ase,train
FcfZ7KUo62M,ase,train
JSjbJRrZGHA,ase,train
uGhXKfzoA3g,ase,train
DMTON9WVb0g,ase,train
9WQgq56nE-g,ase,train
o85tQe-HWg8,ase,train
rq8ReDhfrX8,ase,train
jTdCZ9i1WY8,ase,train
FPB0I9fIwIQ,ase,test
I2OjqgWcrSc,ase,train
eFlGiJq-hgo,ase,train
pcpc3oMNqF4,ase,train
aNYCUmhV508,ase,train
6KwcF1SxswU,ase,train
eisbEWNlnkI,ase,train
lZqqRZZvhtw,ase,train
vsgREtrG3Wg,ase,train
50EV9mbGVWY,ase,train
6YRIw7EFtwA,ase,train
fogxYugmckA,ase,train
y8VxH1bwSOY,ase,val
lk-LSoIPToU,ase,train
x8tz0PS1_tI,ase,train
fDPNdbii6Mc,ase,train
Lfh2n9C6_Gg,ase,test
T2m-58Eyapk,ase,train
blzKTpXWRQU,ase,train
2Hy6uXW2TjY,ase,train
750f5tzGBUc,ase,train
LVpTPrD8YeU,ase,val
McnpJiQuSEo,ase,train
0rq4nkWlO2E,ase,train
1lc8__0n4kQ,ase,train
Dk5dekIPFyE,ase,train
W2I1zVXVILc,ase,train
p6ArR9Y3jYE,ase,train
tD04NItOgEk,ase,test
_nzhYEKewx4,ase,train
d_JN0FPs1_8,ase,train
o7T1tM-T9xo,ase,train
ZBF4rkhbOUs,ase,train
40TaTmMaqC0,ase,train
CWPlI4KcMoI,ase,train
d1rqUXjjw4U,ase,train
r1XqgtkWeYg,ase,train
wzz5g3ZDw7w,ase,train
GiJflpuTwXg,ase,train
7272RXfPqYg,ase,train
vHZkRYTNQLc,ase,train
irY_JLR6xCs,ase,train
NCWMFl8gZm8,ase,train
dKZ9j349MXA,ase,train
lnZaiT8Jeb8,ase,train
Voxnw_Qqz3w,ase,train
Dmvi3_q3gMc,ase,train
6C6F4_RKUpE,ase,train
Enp06Nz7VDU,ase,train
ZP_6ahREQwY,ase,train
Ai0xfK2xQR8,ase,train
EjnHx8-O9HI,ase,train
N9A3DDohfcI,ase,train
PZ08yaw33Uk,ase,train
RILcIYC_vpg,ase,train
LvtvuXvrRv4,ase,train
qdnbhsXskaI,ase,train
BTaQiLAwwPQ,ase,train
eRqeIyHSH-8,ase,train
f7QYDBbg_X4,ase,train
MROz4zzQ5nI,ase,train
KsJLi0YvRLo,ase,train
IkOhlA6syAQ,ase,val
f7DVspks2Bw,ase,train
roTy3NB_y8U,ase,train
Zlja5NuyMZc,ase,train
m4fh5pYX7b4,ase,train
yD5yHeKzzr0,ase,train
dMRNqXHpzE8,ase,train
w-8mk1owLrM,ase,train
OYf2XVini8g,ase,train
VDrCes7muaY,ase,train
KuJ6BLcNzCA,ase,train
1ZQlKQsY0_0,ase,train
snfcodEHrA0,ase,train
tO3QTXWiGQA,ase,train
I5J57ZyEU-g,ase,train
n826kfzRm4Q,ase,test
YeOvHYJ-kKs,ase,test
VOvg7zKCZRg,ase,train
MO35UjFWv60,ase,train
KT8jSO_nR8c,ase,train
dWTa7WroKYo,ase,train
OMjjllBN_4c,ase,train
VbKHUsr-T00,ase,train
jEpw9On32nI,ase,train
P-0WWLwwr-A,ase,train
EjZPyx4Ii30,ase,test
3_y5dhzpILw,ase,train
poxxgOd3bHI,ase,train
WgPBzr6wpDo,ase,train
OYvAIHy5HRA,ase,test
OQht7dnoSp4,ase,train
tEBeJNUlcq8,ase,train
heDkHcOAV0U,ase,train
TaRcyuMdal8,ase,train
oQJEmRsNWsc,ase,train
ZHcFnYv59Ts,ase,train
zjHHiP5znxY,ase,train
tiK_vcH5tqc,ase,train
rfzTOT34JTU,ase,train
AhVaJ8QJyoU,ase,train
nRvFj0pM1ko,ase,train
8LaNiSd1Kd0,ase,train
9-_HvnIHIV8,ase,train
FhR3PPykAvc,ase,train
awKmnRBrYdQ,ase,train
vXQcUEhFh3I,ase,val
TqXFsDYnEto,ase,test
wUSfzE5F7ao,ase,train
s0pufIg5D4A,ase,train
HrOetLX3y9w,ase,train
BR3fNwwxfmg,ase,train
9JMHeAyw824,ase,train
wOJQN1iUjog,ase,train
xHs1M52_oIk,ase,test
XYWIc2jaDNc,ase,train
x1yO5D06QAg,ase,train
ovJE1uHUK2E,ase,test
vKocl_4-reE,ase,train
4FPGg6blSmg,ase,train
iEtz-AwaL5s,ase,train
FJzxCHY9VM8,ase,train
WSH8zf6nSkw,ase,train
-7L2DL9IOEU,ase,train
pl-FjiUklAw,ase,train
Xi0ZGzihKzI,ase,train
X0xyGdvhsJ8,ase,train
X5feH2k99ss,ase,train
x17RSYKBH50,ase,train
q43JI4UXuI8,ase,train
IlDNyU-dCm4,ase,train
rvJuQ0eYcds,ase,train
i9GBUGn5Ux8,ase,train
6w1-4eAUHmk,ase,train
MjL4QEynNCM,ase,train
gfhiVCwfvdQ,ase,train
mkwYHheJQVw,ase,val
unYVFsHOunc,ase,train
3GbelPeycv0,ase,train
UQ2IapPQvoQ,ase,train
z3FNxOl5dOk,ase,train
IZKn-Atdyf8,ase,train
Q9F0maobQcE,ase,train
D7Pd684wU3Y,ase,train
Kww_ow7Fwq4,ase,train
MBa5CpywYm4,ase,train
PheiMQ6jaxQ,ase,train
rOiqSCITEyc,ase,val
zZhcviv6z3E,ase,train
iyDKel55tfo,ase,train
toLHwS4iows,ase,train
5khp3y3cbtA,ase,train
OVyuNMJZt-c,ase,train
xnY5AEGzkNk,ase,train
XKIb7PFa27o,ase,train
cPCxvX9An28,ase,train
_bDAXd5hytM,ase,test
8YfeKcl5h08,ase,train
Lim-mW9w8KU,ase,train
hwoCpVw1jPk,ase,train
TiDSw6rp2Rk,ase,train
fjIpOt313_Q,ase,train
R7Et-roTyHs,ase,train
mIBGTVUhvAo,ase,val
B_Q6On0Zuuk,ase,train
Cn_i-FVD1ws,ase,test
OKXm2hEWBdA,ase,train
72DGd2dVFto,ase,test
zNiwbE1lC5Y,ase,train
lI4bkaTA8F8,ase,train
btqtAt7-Ufc,ase,train
vgMSM8-scZU,ase,train
YynYZyoETto,ase,train
2UfduP22NdM,ase,train
z54ZY0XGduA,ase,train
CHDaCHZkn9s,ase,train
OjrLEhLAPGM,ase,test
LwpUtlbUfMk,ase,train
P4_v_iDD5MY,ase,val
LGfVN7vLJvU,ase,train
b9d0lvBFuwA,ase,train
ISxr87AkzJM,ase,train
wvDUeNjgPHs,ase,val
cv7rZJR4qYg,ase,train
fZiRZyw1G8E,ase,train
UYqaLKZssYo,ase,train
lop9yGFcdXU,ase,train
PWEVWBQcB3E,ase,train
LBXtLThTh-U,ase,train
Yu8FxVJi4ro,ase,train
4LVtQ_shm-M,ase,train
8uwFvn-fopA,ase,train
AAHiho3UP2c,ase,train
cNtU2UH-2Rk,ase,train
VcXm0vSNtX8,ase,train
-PReNU3L8Lc,ase,train
FlQ6-wvVjc0,ase,train
C2bJlnzs7Sc,ase,train
-Olb6_XFpEU,ase,train
oCJttGYGMcQ,ase,train
cpJx4ovMyUs,ase,train
3IzgQqiETPE,ase,train
uo72ILpsMWM,ase,train
5BpIwpzT1wA,ase,train
0SDfBBjRwQk,ase,test
a4ODkFXJohk,ase,train
ElaPk8M5GT4,ase,train
PGKhUJ0LXAU,ase,test
jFEV9oTU0Mw,ase,train
YQYo9M9xxSw,ase,train
HetsChptuu0,ase,train
rBazMaA8hek,ase,train
4u07zqg_jRY,ase,train
Tm1iRgVtlf4,ase,train
N_c5F1QF5qY,ase,train
bT2188zPKaM,ase,train
R4qVPiGsGI0,ase,train
DyWYgIxy9CA,ase,train
O8HrCGe28zE,ase,train
_DImG4QhoEE,ase,train
TBvHesTyAA4,ase,train
TAUY41RTUy8,ase,train
HMIq5_dZyBM,ase,train
gVPk27VyOGc,ase,train
VRchn6W8Qpg,ase,train
Ev6Ta3AwKl0,ase,train
IB843xRXjVU,ase,train
eq8VC_ZKVfU,ase,train
fm6xtgLul8A,ase,train
mUOnbsqNB1c,ase,train
Cy67eCeSY7E,ase,train
O_Ibj02ruRo,ase,train
zew-cEQwoQk,ase,test
WGuvdN3_9Nc,ase,train
xyh1clkRVzQ,ase,train
ryOvOfIMheE,ase,train
RQMGqtgu7AM,ase,train
kb_99OMd3_M,ase,train
nFZ0bHyHQGU,ase,train
w9tdWc7OsKo,ase,test
Kf2Ho7hvtC8,ase,train
Lt8G1UzVw0s,ase,train
cA-ZetmOCDg,ase,train
jOuxenSCE9c,ase,val
I3cFR4VwZhE,ase,train
DmiCg5b5cYg,ase,train
R2FAcxmZg8k,ase,train
EVvg5C5aC60,ase,train
HZSq1jmfzyE,ase,train
EZzWhvHaBTc,ase,train
Uh3-0cm9fhE,ase,test
OPFmTf2s4n4,ase,train
Xpy-7dyBMqo,ase,train
A1YuvgjvMhU,ase,train
ffCW8QdJbfI,ase,train
eh6zjWtmh3E,ase,train
Y99oJ7FWMPI,ase,train
T1a_9eSKeWM,ase,train
res-mwimQTs,ase,train
fYTUutn9A74,ase,train
wtnxQet18ao,ase,train
ksmH8EcIG6s,ase,train
-pmxWiKbldg,ase,train
F8ynU0_b4b4,ase,train
RmZsu8zaQgg,ase,train
odYbwUQMG04,ase,train
ARWuK1Q64hM,ase,train
Rp6RFm_NDgo,ase,train
zC8NSuDvkSI,ase,train
x7XW4HXIPtI,ase,train
un0db3DH1j0,ase,train
K7aNaf5Yhs4,ase,train
bVs2ax8lUpk,ase,train
rCQYO4GJrGc,ase,train
aQma8thV9jw,ase,val
ERytJaEKyXk,ase,train
C2JWWdcHwP4,ase,test
uC3Tx4xFF24,ase,train
VU0-UpLTGHI,ase,train
AH2cQwb-GQ8,ase,test
e3XTUCFN_Ws,ase,train
gAlZK4088pY,ase,train
FJwqs2pUFVs,ase,train
XKJzQeCbXi0,ase,train
zoOdd4MrChg,ase,train
QuPiyUy3FYk,ase,train
V8zwMb7tWoA,ase,train
FLPUWu3xyRY,ase,train
0RFVhML8EWc,ase,train
-KgBBru7lps,ase,train
Al6mtsY9SN4,ase,train
5GKJH3kAWDo,ase,train
6dKIcUCzRHc,ase,train
sj9E9AxA-Mk,ase,train
J04FVaMgHMk,ase,train
WUSJ3CyA7qI,ase,train
gn4QEg3YSgg,ase,train
ibqLRrYV1Ns,ase,train
XUKyutbHctc,ase,train
Uv2mCbfPbNY,ase,train
GQJmhbqrdWU,ase,train
l1kvsVBGGOY,ase,train
Fw9uDdTl-ts,ase,train
ciqJNvY6FCw,ase,train
0bX29nB6Pe0,ase,train
LjZTTNE8IM8,ase,train
3fw1zsnDmbU,ase,train
t7NIsLPwBJM,ase,train
SpYTeubdyYc,ase,train
sMFvh8e_w1U,ase,train
sM0tif6QY3s,ase,train
I4wSbXprh_M,ase,train
BsiYCzSSQK4,ase,test
R1bH5_6wckI,ase,train
i7GsziP_VuE,ase,train
64ZKS9P88Hs,ase,train
BX9UM5k4yCg,ase,train
bbEckJAgDms,ase,val
J4r8oVbIYe8,ase,train
iJAHeGgNKbo,ase,train
js6EqA_P8XU,ase,train
CUFH-60pJ7Q,ase,val
8q6BlvFNY0w,ase,train
G0WbNTX7AtQ,ase,train
aMOB9jUI7xI,ase,train
ERSB5fbmNJU,ase,train
ocDnPS16dnw,ase,train
_tHeSOxrYPU,ase,train
qPlDMCOVMvE,ase,train
yVEEDiWi6lY,ase,train
hEdMFU5-k9Y,ase,train
W4IbQRtGKts,ase,train
360Rh2nWAJc,ase,train
cY6rPA3K7Bw,ase,train
2Uc3iU6olf0,ase,train
cLQ76c6NhDc,ase,train
zfE6RKGsDeI,ase,train
eyu6peTwKiM,ase,train
VVobYn0Oo6A,ase,train
c7CFbNY4d-Q,ase,train
7eEYUNL9c3s,ase,train
8O3nr1MScmY,ase,train
hrUih9dkBeQ,ase,train
flET2criAXk,ase,train
q3TwMACp1BE,ase,train
_Yrju222l14,ase,train
50muznl1uOY,ase,train
16qygSE343A,ase,train
mifQ8PZrbio,ase,train
YEH76kEmZqQ,ase,train
vIMTBmmgi9w,ase,train
jLHnx83qbc4,ase,train
2FqUerxjxXY,ase,train
B5Qgeg_2Pc4,ase,val
IOkb9Sud2pE,ase,train
Gcq-2lTJc3s,ase,train
7Uwp7VIlH4k,ase,train
jEOl4do2loA,ase,train
pQIj-YBosEo,ase,train
hhAoPn6d64Y,ase,train
aNzFw9F1dGs,ase,train
NruRm9bmSiQ,ase,train
J61xRp61w5A,ase,train
lo0tuMLna-s,ase,train
mmVczhsQj24,ase,train
2O64ypfQZ3Q,ase,train
W1iqXshp8CU,ase,train
Dud6KEMLZJk,ase,train
1hI4oN8u7-4,ase,train
jIS0ti76pUU,ase,train
GkjD0VhCdck,ase,train
nfjCTfDSUk8,ase,train
ZqTxcBEQY7s,ase,train
L7fqCdYTqpo,ase,train
cVC6DEzpUlE,ase,test
LT0x_nU3lPY,ase,train
jmvo72VRJY8,ase,train
cNs7Gv0i0D0,ase,train
khsyLz3W-3A,ase,train
F9hlfvaaul8,ase,train
n58_nzUz6tI,ase,train
apk2tP_dpuY,ase,train
YbRftcJMUJI,ase,train
UYCiJI1aXU4,ase,train
8kckSsZOjPA,ase,train
zt6157IV57w,ase,train
2Wbk-bP2EwM,ase,train
AoUAGk9JqBo,ase,train
JewPhp8Mdtw,ase,train
E0Kcsli-Am0,ase,train
HAdYHyBvMmk,ase,test
_C2AnVh1Jys,ase,train
_6CibcFs-Ck,ase,train
jFnPxVT5eko,ase,train
dyaeVNlFrxs,ase,train
mUo6MoAJ9zA,ase,train
pVNxXM4WF04,ase,train
P6SsT2hKH04,ase,train
YmsYm1It7bE,ase,train
mgF1y_42PL4,ase,train
QGN1HIw2ue8,ase,train
H5AyjUMvfbg,ase,train
WJe7ra_GWtI,ase,train
5Dd8UZUEnvw,ase,train
Qv8Vwsx8-WA,ase,train
rbwsYIequfc,ase,train
4Qa2r-L4euE,ase,train
cn9Pvh7eaWU,ase,train
ZK4RbrScp2k,ase,train
-KyL6AuA-OY,ase,train
wJJ4puL5Tnw,ase,train
kNyQ5gETmuY,ase,train
3rIjxXrLDLM,ase,train
UBkQ7oXsoI8,ase,train
QKOBmiKnZCY,ase,train
Tk0BOrv5rN0,ase,train
ap_Q5YzDsbk,ase,train
wQLhiYLAyQU,ase,train
ZFBCKBNIdxM,ase,train
NwE4FK-aKVM,ase,train
ZUPNfxSiNM8,ase,train
CTcxA-VFK8U,ase,train
dPHGXHx5y28,ase,train
grSojgEboII,ase,train
i5z_Wj74sk8,ase,train
dQn-8CnXQuY,ase,test
lt6gLPs5P90,ase,train
EQxe9Zyp1A0,ase,train
AIAEVV6W97w,ase,train
xzWBK71dv2w,ase,train
Xj8CMwBbq4I,ase,train
WdfLMs3dPtU,ase,train
EX6Jm7L0W-0,ase,train
Yr9_5Fq-tuU,ase,train
PcPLIklWzuw,ase,train
hTe5fEb8pEk,ase,train
Jde01slJE1g,ase,train
oz3BbwWVLNE,ase,train
GLjgU-J7yz4,ase,train
FkT1qlh8hN4,ase,train
myxul-R-eW8,ase,train
r49UYTTgIeU,ase,train
9sMSMwz2j10,ase,train
4tzik1GByBM,ase,train
piv2Py71v04,ase,train
4M7XRJ_Ep24,ase,train
fEOX9c9UolE,ase,train
cHBDeeVqAfI,ase,test
ZGBhpm0G3nU,ase,train
b-649L6lJ9Q,ase,train
P-1ZmY0D_q0,ase,train
Ek5ClY1G_no,ase,train
ngatok1tQrU,ase,train
2hanDNjY1zo,ase,train
zAU_qVBURmQ,ase,train
poY_oxGfJ8Y,ase,train
jwdlFwyM8Lg,ase,train
9RGkAaNgHnU,ase,train
1a__VSfTk4I,ase,train
8fQ9fn7afbY,ase,train
3KpGlsjPvi0,ase,val
9jidnuroo8k,ase,val
F0XHrRE7h1Q,ase,train
SlFGGsffIe8,ase,val
suoAQbBNI8Y,ase,train
dktHcX0FNKA,ase,train
SGlWxxp-IBA,ase,train
HEb8G736IDU,ase,test
bFYetNGNQU0,ase,train
C4JpYx8b6Mo,ase,train
ePLzE2yP9Hc,ase,train
hywPGPtreuA,ase,train
FDUFxreWI8g,ase,val
D9t7Gohd-qM,ase,train
JHSL5Gz_89U,ase,train
bxuXGwGRj5Y,ase,train
YTiOYqz4OsQ,ase,train
Ia_6h6Qy0wM,ase,train
7-jgp1YRxE0,ase,train
_miVsFEcJ3Y,ase,train
PIZPRkx-ZJk,ase,train
kdvsJG3P35g,ase,train
3ajo_dtCfGg,ase,train
YMEmCjN5Sjw,ase,train
arzaTu2_wkU,ase,train
ZhLELjTitfo,ase,train
57tn1i1Nvd0,ase,test
N4cQX-1G8gc,ase,train
uxppMhZWfms,ase,train
_XR-6jbjfPs,ase,train
Kn9M4njDZQU,ase,train
bxJAa4Uy75Y,ase,train
QBJ-xSC6CBw,ase,train
xpda1kbu4pE,ase,train
LNx_pHUhWOA,ase,train
U92Q_TmQGcY,ase,train
P5YLaF90tF0,ase,train
hHd4t8Bwn-0,ase,train
VaGSspTZY90,ase,train
OpeXvfxSg9A,ase,train
Hh_BJnAqSDg,ase,train
g0LUXVfhalE,ase,train
ni1wKJbKGsk,ase,train
zseo9uavwbo,ase,train
Xu00AJqLyWo,ase,train
fYFyUDgPdUI,ase,train
Ir2zazkdv-M,ase,train
GdYNF6g73eI,ase,val
vPLSV6VDvXw,ase,train
wkeBulWs2RI,ase,train
IsdV3E5thgk,ase,train
s-Zgs5DILKk,ase,train
Vlx-IelDM5M,ase,train
EslM2a0IKw8,ase,train
wZYPr2jrEDY,ase,train
ztsrsvVCt3A,ase,val
b6CyhDstOqk,ase,train
J6obbFAmNSU,ase,train
8PBPVKdDuXM,ase,test
8gNm4gUMQP8,ase,train
5jBvbdAiwP4,ase,train
WpKV4ZJIBdo,ase,test
iOeJfwELnWs,ase,train
gA3F7bHQA5E,ase,train
lBWBX_h9r2c,ase,train
c2AkuumvoCI,ase,train
FFZ0Qs4ixvY,ase,train
SzCru5o1fn8,ase,train
brzlLADzHW0,ase,train
KsK2yOVqII4,ase,train
n7YLLKwYB_o,ase,train
uOxgKhFMmJo,ase,train
JLfufGhEP1w,ase,train
KSmLUi9XPWE,ase,train
5ikPiwUfsJM,ase,train
dkjUkKVSj_8,ase,train
VMcd7runnvY,ase,train
Belymla42OE,ase,train
iMUCSJCWMMI,ase,train
Cizfm_Imt0M,ase,train
gGSc6uzYQZU,ase,train
iPv0kjXJRhM,ase,train
iQUI7ky_AqQ,ase,train
F5c4uXeGFI0,ase,train
BtILfd2OdV0,ase,train
2F5V3yrRwC4,ase,test
6F6rQFlMEEQ,ase,train
8NqJiAu9W3Y,ase,train
pynJ4UIrdNc,ase,train
Ws934pECZQA,ase,train
xl9Scp4jnDw,ase,train
doy3iShwNs0,ase,train
lDztN9TbQqY,ase,train
20Qt7rkcAY0,ase,train
fOunrHObNHs,ase,val
_HJXVKhSRmY,ase,train
7v19XbHXVmk,ase,train
jj9NPUw4yfo,ase,train
6Vb4EebEJBc,ase,train
yIaFwhLHlNk,ase,train
2QSlChnnFmU,ase,train
LWDVTC0tO6I,ase,train
dTnoWerJdD8,ase,train
gsS934q7g7A,ase,train
rjsx-Ow3LMA,ase,train
BknR7SEOMHw,ase,val
xw_P4h_F4gE,ase,train
w-mWYNG-AiE,ase,val
J-tsLwbhemI,ase,train
VKla3BG9Wys,ase,train
KAbwzM2WliE,ase,train
hhWxn64sMfM,ase,train
MoxVdw6T0LA,ase,train
UHyGvzaGBy8,ase,train
iUIn6weK1rQ,ase,train
Hn9iWdE16sw,ase,train
Do8SVVz13_M,ase,train
SS_O81e_kpw,ase,train
tOda47lTq7k,ase,train
SsBX1b7o95M,ase,train
W2faK_nZ7SE,ase,train
sa10hlA5r1A,ase,train
xaPDg3UIgsM,ase,train
7_E5HtKvX94,ase,train
b9JLHb9VXDw,ase,test
GVdbEptzfuw,ase,train
-IrAGNgJDzg,ase,train
TY3uU6GH5i4,ase,train
9rz6nB62nlc,ase,train
UadIcdp4Iok,ase,train
rRxMUP2wL2Y,ase,train
av-xhvE3E_M,ase,train
RhVC38YG98c,ase,train
AAEgmuj76nM,ase,train
i7XcwNcipok,ase,train
UWgTOXz8tic,ase,train
pzgwOXmnj2s,ase,train
m0T0VIrwT1g,ase,train
0sLIDjSbdxA,ase,test
-oqvbNZSFnA,ase,train
lKWjUYMVQDc,ase,train
4KlZehjW8KQ,ase,train
7fVAl0IGt4M,ase,train
KSkzWJjtQQ0,ase,val
aoLQ0VchSec,ase,train
WdxU5D_6X3E,ase,train
jItSRXnjmSg,ase,train
bQYrL7heTas,ase,train
_W6uwOCCHrk,ase,train
2M83YRjnHWs,ase,train
pQdCu2QIGh4,ase,train
7MdDUIvNbec,ase,train
8mANbLWcK-Q,ase,train
oyMeXj50bcY,ase,train
dKpRTgQBpTU,ase,train
Wd6lb7o2Lvk,ase,train
c64K3nzKCHc,ase,train
bwNqCJ4crBI,ase,train
vqn9Qe3FJow,ase,train
wfkLsek8dHE,ase,train
CpdKysIjSZ4,ase,train
Tqr1AeaU96c,ase,train
hhykyQsI9Co,ase,train
i5BIfh2rSKQ,ase,train
gawn5xE_GQw,ase,train
Bo9cT7cBYm8,ase,train
aPLFdsbBKFY,ase,train
0DtoZjCqwwo,ase,train
DfiYnZmSTXk,ase,train
hYhceJGM6hc,ase,train
kQqt7G8NhiQ,ase,train
gtAHUdekwkY,ase,train
waSGCh3M0Vs,ase,train
-0TymhADTXU,ase,train
LX_jPEa-6yA,ase,train
8kjEEsU9VcQ,ase,train
yRiEwKkr6cM,ase,train
ccn-_cNWysk,ase,train
HUkcaRNrVjM,ase,train
5js4DK-NuPw,ase,train
zOIM1TjfNCc,ase,train
uS3y2jzzxfI,ase,train
msLj09yCi4o,ase,train
jdE4tFjPy8Q,ase,train
7Hnkki8gAjI,ase,train
fLfPOGAUyLw,ase,train
c7nsnbM7DGw,ase,train
9KYjaw-6X2E,ase,train
LQxkwp2rG78,ase,val
RU5qHQD6mOU,ase,train
pp4eh3JaY_s,ase,train
Uc_Matlx6xI,ase,train
4MsFYjC9HoI,ase,train
iKl4S9ffswE,ase,train
7_ihpter5zg,ase,train
tD3S7Nq0mKM,ase,train
7dgQoq2BEJ8,ase,train
Z1mHzWDLZ7A,ase,train
ddrcAKO82zI,ase,train
ELWr19SlxiE,ase,train
PZtpi4J8miw,ase,train
ZbT-1j5twIs,ase,train
wWTB4kZDk28,ase,train
ivCO0fCFwj8,ase,train
5Teum5PgaaE,ase,train
EDqW7hUPtLQ,ase,train
tINdtIeIdz0,ase,train
8lxZHbEpXWM,ase,train
GMHD71_bWjo,ase,train
EN0VuMTISb0,ase,train
fFbvrry_L7E,ase,train
RoxpRy7H1OE,ase,train
xkAQANLuzLY,ase,train
pO4UqTwGzZ8,ase,train
4sV2VXAf9lQ,ase,train
PrOpIRoaOUY,ase,train
n5mETjZJYG8,ase,train
uBskMKyJFPI,ase,train
bgiwYGYZ-3g,ase,train
qESWjmZxbMU,ase,train
Rq9bNu0NbsY,ase,train
zJPW7oTf6J4,ase,train
t_gCxWbG4H4,ase,train
xdierZ-Mse4,ase,train
c93HW1eTygM,ase,test
9kJdypm5qvc,ase,train
hXwHOJyyTCQ,ase,train
7yV8wwDSGbk,ase,train
i_-Ak0IVQP0,ase,train
wq73fr3UG2k,ase,train
mRbkGUb4--A,ase,train
4OaYHvsqeSw,ase,train
S5Wa0kBDvh8,ase,train
gkSwcmLNb2c,ase,train
7X-yER4jLkw,ase,train
dH0XZfPpWCA,ase,train
2hcLIu4HCcY,ase,train
6tp9uIX_cG8,ase,train
q9Q2FrV9pWM,ase,train
JSKFRsTLQNI,ase,train
Oy0dhjDOJeg,ase,train
92IBbY4tsQc,ase,train
WUsdJa14x24,ase,train
ia4wGjZHoLo,ase,train
pDA_EXFTpxo,ase,train
nSHII8akg6U,ase,train
olb5Ec0PTkM,ase,train
00urZoasbzw,ase,train
VSMiGIVjfQM,ase,train
hhwkCtNfjYY,ase,train
OAAZRsSJB_Q,ase,train
4_833Ptadbw,ase,train
-j1GUcRAbPc,ase,train
n_SVFu53SEE,ase,train
U7_eOh2UKk4,ase,train
wEfV_WzY2Bg,ase,train
5hKUn3t0tBg,ase,train
_BzljDiyZV0,ase,train
QOrJQpAb-Bk,ase,train
lpfFHuAyI_o,ase,train
DNhNOcqk9Tc,ase,train
8Nw9ABhSbvc,ase,train
vlhNNH1_vOk,ase,train
t8lJd6Qi7-Y,ase,train
oV5Y1eeaJSo,ase,train
PRSyXm0VgDE,ase,train
ef88P42MEcg,ase,train
sD0eiPc2P5M,ase,train
ke5mg3muJyc,ase,train
t1Iy6Jawzpc,ase,train
f0h1TxyuG5c,ase,train
UWlEBSC_h-A,ase,train
jddebCA2mkU,ase,train
FBlOHo6U8mw,ase,train
wlwt7K3S-K4,ase,train
cre3jN-Wkt0,ase,train
MfTIzDKWFuM,ase,train
GnxMQRx-2Zo,ase,test
Qvm8TGPGFBs,ase,train
nPoanoQnkUA,ase,train
JUnVdwUz54Q,ase,train
l_Vy4PvrkBg,ase,train
7IuNV-gcRLs,ase,train
MPeXy2U4yJM,ase,train
F9gDJhDNrDA,ase,train
usOlT8V9eB4,ase,train
oqV6bWyjpPA,ase,train
y0aNd72taVs,ase,train
1euejXNmJg0,ase,test
3KRDQzFPSwc,ase,train
aNE28guzKmk,ase,train
97WDRBCtj0o,ase,test
EL2t5r7oTYo,ase,train
S0df727tfIM,ase,train
60cYTePWEOQ,ase,val
GTEYBiWnSvs,ase,train
sh12gT9nekE,ase,val
BUtB2V4nIcg,ase,train
ysLZHkrdjx4,ase,test
3u5q5MZv0mI,ase,train
glbmr7rvWyM,ase,train
r37PxJuv7lk,ase,train
S77f-vvm9Yg,ase,train
OWwm__7m9hk,ase,train
WHoCkdG6ZXs,ase,train
KQky_A77M7g,ase,train
cpzZEulBa20,ase,train
iGNvWcfegjg,ase,train
bT5SutNF1rI,ase,train
mMkQmV13QS4,ase,train
bcKhrs6Qsa0,ase,train
IvnTXeDG6oE,ase,train
rjPGT-btv0o,ase,train
ZTmDMzBxSZw,ase,train
DfjdlEUdMoc,ase,train
nEiRecggffw,ase,test
X6a9ZucatOk,ase,train
y_EBUtTmpZg,ase,train
BO0C4J89QX8,ase,train
PSSPV3907wE,ase,train
P_xKhWfiGLM,ase,train
0FBP71iD9u4,ase,train
HSxPbjHRkcI,ase,train
-LoU4OvDdgs,ase,train
03t6CuvWMTY,ase,train
h6fcucZnVgU,ase,train
pRa-RvjSRmQ,ase,train
ubl8Zl9ocM8,ase,train
1J11MLT62oI,ase,train
3_o_AkadIsw,ase,train
Wug6yzOIvQ4,ase,val
br2zOZ7mCGA,ase,train
pRjH2ftDaGw,ase,test
iLDP9_fZuTk,ase,train
_9ALb2woZ2g,ase,train
v2hN8tNIofw,ase,train
gpMC6-egMmU,ase,train
RV8DdVMf9wQ,ase,train
kkYHyu2NGFw,ase,train
dO950I-WuRk,ase,train
Jycw3co4j50,ase,train
QuuVSsKlRKA,ase,train
yHcIbpQ3GKo,ase,val
9GZsbuvYbis,ase,train
I_r1bN7_gcw,ase,train
5CmHRhBa16c,ase,train
IhqK69cHMdk,ase,train
O-sTpgwnABg,ase,val
_TsZATqEatM,ase,train
kXMEynJbfMs,ase,train
iBqF3mbgtIg,ase,train
OM42HVgzTTQ,ase,val
suiUxg4gRRM,ase,train
8_swxzfnyHc,ase,train
f1I8srCPXNc,ase,train
ndRryVN6ZNQ,ase,train
NHvBRnuRifQ,ase,train
wmkaQqFjKQk,ase,train
xTY8JUF6hIk,ase,train
Op5q5rl9mOY,ase,train
k3zZ4ygf3nQ,ase,train
1Nf5NScNUJo,ase,test
doZWNvhnFYw,ase,train
Cc81oza8HJk,ase,train
kCrbqdAlXC4,ase,train
7tsKK7uap18,ase,val
56Di7V4BHgw,ase,train
3I8RmyajZ0M,ase,train
pQoQr_CmEss,ase,train
NaH4SlkN4cQ,ase,train
jFZrSaw_U_o,ase,train
AeGhknJ056k,ase,train
7ZeIBdPZhC0,ase,train
xmovw262tks,ase,train
-sfpjBQ6UGo,ase,train
l9ARIqu8M7s,ase,train
yEL1MjdGT7I,ase,train
hle2CVBp_AA,ase,train
Ms7ZBdfN9SI,ase,train
eTZ1bmEHVao,ase,train
2FsSaOFuIWU,ase,train
LxC8MpIfH9g,ase,train
4W-g21npdkg,ase,train
OUyncJYt7yc,ase,train
KRvC4J8jDIY,ase,train
PDmIET1_S2o,ase,train
buyJ1i5bHho,ase,train
ywy0oywX8_U,ase,train
plMVe0qzzUI,ase,train
WPHeFX8HeAk,ase,val
BDNP8gl4oAo,ase,val
2qDnzhpeD18,ase,test
-Q3RVYAZlRA,ase,train
yMJpqfrcRFo,ase,train
X435KvSjRmY,ase,train
MITKEqJdESA,ase,train
ItoVm5NBS7c,ase,train
CcARB0aT2x4,ase,train
Gc3t4tw6-fc,ase,val
b0EpoliUgGw,ase,train
KlvOJXuBYTA,ase,train
RX2sATnuuWk,ase,train
HIDYZIAK6eA,ase,train
eCuqtCXuQ_I,ase,train
bxZtXdVvfpc,ase,train
oasnoXTz-qY,ase,train
IojzwXI4q9s,ase,val
iZqSXH-c4xQ,ase,train
R_YWbLCDwDg,ase,train
o6F2iWeH9Rc,ase,val
dNw7aGrqYIA,ase,train
ggmOWs3Ak2I,ase,test
8UT3mBkHp2o,ase,train
gFNtTLQDjZ8,ase,train
TbF9I6KbfkA,ase,val
sP18VXIrE74,ase,train
Ic4H9EDYSeE,ase,train
46FeExcSee4,ase,test
IFzXcrp9g9w,ase,train
EHytc_h6rOQ,ase,train
Mxu3Fk5Cz_w,ase,train
9G3I1P343ic,ase,val
H1iqj9iZSKQ,ase,train
FcaRUI2fWY4,ase,train
ZrzmVbNT-YU,ase,train
BOGNmNVSE_Q,ase,val
ztliFM15QHA,ase,train
S5ZOmpNLrY8,ase,train
F8nlHatnUXs,ase,train
sZyl2MyqWu8,ase,val
YmwuFZelYeQ,ase,train
ynmFdxg-MYc,ase,train
7GMPXyXpy8A,ase,train
4K9zcemtfjQ,ase,train
mFWxs19IalA,ase,train
tnWeRFaV2QQ,ase,train
hYetCPHaaBA,ase,val
XXkejmc1GbI,ase,train
Vt6C3whfzn0,ase,train
FGaPEf4FUBA,ase,train
4gyIuBIdqug,ase,train
c21CyeYS4yo,ase,train
5sXEQQsl470,ase,train
unIir0KCWEc,ase,train
U6BPMDwqgwc,ase,train
mgKbJaEI20Y,ase,train
UEde4SgpAo8,ase,train
v8BVhBZSUaE,ase,train
xY-_vzsqi34,ase,train
p_qpDE8PJRc,ase,train
EbR7WpG-Ksc,ase,train
WFE5atTN6rE,ase,train
22oJoUgnTdM,ase,train
XxDPxyzfjG4,ase,train
215r9CyOX-o,ase,train
_GLRGYK6Wgc,ase,train
ostJga638q4,ase,train
kHK7YamnszQ,ase,train
zpaG2LJm1ok,ase,train
UkXm4ng92XM,ase,train
3eZ1OPXGmNc,ase,test
MgeAWp27VeE,ase,val
gBli6soL4mQ,ase,train
A4HHDsvNDNw,ase,train
NadXBd_JTFA,ase,train
_3oZUEhUG7U,ase,train
88zdP84jcpM,ase,train
A5bBhXlr5aA,ase,train
6bMuWpcOvNY,ase,train
0u2AVVL5KRE,ase,train
H_kMU5f3RGs,ase,train
tJFkPwwyFaw,ase,train
DDMQBONoxrI,ase,train
heYKJe3nuvU,ase,train
BAdV9DKl_9o,ase,train
NU_7LO3d_dU,ase,train
Im3X9mj2xt8,ase,train
xZZ11Z_yeV8,ase,train
-z56TeU5xo8,ase,train
M4_ONX63FxE,ase,train
RkvwcB0Q6NE,ase,train
rx3J5OAZ-10,ase,train
xSSgcRX5W9U,ase,val
y-L9-anE4_k,ase,train
HR3KduJwSGU,ase,train
hYtDBQRhFm4,ase,train
b2yAgxFax7Q,ase,train
feQp4kCgi8I,ase,train
zrGM_sTSIzc,ase,test
-HlGNm4D0NA,ase,train
BHXhn4_r7-M,ase,train
GlFbv_2kkQQ,ase,train
q3cXN0vp6X0,ase,train
dbfCUTSAzuk,ase,train
a-cQ_KRaro8,ase,train
lDc0WwqHzLw,ase,train
MHiKUvbRNb8,ase,train
bXtWzK2oF8o,ase,train
dj-oXqsEpU4,ase,train
w0Lhi9Tdb5I,ase,train
oALMHMlWBuk,ase,train
b6OQmBRgkVc,ase,train
ofZunib3szg,ase,train
6kBF9kpK6FA,ase,train
oFMmR1Taato,ase,train
VP3UnOWeVzE,ase,train
SdCWjgtGB8g,ase,train
s5RG4l7xBM0,ase,train
h1OYFbqyn2s,ase,train
DfzD_N5GUT0,ase,train
xYbv1NDCky0,ase,train
_hs8QMBbIdI,ase,train
_RoeH-S-n0M,ase,train
bQyATEMSxXE,ase,train
CPm_PIoNW30,ase,train
Pnszia8VyVU,ase,train
mXaQWYtOhBA,ase,train
1ZrUru3Bov4,ase,train
cAekjixTxF4,ase,train
mlC4_hFsYYQ,ase,train
XvEKAhUfgZk,ase,train
wWAfXwSXY18,ase,train
ISNIdzEOu0g,ase,train
BJmhejlpUNo,ase,test
3v52wUN8A70,ase,train
0F1CZq3opMw,ase,train
lwte15wfPAE,ase,train
zZwJ3EnyI-Q,ase,train
3ZI34xl3QuE,ase,train
wVHgIDA5AUo,ase,train
jbqnpf_FrCc,ase,train
YUsKCH9w_Qo,ase,train
nD3qYMBkEts,ase,train
DbUC5glRqrs,ase,train
FeEKEz5CA1c,ase,train
99yn5p29mpQ,ase,train
tUNv4jkHzh8,ase,train
9J0dwbSu9Ok,ase,train
LjNgGytr99Q,ase,train
xK0bLdYLj4I,ase,train
VGwZB4OcELc,ase,train
DEh972rZEZU,ase,train
l5Vhm4Rc7U4,ase,train
x6LiFpdbCwY,ase,train
m8BMq3WMLvw,ase,train
jWt3Je4qBU4,ase,train
Rr6c-XmqYYk,ase,val
MNby92QfCy4,ase,train
3Zqd1BSmx9g,ase,train
J_2VkrRRTuM,ase,train
JcTYXpofAI0,ase,val
QXujl0OU6N8,ase,train
-9yg0HFOW60,ase,train
NRihNBfArD8,ase,train
Uy-ME_BtvN8,ase,train
ndldQ_wBw9U,ase,train
nsENZyqVWIk,ase,train
HlZOwY-7iZo,ase,train
cRl06iDPZGY,ase,val
bHYqwiZ2DiQ,ase,train
_fhykCbQXH8,ase,train
GG4kmUr3ZnU,ase,train
frhkGlZr26o,ase,train
8UeM1x9-71s,ase,train
-GtDaiSJkSQ,ase,train
R_Th2Dzbqio,ase,train
edctJ6OOjSc,ase,train
trfo2cLXKYw,ase,train
DuhocVux6JA,ase,train
2pDVyY9wsRg,ase,val
RJK2LL0HCUU,ase,train
LrO-7V1-zvc,ase,train
GfuHLnD4Gqw,ase,train
aCzUoUZ18KU,ase,train
BTTzu1oROlo,ase,train
cWSdafVpeZA,ase,train
jVxhUgrjb4A,ase,train
LTo_jOV3Nzk,ase,train
xE98VmNNnyk,ase,train
eBoIOr0HZUY,ase,train
Sgd_pW-kMME,ase,test
L4xCmcCMRww,ase,train
jSJ9EYzteDk,ase,train
Iri6G9GH4QE,ase,test
OaSXY2S2834,ase,train
0Q3Ik0o3JuA,ase,train
kYUgA56LGpg,ase,train
PiUaH7Wyq1U,ase,train
HIugVufbz2M,ase,train
wIouCC8wGhA,ase,train
B-XFv50vLLw,ase,train
N3I23OxFm2M,ase,train
PlAA_ZxHTbE,ase,train
xjHGooSANnQ,ase,train
cBnwX-MXhAg,ase,train
o4kvdsd16gI,ase,train
4kp2CBOi69c,ase,train
wcPYXhHzIO8,ase,train
3TlBMtYgTqU,ase,train
nnKOxy6Cbls,ase,train
e1c0Xe0pXeI,ase,train
_POe_pndt1A,ase,train
EGNBSNTwd_U,ase,train
xwLs8Lel8a8,ase,train
iCG1z2Ozjpk,ase,train
ACXDSL3kyUY,ase,train
Icw1ZN-KLiw,ase,train
xq1oiarQ2A0,ase,train
-vT9QW7XtJs,ase,test
lJGpJa2kcWU,ase,train
Pal2KZ2zk3I,ase,train
h05RO4gEwrs,ase,test
kudjc-ebIno,ase,test
L6cNIhVgDUM,ase,test
8sE1eVmrMFk,ase,train
NhvOlpjNDjg,ase,train
VRPNRp4SQos,ase,train
os7UGEYAEFI,ase,train
uTvWeWXaX6k,ase,train
GO4kDkMPUEk,ase,train
GleXfn7X5ig,ase,train
Kyu_WBkX6gw,ase,train
oDROcplSQUQ,ase,train
eeoFtM25ZJA,ase,train
ba4N59LLHuw,ase,train
sVIujaPkgSk,ase,train
FDGyBz5Gn8A,ase,train
uzn2FUiRYhg,ase,val
xm_leKC-fLk,ase,train
lUSE2UWeEi0,ase,train
qR0ejxzkgjM,ase,train
iRiLMddqWgo,ase,train
a5O9Vb2NECI,ase,test
6kUJ1Ifkh-E,ase,train
mK3N7HmbyVY,ase,train
tM1SwrbWlbo,ase,train
X5qgcOYBmTw,ase,train
tszKcsSgYb8,ase,train
4fqpBXE0_Dc,ase,train
iU0TuBc7S10,ase,val
2fBh7sc0ti8,ase,train
lxkR21zGZLw,ase,test
JWvv06CEN4g,ase,train
6otNBTeQN7M,ase,train
rM1P6zrvO88,ase,train
Uss0NsBR8B4,ase,test
P_oGbQTz5u4,ase,train
INq925YSUr0,ase,val
b_S-ELVNMBE,ase,train
8w0ZwaoDulk,ase,train
u41jrbL43F0,ase,test
gjFTs3fPAVA,ase,train
AohWpnZe74o,ase,train
XyUgssQhIb8,ase,train
pjL-9e2mbFQ,ase,test
jZsaYsP6bN0,ase,train
J-jFslAKQZE,ase,train
a1m-T0nMQsU,ase,train
iwWguQA0lQA,ase,train
6rUNdP7fKmM,ase,train
acF155d_s74,ase,train
MrbLstG4IRQ,ase,train
I7MSw2wlSrE,ase,train
ROvgi3qr6mM,ase,train
NEOYRfSZcps,ase,train
FZHiskzqp7w,ase,train
vgSrb2zrcLM,ase,train
eYlRTPr18UU,ase,train
KOpA7uq5Yxw,ase,train
RfyGdrh4FhI,ase,train
KCz9Jmbx7uE,ase,train
N7orkEnjpXk,ase,train
nqgqgTGnwno,ase,train
FtrLw203ERE,ase,train
Gw5-pAQoPKY,ase,train
d3oNifF-8m4,ase,train
2JtgxM_AbU0,ase,train
25MZKXnMWQs,ase,test
BWkARMtc20c,ase,train
zJyMzJg68Ak,ase,train
Ow587DudKHY,ase,train
5-TyAsFwo40,ase,val
zksAQh357fI,ase,train
mEldpfUIi94,ase,train
_NvbaRladuM,ase,val
I-EndRmIX2w,ase,train
NkKph8WYEUg,ase,test
Ig9YfDomB-o,ase,train
KYGfs9jXvnY,ase,test
bA7fkULIt-M,ase,train
IPpjjRuX_2s,ase,train
9Ss7SpKOmLU,ase,train
N6PxsjNTcA4,ase,test
DByHy9JTAak,ase,train
RaNYkLUfFx0,ase,train
GuKugfsRliY,ase,train
HJRyswhIbGc,ase,train
HCjBlsonGK8,ase,train
VDvEn7ajkPc,ase,train
PVcMbZMIbUg,ase,train
3h4EC1PGnw8,ase,train
llcb0SDAq3U,ase,train
AN4MQh0NU0g,ase,train
CzZUbv6fAD8,ase,train
TLppfypJEZw,ase,train
JT9LiIFNfLY,ase,train
lIJ3gm_3WqU,ase,train
Dw7uQA3gNMA,ase,train
SJgYW0sJQug,ase,train
fT9zznq6_lY,ase,train
27h0DG012oo,ase,val
Q0KdsIRgVXs,ase,train
WajlvmxlcTk,ase,train
Q4lerTL0V7k,ase,train
ZjhGNLjLSvw,ase,test
8yE7hzg2HYI,ase,train
IFSLiHFyV4Q,ase,train
nwyHt4I2ASI,ase,train
ltIROXJfv2c,ase,train
mKiccsyuryo,ase,test
Jgr5hmP_-4Q,ase,train
A55TCEqlYKs,ase,train
F4tqiWVp8BI,ase,train
8La0s8H3bi4,ase,train
rYU5mxvYZcc,ase,train
9rrA24JG7xE,ase,test
dWgijrowOqE,ase,val
CwoaS7KS_54,ase,train
-44hXvy7VZk,ase,train
rhh7PYnPKHs,ase,train
vY75Ww-UbgQ,ase,train
MxB-S0o7O6Y,ase,train
hcrAMmrxAck,ase,train
aOkXqpbOJGI,ase,train
7h6_kO0gpXo,ase,train
HKedheUIh88,ase,train
BzpmRQdx-9U,ase,train
1S0otQxKUcs,ase,train
0mlwYkrlmGs,ase,train
6hamX26lB1E,ase,train
7ahWYmvvPg0,ase,train
wFtYpOoILtI,ase,test
HTsfM21HZM8,ase,train
cOsPxrgwX0g,ase,train
0zv14ho2z2U,ase,train
2EUZtPTfMs4,ase,train
rosSuJuaxEs,ase,train
QiW6R8NcbE0,ase,train
yLyHcsBb9nY,ase,train
lX5wnd_3lQQ,ase,train
Qedtn5wQS-c,ase,train
lU8jtCsWL_c,ase,train
UN1ffyZjv40,ase,train
tTxh7FIfzIw,ase,train
W0d3cAQDGxs,ase,train
4NArR7wSXzQ,ase,train
nNsNMjI6qxw,ase,train
jLNtiAmngiA,ase,train
csegExPQwkQ,ase,train
6WF9mjmxwv8,ase,train
uw2vqwR_4sM,ase,train
uVuKZrOQAAA,ase,train
4bKBp0Ut14A,ase,val
VUkXi6clr0U,ase,val
778IkUV2mxw,ase,val
Svv0jhuKfvk,ase,train
UTbDY5jcb7Y,ase,train
ZlKYXjxC58I,ase,train
zMaleNHwLPk,ase,train
UtOC1aU57kY,ase,train
EMN8SZkR8v8,ase,train
3fvx6ttKFAY,ase,train
XOxHQCiPWeU,ase,test
VdBQTOx5T3U,ase,train
DdLgzk4yz6A,ase,train
xdAOYk_-LbY,ase,train
gHymFumIzTI,ase,train
P9dYwQoQ6VM,ase,train
C9usjMUhYyU,ase,train
3ETlr8Ybsaw,ase,train
Ybxoi6NW_G8,ase,train
wMEAVaT5bC4,ase,train
gP_Cxv5w4Us,ase,train
eGXJHK6adPY,ase,train
4ckKnEOeT88,ase,train
EYBImTqnSbw,ase,train
4Z2vZZOY7x4,ase,train
9cIomSQEspQ,ase,train
iMXrGIrhtZI,ase,val
zM_39oTzbug,ase,train
jjLX2_nEEpI,ase,train
-Dycay2gHZU,ase,train
kZBtCOH34T8,ase,train
CPoww9sheow,ase,train
me-a73-cbqk,ase,train
BoZoWhuQ5E0,ase,train
Awb_q6Hc5aE,ase,train
KRQDLq73Q-g,ase,train
NvmD3E7qpXI,ase,train
ryndFhgetjg,ase,train
xVCwVbH77Lc,ase,train
-Fyp3iYp_Mo,ase,train
0hGaPpGSvmc,ase,train
eOmFZD2I68c,ase,train
jcddO1vjVY0,ase,train
p9HOk8dHbvY,ase,train
nKrHhqOQ5mw,ase,train
DwSpLHmGeJg,ase,train
e30WX8A-2kU,ase,train
NEFjYmcL7Mo,ase,train
4Qp8VKqmNu4,ase,train
Is_7huUTQX4,ase,train
gVhRJWyGcr8,ase,test
3qMLOtMJW_c,ase,train
VghWZHzwh-Q,ase,train
Rq-gzbIsu38,ase,train
dbhpppI4eDo,ase,train
d5YCK1_8Nxg,ase,train
C8t7EpsvFn8,ase,train
ZySsGeaqAM0,ase,train
xNzCVbdwnEI,ase,train
UFfs8yNVo40,ase,train
I3A7r1fvEJE,ase,train
6rFKaoMJwq0,ase,train
Y45XfRqh7nc,ase,train
BWzAFg2E6t4,ase,train
ujURlpHljDw,ase,train
cKGnkZS8Iho,ase,train
vBDxIWYlS2U,ase,train
Cuq3E_ApdO8,ase,train
3cAagvPJiqg,ase,train
p12L__gssmM,ase,train
COokHcefu38,ase,train
9xNufQFNh3o,ase,train
HQ0J_nQe2gw,ase,train
GaKCjboMg8k,ase,train
Qo9AIHu0nt4,ase,train
e48jTCPgJJM,ase,train
5udtD0-KjlA,ase,train
eer4Fw_SgZo,ase,train
dbcynNm4Vsg,ase,train
zy7_w0aPm3A,ase,train
1aJSOGb9gaA,ase,train
iXdVSsjHEx0,ase,train
yohvTjm3MP8,ase,train
tpGLOC8ijZs,ase,train
C8Xd_6u3Xm0,ase,train
qnBXC4FAUGw,ase,test
GlT8MJcIf48,ase,train
lRqGwTERSQg,ase,test
LX-b5OupO1g,ase,train
joFsE54vPww,ase,train
Y-GB5B59g-c,ase,val
xjX5jlnXrz8,ase,train
EYy0k5vQI4Y,ase,train
ppDGKLvxopE,ase,train
JdseVp2gku8,ase,train
98aaCDYBEBg,ase,train
JHoPkmGPVoY,ase,train
3TdueBtxYRw,ase,train
_O9LY71Ng0M,ase,train
6QLiJylSG4M,ase,train
GJrmYISEbEI,ase,train
vQeBAtPOe8o,ase,train
4lFd8WGhyNU,ase,train
KkOhYpLIPIw,ase,train
YVaNH041xyI,ase,train
f6y1F7Kk9LU,ase,train
3_b9cFm9HpM,ase,train
dUoEjSKGoEU,ase,train
kQR3ZrumlGE,ase,train
PotvfB0etBs,ase,train
czihww_SsDQ,ase,train
Jmv9snYiqwQ,ase,train
bpGvblzHMCI,ase,train
7zo9ltH4lGk,ase,train
dJGFDXYe-ew,ase,train
gvFosl2vFD0,ase,val
xVV2vvN8lQo,ase,val
wh1-Sik6_cQ,ase,train
XOyBchMnXyQ,ase,train
gqaQ8hdmx0E,ase,train
CH7VIkLa8SU,ase,train
kCr9vUg_ghc,ase,train
6Ohv6_N88yA,ase,train
gnG2wwWeyP0,ase,train
SkCOrdWm0eo,ase,train
xsn4VkJFBYI,ase,train
ss3SAKhkSes,ase,train
b7erAogb5yc,ase,train
K_fXqwWzW-4,ase,train
Pnp-nuBDHSQ,ase,train
yh_rS7mljhQ,ase,train
eprXKOcmYbI,ase,train
yksSrJxLKnk,ase,train
H1w6Xzagnzo,ase,train
niKgGbsogJc,ase,test
pi-SHi0gbUM,ase,train
3ETroZuuwEc,ase,test
xxOdfZ1IVEQ,ase,val
LHArOGWMhHg,ase,train
-SHX0FO_hhk,ase,train
N0NSi1MNsJ8,ase,train
Nva4fvFSTUk,ase,train
YBnRLdVaFI8,ase,train
7mPRfXp5Zg4,ase,train
D4ssKEFXo5Q,ase,train
S9xUGAYVclM,ase,val
2cnYrWfAeYU,ase,train
tIXOBBmC4JI,ase,train
QaeXrMWdZac,ase,train
T349kklaRRM,ase,train
9WSb19pdHh0,ase,train
_6JHhUqOjzk,ase,train
ZELETnRPdEU,ase,train
XJcAfNVpe4M,ase,train
daU2xmasP-w,ase,train
UZfJp1mtjM0,ase,val
sCtsB9rEuqA,ase,train
yZVnJ4tlklM,ase,train
zS0KCk13oxI,ase,train
iX8ojNF254A,ase,train
NjDBJAYCbIQ,ase,train
mvskGBacdfE,ase,train
5guTB1PtB7I,ase,train
FNQiDXLNofI,ase,train
GrUr1IMddhA,ase,train
9d0qMJJSWnc,ase,train
RoV1vhlXoxA,ase,train
bPRfzblDqaE,ase,train
vm9V7KDW1A8,ase,train
M7ZnG6Ydius,ase,train
Nm-ZMEFvg6o,ase,test
YG4wcgvsJJw,ase,train
2CpXjTKQkvI,ase,train
GUzRS-YvImY,ase,train
RKXledyd3IU,ase,train
DbmT6thqYk8,ase,val
8trLNhZ5vKQ,ase,train
f9iBYobmSwQ,ase,train
O5UzqRJtzlA,ase,train
3pGRATrswG0,ase,val
xqsL1lUpkDs,ase,train
XOcHN2nEJC8,ase,train
oyn3Watv5M0,ase,train
8JmSOFDHSUU,ase,train
LRAy2e1ocNI,ase,train
WGtFeSSNPAQ,ase,train
zOfjgUw38Uc,ase,train
4k_S5S4-sok,ase,train
WGwaWtigG5o,ase,train
rnPk3pLVQ6w,ase,train
T_t4JOXd6sE,ase,test
j-Q4bUwerbY,ase,train
0gLuBychKgQ,ase,train
x6HhDZNGaFk,ase,val
m_YkjSr_ZLw,ase,train
nX1rDgKrhwo,ase,train
tvARExSHFeo,ase,train
l3_ZUqn7Dlw,ase,train
CC42J0l3XY4,ase,train
hCUEBm6VY40,ase,train
0ISFR5_G2Nk,ase,train
HljQ3NSbbNM,ase,train
zaJR22ku8CE,ase,train
_aHd0aG9F3A,ase,train
lSq53_sHheU,ase,train
UC0Qrmv2i2M,ase,train
mWxFenhFv8c,ase,train
IPvdPqJsDC4,ase,test
eh4JhLUcJaI,ase,train
K-UhU8qoKKI,ase,train
UZ6xPUgzqUE,ase,train
aZsTVmLdUWc,ase,train
RDKNU5p0aEY,ase,train
2ofPs_uTel4,ase,train
-ylipiMcrus,ase,train
HAnq5ykJrM8,ase,train
xvF7AXeoaZY,ase,train
j3CgAIH3d1c,ase,train
CwMIXD519aU,ase,train
dXIXt0DB8GQ,ase,train
a5uA4KHJfls,ase,train
hlmLuZvQc4E,ase,train
CYhe6-RGUTQ,ase,train
uX-4BVrcoU8,ase,train
EDyqJvRgNdU,ase,train
JrtEJJTTQjc,ase,train
3Tb6v6hbF0I,ase,train
Eo99TK5r8uU,ase,train
lXeElPuZ7ws,ase,train
D8TzPjxW9S4,ase,train
e6-2b_zSiTI,ase,train
4l4P3f3mq_s,ase,train
fjQ4dajGEN0,ase,test
ZZoSKXa1xzk,ase,train
TPvjX0ljX80,ase,train
FEZg-7BMy0E,ase,train
0BNdh2dYvkY,ase,train
O_teL5Q4_pc,ase,train
US-8kpdmrU8,ase,train
0ibHGUofRWQ,ase,train
u5AdmFOJ9zQ,ase,train
Gf3GVdix3iI,ase,train
mG4DezP3JsU,ase,train
qZKHqviHLDQ,ase,train
t02Vw8aHBkM,ase,train
PRUOKqz2CBM,ase,train
0kQEvxqIi4k,ase,train
YK9ZPJojYS0,ase,train
1ZByLiG8-3c,ase,train
3MZ_9uG5Rcw,ase,train
u86j3jGa7ZU,ase,train
1utumpy3Aec,ase,train
Z8MQRQB8lXY,ase,train
pj4ErEaZ-eA,ase,train
kn_0P5FKcrM,ase,train
yJ9e2MECK1Y,ase,train
7-MY3ZvAU_4,ase,train
pxsR00XTCco,ase,train
4pkNA9W-gas,ase,train
HXpftOEvQ3I,ase,train
els6ecHeTNw,ase,val
ef6QN-1XIwU,ase,train
_OI8YyBm-3Q,ase,train
1OR8qUmcR9g,ase,train
7Z4xEaJFcNc,ase,train
1oKcvVXNKbk,ase,train
97jkKIsvQYo,ase,train
_VsyD7M7zlU,ase,train
vDTF_riiXOs,ase,train
trQsTbbxbD4,ase,train
GsvLgaWbgt4,ase,train
lkeLvhNoTxg,ase,train
cqi1WthEifI,ase,train
QoyE9McGOsc,ase,train
lYeD8JBhWOg,ase,train
yH_4NvMvUK4,ase,train
mblgz6r00NM,ase,train
WvowfHWRAQk,ase,train
qxjFMiZrd1s,ase,train
rRjdzVMZAN8,ase,train
bePaheAJqSo,ase,train
8aZEyOrknYY,ase,train
voF09NV-miQ,ase,train
9VApaL5qTDA,ase,train
mKN4CWF7-2A,ase,train
3dz9WRT4ovs,ase,train
j6t06CHagVc,ase,train
e3EeeWudiD8,ase,train
ZGi1h1R2CDI,ase,train
4NqquchUdXc,ase,train
Plhx1CdaffQ,ase,train
Z8Y6mUYqZyg,ase,train
MwN_Ui1bR2w,ase,train
tvqOoM7pG8Q,ase,train
DTAOXhL2fYs,ase,train
llpB9dXYvn8,ase,train
CNgexguDBA8,ase,train
ub8CeieQxPk,ase,train
_tTM_IGpCzQ,ase,train
-XgLtisTWW0,ase,train
ttBNxERWF2w,ase,train
VLPFZNxLzN0,ase,train
QHZcMs2cwfE,ase,train
ecgLt6ijzCI,ase,train
j6kbCdEfzE8,ase,train
bMykJ3EUGTs,ase,train
yH7KLYzBJ4s,ase,train
khX1X2ateYo,ase,train
E1AqzgcAfp0,ase,train
pfFDYof6xhM,ase,train
197wXR66szM,ase,train
mY_lgD18XN8,ase,train
P0ZMGSu-cV4,ase,train
LOrL8hJTi-A,ase,train
Bt5kMjAHSWE,ase,val
J3Vwe2vZUKg,ase,train
PVSbK9A_ucc,ase,train
ElFeZ8vwdeI,ase,train
TiQBY84_jDs,ase,val
2e-uo8_3lJ0,ase,train
tJ3qnZO6WM8,ase,train
5aMMG0d-Qfg,ase,val
ryxzUxQ5i8s,ase,train
cW3ZeoM5PsE,ase,train
L0bOhsefhVc,ase,train
ob1isgvwnpE,ase,train
mpQPZt7XwG4,ase,train
hjVsCy7cP-A,ase,train
jcaLFWWOUds,ase,train
YmMIN1l77Dg,ase,train
I2QB9VQ302Y,ase,train
dpDSpq_VSck,ase,train
-eBnWC1ngLg,ase,train
m6EJqhZ8hP4,ase,test
OiAlJIaWOBg,ase,train
VX2cffn_0Gk,ase,test
Sy_xLCxB8UA,ase,train
JfhKHS2Sqbw,ase,train
jQVkK0xVnVU,ase,train
RG9DSVVwmCs,ase,test
NHqXU9vKgjg,ase,train
95DJ0rJYUYc,ase,train
KsvdFnvMNAA,ase,train
zVvRkEwz_T8,ase,train
T3QLwjtg964,ase,train
0NE-fxfnfsw,ase,val
fxA1QJpnwNg,ase,train
-wjJMaE8qtk,ase,train
xERdqj4NO6U,ase,val
MEmFVNs25TU,ase,val
F41xtoSjCY0,ase,train
1ZRmzT-N_Ms,ase,train
iHMNwCoSR1g,ase,train
Pp5bwrVKwDs,ase,train
XXDn-phC3oQ,ase,train
PzS-E_sxjIo,ase,train
zkCpqCxFwCU,ase,train
vuxlhZCGphI,ase,train
31426ICxTW8,ase,val
eRzbEBgGLB8,ase,train
okYEemiSR8M,ase,train
J2fM26waajQ,ase,train
v_KmvDiFJDk,ase,train
VI-vswxcKR4,ase,train
TBjnpL8Mtys,ase,train
wYkjGl83SnI,ase,train
AmvwHgDhTKM,ase,train
dVM-WqQcuco,ase,train
kWAg5KC8YOw,ase,train
qamOaenr-5Q,ase,train
1eHR1Kopsus,ase,train
d9mlwvJv6DA,ase,test
4C_SRuupQJI,ase,train
AvMRRSQcDsQ,ase,train
9iY5kupefts,ase,train
1tdocyR8uvk,ase,train
goyh9lM404E,ase,train
_8MV2PgMtXA,ase,train
lZbNYr-jXkI,ase,train
C1N-4uK-awc,ase,train
19Knj6oOlSw,ase,train
QQImlGHO_W8,ase,train
f4EOrS858k8,ase,val
O1e9-MzcASc,ase,test
z6iq03kwub4,ase,train
eLb0MKjCTKk,ase,train
Fd8sy9C-HQU,ase,train
ATnZP3ehz1s,ase,train
YsuPEmhGdhw,ase,train
yWGquJImCNY,ase,train
AhOPvVhBrbg,ase,train
3WZeZ8czCBo,ase,test
7zzaJ0aKSZU,ase,train
SeTF0axAZMY,ase,train
0lFE6N7UKUQ,ase,train
w76AXU_d2Oc,ase,train
pZd_hejFEIE,ase,train
2tyJZ0oBFc0,ase,train
RaUrdS2vI6I,ase,train
fFuIaNPezRA,ase,train
8iZu9v0YHuM,ase,train
bID5jo0JTcI,ase,val
bX9K299MdLA,ase,train
8lilMlJMCeo,ase,train
NMnT9NlT2bY,ase,train
f0pPvtUuBnA,ase,train
I1jNbIduU-c,ase,train
PhFpDlAr9Pg,ase,train
Y-P-dvkOFo0,ase,train
5ZNOtMysCI4,ase,train
dgo7KQ_DanQ,ase,test
ZtkdoqLk18g,ase,train
SIcWQa8NXj8,ase,val
0gzQAgjx39o,ase,train
IrQjFQD6pAk,ase,test
eEcSo3awP58,ase,train
TXOLQ_rLj5k,ase,train
P0CbkBtSbBQ,ase,train
o4cqaGS_cds,ase,train
upXGTk78yOs,ase,test
UclHoQ4m8uY,ase,train
2aHOCuMesGc,ase,train
NFSuv7du4fI,ase,val
hBcgFttYudI,ase,train
xVbEQjFtfOc,ase,train
esmQJjnX6cQ,ase,test
0ewF2xMibeo,ase,train
ZKB02NuseZ8,ase,train
9fJFRM5gwoU,ase,train
ff_xcsFJ8Pw,ase,train
6_Ck2G58R_U,ase,train
t-O7bv8Lh7I,ase,train
9iyznkE0FyU,ase,train
-SQFIbscsAI,ase,train
zSn4ZPb-8LQ,ase,train
9SxgP1zTjLU,ase,train
ljI19BAvSi0,ase,train
YzJtO09AGeY,ase,train
nx5TMV3s5Cw,ase,train
zFF3mYobI50,ase,train
lcwqHBnHbTU,ase,train
TKatS4-gzxE,ase,train
fn6QFM1xE48,ase,train
KimFlnzV5WY,ase,train
Yrm1tW_dViM,ase,train
gp3D1u7GRQM,ase,train
sN5Smi5udzs,ase,train
Uv1IT0KUJLo,ase,train
zKHniJMNiQg,ase,train
BOT4M41BaaY,ase,train
T_Wjec5IGBA,ase,train
J9XHwUbpqoI,ase,train
MEGOHtOvxug,ase,train
izES-hb4FQY,ase,train
09Ymh4qDOvc,ase,train
rw0B-OVIhfc,ase,train
udfuTzmnUi8,ase,train
3P7VUwkHAtg,ase,train
deaA7CvCbgY,ase,train
4eTllnsMOUU,ase,train
Eze-dimQ-a0,ase,train
kcOpCJZM0iM,ase,train
Vxw-NgW50FE,ase,train
fS5RGoLKkP0,ase,train
IomekhW8ly0,ase,train
UJqP48iE-qc,ase,train
ZmM3xU8bbpc,ase,train
osggG7H_YQ0,ase,train
7NITc1vKQz0,ase,train
HENBV9jLeCE,ase,train
zSxlMuswAzg,ase,train
pkLCS1FO_A8,ase,train
OcYox0iJ_FA,ase,val
DmoXpkzLZ9U,ase,train
SlksdQT5JRE,ase,train
GH3gY3H0h1E,ase,val
dL5OwLpBlRE,ase,train
HsRBsDsgBOY,ase,train
PG63xqBQTW4,ase,train
bET9dZmR14Q,ase,train
FldFKGwNLIY,ase,train
0ElPjqY4Cq8,ase,train
2Vi5CJMgJMk,ase,train
KJb_wB6UgSs,ase,train
8rNehCQbg9Q,ase,test
clElgJ45Pis,ase,train
hcE6r7c2rB8,ase,train
WZs_kcbbP8c,ase,train
RbXCsL7kO80,ase,train
r3aMp1ji0bk,ase,train
SPZ2LnmhdOo,ase,train
4K4OjRaKu9Y,ase,train
gA_SZgPOohQ,ase,train
vGh12x58hoI,ase,train
bV_FqA4KOCQ,ase,train
s8SxupM30bs,ase,train
8EM2FIPbQ9A,ase,train
8aBCxWS5srA,ase,train
ZUCzP76dcrY,ase,train
dckbT12vT90,ase,train
tR1vQvfG-bo,ase,train
-R5AVqsEZYw,ase,train
5HRMnHWLUro,ase,train
vgJmWnmE-fo,ase,train
e4WoRFnUPJU,ase,train
9mKSVZFkGzA,ase,train
PPrvdsEVWKw,ase,train
p1gKI4mCrsQ,ase,train
09TD_wH1DDE,ase,train
Q_F-c6hh4io,ase,train
dKc9PsZxU4s,ase,val
pM5m3R0IwmU,ase,train
bv-OG0WNwP0,ase,train
fzBagZEGDI0,ase,train
tqms152NII8,ase,train
23tQHcy3VnI,ase,train
cibWlsYUGVA,ase,val
a_91zIGHIIo,ase,train
f3Qq0wxFz7Q,ase,train
2V5Gr96tJPU,ase,train
Gf6zxDkwrmA,ase,train
VIyD1Ej8km4,ase,train
UEryLHbfb0M,ase,train
Eedx4mNy8u8,ase,test
Mm6V16BpU1I,ase,test
yXj48IxBGMc,ase,train
w67DJuLzrSI,ase,train
tReD1xalMzI,ase,train
fbYe0DOS7ls,ase,train
VSfgzF_mAu4,ase,train
jncRNIKJyIQ,ase,train
YeOx9RIBCKI,ase,train
UtOISq-eis8,ase,train
i5LTtlwd6aM,ase,train
nnw-frsV-tE,ase,train
KexWgq7FoRg,ase,train
zxynwy_bQb8,ase,train
Imp8F0qKXXc,ase,train
iY-0GNHgnlg,ase,train
kj2tE2Hx7p8,ase,train
AwB86TFbhmk,ase,train
vW8QhgehcX4,ase,train
8UMD6MNzxEI,ase,train
QGdcaTOm2Pk,ase,train
J1-jgqhA6Jc,ase,train
OsvIfHS3W0k,ase,train
u20DXCaA8nc,ase,train
vVhfc18T9o0,ase,train
o3Ob0GmL4Cg,ase,train
i9ObQdbz0_M,ase,train
0SoHPxQjFqM,ase,train
7NkRULfZkiY,ase,train
vn3ND1itBaQ,ase,train
d-YMr6JDo0E,ase,train
jKOyZvAcoaE,ase,train
RUAehcMuw1Y,ase,train
sYZXDVCjEe8,ase,val
fOfLAyy-9V0,ase,train
auNEWvuWPuA,ase,train
aiPBneEjA4M,ase,train
QgTPL4L5iMQ,ase,train
Xk6G16jvR5I,ase,train
HUo_OPTb97o,ase,train
C9BJzdyQYPo,ase,train
tJEY9428csg,ase,train
M7NzfaDeosU,ase,train
voQmosZ9kP0,ase,val
ydERKjye3Ug,ase,train
I5iaySyJd7w,ase,train
jJo1U0U5K9A,ase,train
MXphW5AeCHU,ase,train
VKwUTDrwC0Y,ase,train
udZ-kgAgRHY,ase,train
Jre657dWfwQ,ase,train
G3mT0wWhMlo,ase,train
1hKx1BL1vVE,ase,train
1Rl908nVWlY,ase,train
g0b_3u65hSA,ase,train
a5taNS2ODZY,ase,train
_f4df3oF5mU,ase,train
IJAJsHfami8,ase,train
xvl4yMwlMjE,ase,train
agI9_i8Q8aI,ase,train
egRd3QuxD_g,ase,train
lhHq32BlSBE,ase,train
axcvjWlMkJY,ase,train
-Nh1lNpdusE,ase,train
mvEnUZnakUg,ase,train
CLGFWJEo9bg,ase,train
IYcJW3Ljc4Y,ase,train
QbiBj3jmlsk,ase,train
6AlXgGoCUug,ase,train
p_sGI83qfbE,ase,train
ZqrmQ08D5SY,ase,train
n2zR-ZPErYY,ase,train
Mg4RL51rQvU,ase,train
_R2oSLy6KbU,ase,train
fFQzfHyKzqU,ase,train
JKrgaEFWlEE,ase,train
EaJUNKeCmlc,ase,test
pszY4Q8iJCc,ase,train
xDF_6TV3X9g,ase,train
DYzymX6VxjY,ase,train
OIXrd4RDy4g,ase,train
uKSGC8ehtmI,ase,val
kMHGDh-hmE4,ase,train
MajEdg3-vG4,ase,train
MTd-v3Rm4cw,ase,train
8YbjLoNles0,ase,train
W-BhCHfEQ2Q,ase,train
0EV7Cfdw58s,ase,val
odm4AmvN_rk,ase,val
3hEV4jANTO4,ase,train
_mGxpZOodCY,ase,test
Bd3JV5qU1YQ,ase,train
sEYTiZE7n5I,ase,train
eqyzmbEZd6o,ase,train
MRAky2qGX0U,ase,train
n0CZisKq5SY,ase,train
2sGQuduhAf4,ase,train
Ficsx5y3eVg,ase,train
3cdQLRuKCe4,ase,train
rtUqFP6dTag,ase,train
G-B_q7EUfvs,ase,train
yMK5P-9ERbE,ase,train
aZJLip3cHrs,ase,train
NDZFJ9i3zGQ,ase,train
chC7q15b7HQ,ase,train
IVxjDNAX6YE,ase,train
mIYLRVzaNhs,ase,train
Izs5Lw3IT-k,ase,train
i0wOWYMRRbs,ase,train
msGu5EeuN4M,ase,train
gzxVa21eeNs,ase,train
1JI0VePnXUg,ase,train
UHnETJXYg8A,ase,train
OKkHSNurkEg,ase,val
rQwNWCq4JBY,ase,train
lSEcWrqvMLo,ase,train
sEhe2UYOh6s,ase,train
J4OBhqi3mvE,ase,train
feXU2ZMBdrI,ase,val
uzYi8RRM380,ase,train
ofjFU582uV8,ase,train
KWg1K7I1-jA,ase,train
kr6_m9UNC60,ase,train
3DdyXFmj6kg,ase,train
mZxdzdc31Ig,ase,train
Y2SdS-UCcK4,ase,train
YD0K2e8BhWY,ase,train
uQ1UCe4Xodk,ase,train
7CP3dGmaiwA,ase,train
fggwxcIuVM4,ase,train
RIqWIBl1bRw,ase,val
yeaMcak--jg,ase,train
fb58XPA8-DY,ase,train
gqF4iP0dS5s,ase,train
DiLDSKKMMD8,ase,train
B9LXIV_CXy8,ase,train
-vqGIusGixA,ase,train
r-Z34hskZR8,ase,train
Tfar-0M9W-E,ase,train
XGaHPUjdORE,ase,train
y7ooYqdEdUY,ase,train
eBOV97vGbeE,ase,train
I5hM3a-YOxc,ase,train
mgoWmjFkyi8,ase,train
RHFKx2-1AuY,ase,train
LkUyXZmGgEo,ase,train
8NT8qyRP9FU,ase,train
PEMzEmT98iY,ase,train
kfpV2SBTW6s,ase,train
wdBczQQjC14,ase,train
Gc9UqUjZwmg,ase,train
GZ3EFWplHog,ase,train
sjYDIrH7eMc,ase,train
eZuBb5BZ_sw,ase,test
oLTJAS51Jsw,ase,train
ICdwANoTe8Q,ase,train
4yIKyUws_FM,ase,train
jVvlwGcqKWg,ase,train
aZifhHMPvGQ,ase,train
eqFd4KXIaNg,ase,train
JleJlRuEcBU,ase,train
IyB6koDgJKQ,ase,train
8QQOsrUIky8,ase,train
IsW_eX87zVo,ase,train
YQLZMSwOY0o,ase,train
HY3RkmoE6ws,ase,train
uet6oKUK9zw,ase,train
SWlCLdpjgnU,ase,train
x7nPEq-M_v4,ase,train
S0ZI6qJ6yZ0,ase,train
yj1NOa0lVa4,ase,train
U6HVoHvk6UE,ase,train
hUnxe_VkDgc,ase,train
FVpb4pLHGfQ,ase,val
P3DVjNqD7uA,ase,train
3KX4beTnCYA,ase,train
eCRL1pInTfo,ase,train
0qHkmp3KNPk,ase,train
vbitnUh3XXA,ase,train
a9T-sE_5y4I,ase,train
hvwKVdqH4c4,ase,train
_PSoItSmCY0,ase,train
4S2hd_PXStQ,ase,train
ngMl2WdOF_I,ase,train
JwFdCtGGRyw,ase,train
XJ3Dr4caBKk,ase,train
0fqGjsbAkdU,ase,train
yU8IIqoCH1w,ase,train
BVaHKGSOzXU,ase,train
q7thaQKW_gA,ase,train
1LWobzBO0E0,ase,train
45vsVWWiJ4Q,ase,val
ZIz4BQJESO0,ase,train
Uo6VIEi6flc,ase,train
GdGBpomdrqQ,ase,test
buON_DqUmaY,ase,train
ogFiWaV8CYs,ase,train
P7E2j7EQDNg,ase,train
aiaHWZ8Knus,ase,train
Wybv51HUn6E,ase,test
3u8jQzzqmA4,ase,train
jdAHCKsMRTc,ase,train
uqnRxafilis,ase,train
ZU944NBADL8,ase,train
HLdX-0lNG_w,ase,train
7SkTWPLJVFg,ase,val
qq3eL2TgO98,ase,train
zt-TOM9EzmM,ase,train
_pT3e1Fazns,ase,train
2vrTA8pLu0w,ase,train
cTKaQaIiIlY,ase,train
8ultMpqZoCE,ase,test
a0XToU1ZLdA,ase,train
Blc-eMaviZQ,ase,train
K8M3J5Am87Q,ase,train
SRvqa8hbXXQ,ase,train
X6Un-sYy1rI,ase,train
-thrBozm4w0,ase,train
_k6qtzIpzVI,ase,train
ZNfGcYYyS9c,ase,train
1IMJXby62gg,ase,train
VACw-pWkKJM,ase,test
SFMFKssMhiw,ase,train
v8hYVGQFqlI,ase,train
XdY_c0oqdgM,ase,train
fv5-fyZ0iMk,ase,train
BtN-FZj3wZw,ase,val
PgWUx5I_iEY,ase,train
bAk8J_YovfE,ase,train
TiJ9J4iPLsY,ase,train
HQh3BFtLTBM,ase,train
KS1s1NFLcQI,ase,train
jvieEmttaAc,ase,train
UoxGMeXtWRo,ase,train
_nxt_bU_9Bc,ase,test
O0OlhLJzuUc,ase,train
c_gSqtdT_D4,ase,train
LrTF0rFfEGE,ase,train
DKjYtQHtEA4,ase,train
c4-IlhULBlA,ase,train
i5bbd54dMuQ,ase,train
CKj3_gxVyEQ,ase,train
TjLycOl7i9s,ase,train
nRvmd1RpzqI,ase,train
7ZLktACfQ_w,ase,train
SjI4N3nBk3Y,ase,test
JSTAlPd5bsc,ase,train
w-qAr11NXc4,ase,train
Qd_8ivOcb8Y,ase,train
Vx7ONVdzP6o,ase,train
-eijlPFvBDQ,ase,train
pnieGS1WgyU,ase,train
9wysaCMrOO0,ase,train
hL5Rtf8YrmM,ase,train
v9TnA-wTm9U,ase,train
zliWpfIcW0E,ase,train
Jxq7AvYAsiU,ase,train
N7jgY0Omxr0,ase,train
NGHb9rhOlTc,ase,val
-ysRNYfNm6g,ase,train
cEEeBG6XrSw,ase,train
qR5c__FkRJw,ase,test
_0_fhYRt-Ag,ase,train
zFgPUtR8mhw,ase,train
B2JMH2sU3tY,ase,train
vHfM5RdjI-g,ase,train
ZS7n5dC7GiM,ase,train
_hQSMe_DH7Y,ase,train
a5LZdi72RxQ,ase,train
3m2PIS0Asxg,ase,train
gv_UrtXJ9-w,ase,train
LELS_izhnag,ase,train
4iDvV-RDVcw,ase,train
y2F-W6jUlmg,ase,train
2KIyVF36spo,ase,train
i-5C5W6HVAo,ase,train
SGPPJFzik1U,ase,train
zRU8Sd9mIPc,ase,train
6-RRTuj0pLg,ase,train
6fxABFpi6tw,ase,train
0c_b0ZrIrxA,ase,train
dzWgVm2oY44,ase,train
em5-MYQrTIY,ase,train
MsgCDgLC1iA,ase,train
wDVs1o7hzwA,ase,train
gldP7SstlP8,ase,train
qOXK7ZH3evU,ase,train
P-xQwFd-Ii0,ase,test
lJ3gBZcD9aI,ase,train
r4HhkAjY8Jc,ase,train
adcUf_SYl6U,ase,train
xbI_n9EWldc,ase,train
UQ-9KH8BtJQ,ase,train
YIMoetpZU4E,ase,train
tHAg0NaMj1Y,ase,train
lYzI1ZtUo8k,ase,train
GjY0Aebdwm0,ase,train
mmpI-_UpAFM,ase,train
QXP7dqfnpYw,ase,train
2UiS6Sre3XA,ase,train
bmMhtsW6e6g,ase,train
ay6KDXvjgNw,ase,train
zg8Xs9aunbY,ase,train
3HCloEJpk08,ase,train
VmXqSSCU6UI,ase,train
qnvlWpo6pGA,ase,train
lYVuOgKZVTg,ase,train
eiY_VVcfuu0,ase,train
QugyVvQvSPw,ase,train
kdJf7r5Fz6Q,ase,train
hKcrtvba59Y,ase,train
sa2zSdrQRgQ,ase,train
hGexEl4RNVA,ase,train
ETUt_dB0LcQ,ase,train
Luk1iCet6W4,ase,val
7cFJnTx2xeA,ase,train
Lg3JuXYHZmc,ase,train
GoqZ-_uBKbI,ase,train
x1dq4rNAYGo,ase,train
NVbgomCHEU8,ase,train
MWYOmGIrZvg,ase,train
jH17gsoU4OU,ase,train
jTXMC1VmAUU,ase,val
pnN1mME3TBU,ase,train
NLt-Q5oWloA,ase,train
APS0FI3Or7I,ase,train
KVMCTIhO9PM,ase,train
j_GyVcUautE,ase,train
ZpfVlA9XS2Y,ase,train
ncCRByJaAPE,ase,train
Ux9GFsyqJLc,ase,train
mG2qnCRx9tE,ase,train
1-Y2MUXSfik,ase,train
B-UXCOUIU80,ase,train
vBTZhsvEaTo,ase,train
3SgJHumh3f4,ase,train
Li-MSJeR1bM,ase,train
Nj2tac1EQWY,ase,train
5XrevyCC3fY,ase,train
E3lNLbHyC8I,ase,train
NnjImTRCLRo,ase,train
0FYqFEA9pTQ,ase,train
zeBbhNSI6Gk,ase,train
OosAAp0lkwc,ase,train
-URViDyH9U0,ase,train
QZysha95f20,ase,train
n_jgdJzohlk,ase,train
NdjKyw7_8Kc,ase,train
Dvc50SJJQiI,ase,test
hi9NR7wDuak,ase,train
wlnX3UKeBRQ,ase,train
JLUa6WwwP_s,ase,train
H9iJcAiNVhg,ase,test
AKb4OHWeGwY,ase,train
eSZypf_l49M,ase,train
-P-luyYjEbg,ase,train
wWY2xPODCB8,ase,train
JBaZHZSAvNA,ase,train
FUDQ60wzEIM,ase,train
NkzWLxgoYJc,ase,train
Iw8QqaRP20Q,ase,train
5z2ucg2g0SE,ase,train
qZpMHQmqSgM,ase,train
H3mAExFHhqA,ase,test
l4iPqqL_vIY,ase,train
EZsP26efN8o,ase,train
oreCXqhQr8A,ase,train
HQK35hQqD1U,ase,train
vLcyQiGqyBQ,ase,train
TLN2ehHtkPQ,ase,train
xhuv8SsQHXk,ase,train
dXE3fppisH4,ase,train
36NRBR7DarU,ase,train
mI0iw0PJj58,ase,train
MCTgd1nP-oM,ase,test
n6_EqygHfnM,ase,train
VQjkzJZcPKk,ase,train
hYelpDAi_q8,ase,train
xRLCrbgwmbE,ase,train
vtQwohOX8nU,ase,val
qQcCmO23iHs,ase,train
sIPVWkbNbjo,ase,train
P8ejAs_eOMs,ase,train
8jxgeMDrV70,ase,train
y2ie8RL3tw8,ase,train
BZ1katl5i-k,ase,train
C8zdMj7lRk0,ase,train
bxnEvMndlkk,ase,train
inF8vgjFg2c,ase,train
df6t1W4MiSU,ase,train
Nz7jODWGsq4,ase,train
6JhZ8dKoemk,ase,train
8BXzp31oRiQ,ase,train
9tFDoyEyJ50,ase,train
RvppDK4XGNw,ase,train
IK-gGTtu4uM,ase,train
9jtK5mULwdc,ase,test
UlJwBh2umGc,ase,train
fH0Xmb4Q0Xs,ase,train
0lOuyC7l9OY,ase,train
JbeFlv-n_58,ase,train
3kK7lt2QG-0,ase,train
j5LtAee9jrg,ase,train
l5TXZvV5SHo,ase,val
wnVEi04jG80,ase,train
WaXWi3CQkA0,ase,train
Eaq38QhNSMk,ase,train
zoBllBA0MOw,ase,train
HigNyaa_l3E,ase,val
RIuwVqjGgzI,ase,test
hbPOlzjrOO8,ase,train
fe5pgGkU95U,ase,train
HipYroNYHPQ,ase,train
X0jgFkOiKXI,ase,train
5BBhXDRWQzc,ase,train
1qrxdNZgyiU,ase,test
-eqHcEWp0gE,ase,val
RhNfotFwKZA,ase,train
ij0pXmOtPjo,ase,train
Ks9uXtJkiKw,ase,train
yyZsQeY8Dek,ase,test
AppRbxAJD-Q,ase,train
EToHsyktykw,ase,train
mWlstjd7tew,ase,train
TSWrZEXeVoQ,ase,train
KwSSKKLzEK4,ase,train
l99CL1vw5fE,ase,train
_JzlJsE8mhI,ase,train
AAgUh_oqImU,ase,train
PP4LFxAXAXo,ase,train
IDQiM3IO8cs,ase,train
NeLVR1F429E,ase,train
3-MyqNsct4M,ase,train
9pphVls5EmU,ase,train
7E02KEPyxt0,ase,train
A7iacKC0DeQ,ase,train
Xv4JxYrhnzo,ase,train
7hx4kWJ2zDg,ase,train
wq9Iz35lcdU,ase,train
9SbhFBuCi8Q,ase,train
_OS2jmXrhI8,ase,train
xRpL1sro6UU,ase,train
MtGTQK_7aMA,ase,train
164Zlx6gOFA,ase,train
rk7aBQZR4UI,ase,train
15uD4UdvOGU,ase,train
oHdFFcaOsvE,ase,train
sI7GhGVpua4,ase,train
Fcqrr4kY8jU,ase,test
WQn7jdXjbAc,ase,train
LmUyP54SsqM,ase,train
MkSCHxLHZDI,ase,train
iJwWB4S5rug,ase,train
Brzn8NewEaY,ase,train
BR1Zvnc-2H8,ase,train
vOHEk5rSjNI,ase,train
XpRgDERJVbo,ase,train
M_DulHG_72U,ase,train
I3lq4V_4FzY,ase,train
35lxIaGGM5Q,ase,train
txDxxVtyEYc,ase,train
5b7oKRowCnQ,ase,val
g558skn63ck,ase,train
T9ADZ4eJqxc,ase,train
-bKqEMhE4g8,ase,train
8_uDEcf-GlI,ase,train
Yx2oYj4FD4U,ase,train
HCdVm1H0zPk,ase,train
G207HGoTCWA,ase,train
it28s2Ri7iw,ase,train
CrtfG8pyNNU,ase,train
N1VWwhljV9M,ase,train
v7PHjtyjR5A,ase,train
nhbG9pR7PW4,ase,train
b9PpFOvoEes,ase,train
Nf0E5VTQnfQ,ase,train
22lGgQDiwII,ase,train
an4f8cAOpt0,ase,train
SPvVzbUrEAU,ase,train
_tlpKLYakE4,ase,train
uK2lVOyPHBg,ase,train
-udAuT1uUOI,ase,train
y0mwP5u6y78,ase,train
mXnqQQMbMqU,ase,train
corulcx5WZI,ase,train
F2gpqLQPrN8,ase,test
Mkf-MCF7_Y4,ase,train
vL7yVXkrQzU,ase,train
wDJfWYsOJiE,ase,train
t8CTWYoDSV0,ase,train
82bNCO3cHWM,ase,train
OHUiAvuwxIk,ase,train
Iel3JzJY7X8,ase,train
Wmjtxa8nnh8,ase,train
5Jmlftgw9-E,ase,val
939yXWa2ut0,ase,train
bvU2CYpSZB8,ase,train
5pWfew_lLx8,ase,train
4c_Behrl0ug,ase,train
CspVOd5fSsM,ase,test
kSnZ4u0P0IQ,ase,val
yJ22YHM9DiA,ase,train
eofoHkOkASE,ase,train
bA6YJcF9T0Q,ase,train
f1sLjs9BQ6Y,ase,val
RsJnN1q_LP8,ase,train
bMgY0oWGGvc,ase,train
C7ht01m8fbc,ase,train
PksIJ9_szbA,ase,train
PFUK-6U76aU,ase,train
-ANTW_UxQqc,ase,train
mIn_Pb4Dmk0,ase,val
wH3jZvtOrkQ,ase,train
wEYaTR8KbGQ,ase,train
wOw8gVHd1Ck,ase,train
DjpGq44mweA,ase,train
Xk5XRaXMvLQ,ase,train
B5LMH1PiXDM,ase,train
w6FnUBw8pRc,ase,train
qdV0CKepVdg,ase,train
UDrQzi7n-9o,ase,train
TWU-YxHBHQc,ase,train
e6br5aZLDg0,ase,train
qUnhNQ9xU5E,ase,train
seyywG-oD_s,ase,train
8Q7tmXTY-Qs,ase,train
E_Dp8Q_pOtA,ase,train
3b8R8nQVzE8,ase,train
8ykNOLSuecY,ase,train
OOynmQBX5EA,ase,test
qtExa_TwypI,ase,train
Sdysd_NdZf4,ase,val
VwLt2kT4eWI,ase,val
ER8bf4i7w9I,ase,train
3IN1R9rs45k,ase,train
9GJlxsYAaCo,ase,train
BT5U3XsiWRk,ase,val
dP7e8Xw-M-k,ase,train
c-G-9dKVcRw,ase,test
RuH8CDriVbY,ase,train
8Pw_V442dEc,ase,train
1UE60O6dsiU,ase,train
0L0MNEN60iM,ase,train
FPDCFxfIyj0,ase,train
YZNZmAPBgW0,ase,train
nUcqlLI21V0,ase,train
PxtwICKF6SI,ase,test
EZ96ot4V-W4,ase,train
KfM50Ko99Bw,ase,train
BJx13J4X6i8,ase,train
Ec8LjnVuJx8,ase,val
nHydoPT-xvw,ase,train
VffJgMBK_NQ,ase,train
Xq3QAqQXpTM,ase,train
oGX9sjRJ1Ms,ase,train
ijtEc7X4XCw,ase,train
yxQMzFTcazg,ase,train
8dkxmi7Lpc0,ase,train
dwG_qbNAZ9o,ase,val
CQ3j1kuml8s,ase,train
vvDiQ6ufS6o,ase,train
yLXPnKY1fOk,ase,train
XYDhIuYN8MY,ase,train
NAY_10d1JZI,ase,train
o758iH5L6CU,ase,val
tFgafGP0a0M,ase,train
_S2bNwRLJ7o,ase,train
tfUuM_wV_xs,ase,train
JBxsXP-jgbA,ase,train
iJWEkiwY-W0,ase,train
sMuTp4r-rHo,ase,train
lYSrYN7Y4LY,ase,train
qqJSsvA2FAI,ase,train
c593mFEoB4k,ase,train
SMd7agTpYUA,ase,train
jIh4R9Q-VGg,ase,train
CYWq7lfgDyU,ase,train
2ueudlLuqdQ,ase,train
Bw1cqXD0AyM,ase,train
9i2cOw3oSwc,ase,train
g_CpFhW-WmY,ase,train
g6Bd1Tu6qDk,ase,test
qyJ7sa2w7DU,ase,train
m0Q1MZJhBik,ase,train
3-dhYqoYzss,ase,train
KBSeoGIxJLo,ase,train
7-Z2Df5dX64,ase,train
2V4tIqfl6vs,ase,train
kfrs8heXDDs,ase,train
genbJjaSYNw,ase,train
uWpmyMUqOIs,ase,train
S4HZgkso2UA,ase,train
v3QPKltciFQ,ase,train
Gbsn2pmlcZg,ase,train
jA4G4sShewQ,ase,train
CPVLE6AMBfs,ase,train
DBQ9zDcT9Jc,ase,train
KsolecGIM4Q,ase,train
JM2OP2FJnPQ,ase,train
r6DJgjFwpJc,ase,train
CXmcI2E44e8,ase,train
L4SFuJPV-IY,ase,test
mH5ekVOPTPk,ase,train
HigPnXcqDDE,ase,train
DcsfMfw3RpE,ase,train
9D8eI2YuhQA,ase,train
lAtiOAD5M64,ase,train
3LZR4LiI3S4,ase,train
Qo3y5rYxajg,ase,train
oSviT6xsWJ8,ase,train
s78yFnkXWdg,ase,train
sjOIUvsNi9Y,ase,train
3iHVer_ZkeM,ase,train
0Ut8MOqBghg,ase,train
Y1LBNpB78Bs,ase,train
8ly4yA4eD30,ase,train
hyFYomFFQkE,ase,train
tpPV3HCWEws,ase,train
-qRgTYcfqMk,ase,train
WsKwAzv72Ls,ase,train
RTCH-it64Ik,ase,train
hkRHMLds7-w,ase,train
lau9T8geq64,ase,train
VOvCOtPjlLQ,ase,train
jgX_yTkkxs8,ase,val
YqdumCmUh2g,ase,train
FZy1IYbopZk,ase,test
OUMK4iS9DEQ,ase,train
8AjjnovEPKk,ase,train
VsxVO2pHlQk,ase,train
ZlmngyPphHw,ase,train
nNhwH5nxL80,ase,train
DKTtTI_d3kE,ase,train
NX42G3i3wX4,ase,train
sdb1-b7stns,ase,train
o2WiphWwV9E,ase,test
NSdMqiP_VLY,ase,train
8EzR_wKvDUU,ase,train
UWRogwONggw,ase,train
RB0rLaLZgP4,ase,train
_4tu83Afl2U,ase,val
NdOATlrhQ9U,ase,train
zlxPp0vAniY,ase,train
0J47Yf_3yNw,ase,train
GE2VuQogn_4,ase,train
vqv8J-RsxGE,ase,train
5aOFGA6kqwk,ase,train
9_UWD9D3klQ,ase,train
L2Dg9fQEU1Y,ase,train
17CB-C6TFTU,ase,train
dR4n03Rw_Ko,ase,train
nLIH5VZyQxE,ase,train
NofUpTuNGE0,ase,train
Bv0b8yNyzzc,ase,train
KG35NoaUmlo,ase,train
g_aa8ZM9YI8,ase,train
ADavryDXceI,ase,train
4oDJVPe2x-8,ase,train
8qXl5gUj-R4,ase,train
zhM2NgJ14N0,ase,train
dzhDVrpY9yo,ase,train
ZDS3I93nL44,ase,train
mk8vdLHfUhM,ase,train
4pblbBV-OzU,ase,train
ig9p5HHfs60,ase,train
DyKiIOpJ3XQ,ase,train
6HgHgs4hHaM,ase,train
pqEMZZsRW5U,ase,train
cjxynlIXCd8,ase,train
laSTiqkx5zQ,ase,test
loUY_MYSih0,ase,train
NTRr5Igpumo,ase,train
IzZlBaKsLhY,ase,test
Tzwes5xOV0I,ase,train
YqW1C21xb-8,ase,train
RmFjtJCoQcQ,ase,train
wO3njMClLgk,ase,train
dlQ_r8xEqO8,ase,train
B1O_HLOy6_s,ase,train
ME_CN1rJbLo,ase,train
9ysaEStrPBA,ase,train
jqs5rncwHM0,ase,train
B28IxV3GQmg,ase,test
2gFsEnxhG9A,ase,train
YDOpl0NPutY,ase,train
HU0xu7qtp6A,ase,train
YJGuR_lyiwk,ase,train
mXuYMP7__mo,ase,train
eSlJx_AR2iM,ase,train
wmkE4wn1mdM,ase,train
xUv_ocOtXvA,ase,test
T4v1rsA-jko,ase,train
m2SBrm3vrbk,ase,train
ceGZ0KHmQMU,ase,train
kal5Y5kPXag,ase,train
7GioD4b6Odc,ase,train
sVJbXOr4buE,ase,train
_l27uKcF0OE,ase,train
mRWR_YhEEsA,ase,train
QaQ2Uc8VqX4,ase,train
KvJyEC0ME94,ase,train
_77FEOIz2v4,ase,train
hfOpqrLfIdw,ase,train
bvzZqeKzLVg,ase,train
VrwFbycfEsk,ase,train
DXpJs3RncaE,ase,train
3rxcLAQ7i8Q,ase,train
JtCquBn8whM,ase,train
lBI8NRnb5mg,ase,train
8I5JkYHr9CM,ase,train
lVp_-OFicAY,ase,train
q2reZQpqeA4,ase,train
5Fo9_iIgeJA,ase,train
7ufIy3DrREE,ase,train
XGTii1j7Ts4,ase,train
Qp981F9MVOE,ase,train
j0Lx4LZi2F4,ase,train
a_bivvQC9EA,ase,train
1_U4QhQIsz0,ase,test
e0Ky-ow7i2A,ase,train
sCb8NLxU7_M,ase,train
6P5yAq6dvUo,ase,train
wwMZu9xAtXM,ase,train
zBQCN4Vi4Do,ase,train
kc2sudPUVD8,ase,train
6LWmSyZyKtA,ase,train
EHxgbxg8SnE,ase,train
EhaAk07-xwE,ase,train
lCIMo6BYVn0,ase,train
IlTPkI8_v4g,ase,train
jMWMtgI48VE,ase,train
xfQQ3tUh3V0,ase,train
5tmOQOzAhrs,ase,train
DctWhBJwLLA,ase,train
kmJDUKJlRlk,ase,train
5ZDEGtL4SRM,ase,train
tjIxOuGCNp4,ase,train
WcgHGy8ihSU,ase,train
Vf2q2eQCHlQ,ase,train
GKqh4AMmhUo,ase,train
lrJkB6g2d5E,ase,train
xAa5n0hSlPY,ase,val
uzrgMedWjZA,ase,train
EbrlZJ7XDgQ,ase,train
0Tgudgf0EA4,ase,train
x758z-Q-XbE,ase,train
wFeXm-bdC_8,ase,train
xSxuRznKHwk,ase,train
9V5M1hH5zG0,ase,train
H0i4TEjOHN0,ase,train
MiZJ_cf3tA4,ase,test
YqeQTCCIViU,ase,train
l6kVLMzju2A,ase,val
MCqH91pPKbs,ase,train
thbn98_Nj7Q,ase,val
ieZqKm6W10s,ase,val
FZgYr-JXr2E,ase,train
MhqBxqUHXjI,ase,train
KFUfx5EIsy4,ase,train
c0p_ZXv5sBE,ase,train
Of8uKFtmAKg,ase,train
kYWZYjlFnT4,ase,val
m5M_NqGN6wc,ase,train
gYu-rrmf2TM,ase,train
MukBl0xUEXs,ase,train
nYgdHY3SbbQ,ase,train
8Nu6xGfJyq4,ase,train
dzVLHRrEURw,ase,train
lqnNkCXk16w,ase,train
WtIWoh8t5ik,ase,train
ayvZP-1HDVE,ase,train
sqwMOtieSOo,ase,train
41UC1A3FgvY,ase,train
o8aQYOGVm0w,ase,train
NieK23r0Hr0,ase,train
7kJ3349TTMY,ase,train
eyo15KPW8Nk,ase,train
aUlZxDMXCUQ,ase,train
nbHo3YAzbB8,ase,train
LeABkptzCPY,ase,train
gmi1RlwW6BI,ase,train
jEWRDazHjpU,ase,train
vlo5ZBPBzUc,ase,train
vuA_lQa7ooo,ase,train
hePFarOuOYA,ase,test
L0U7sWKpiYo,ase,train
TdAsnYPTK9s,ase,val
CW-HV6uYFis,ase,val
xpK9OIJrt_A,ase,train
Uw-6aprsQmE,ase,train
LZwUMty_oDQ,ase,train
xx9dr_U6Qjs,ase,train
nwbbyFADHCA,ase,train
exvh7ecDP0A,ase,train
elcaiYkyQEE,ase,train
OW6xs26gUrI,ase,train
1LpiOXqAoUI,ase,train
OMZRBBuDENk,ase,train
GmUG7YKiEXA,ase,train
WNQmu19haCU,ase,val
g0hpD4Oe3iQ,ase,train
VFLpk1t0avk,ase,train
KsO9CBmLw6c,ase,train
HOvnryT4iRg,ase,train
-Ux4_nJjSB8,ase,train
7ybBanoSv20,ase,train
QB-nEWe1JOA,ase,train
JJ3P60OgHBk,ase,train
nvmgZcKezlk,ase,train
t2XKV7_y4Gk,ase,train
XZFkZtjAVdU,ase,train
7S37H1ih8ZY,ase,train
0ihsWfPv7oo,ase,train
pzjK-8Oww-A,ase,train
aIJ3ocblGik,ase,train
xshh1pF8yH8,ase,train
nbRtbaYALjc,ase,train
rb5iWR1vum4,ase,train
8xO7ss46GVk,ase,train
ukyTF-_mxSw,ase,train
tAnXzqjbPQs,ase,train
q5KxrzILFjI,ase,train
XSGsxdKxZRs,ase,train
007rDA540YU,ase,train
KFzxxpS5EQE,ase,train
KpQzyoXsmO4,ase,train
6NB41THdiYM,ase,train
loMnCUjyt2g,ase,train
DA98iH3F9-M,ase,train
2txdKbPbPDQ,ase,train
OCNpn40gSwI,ase,train
ms_I9rwrd8Q,ase,train
i9Id9ecF3wI,ase,train
mLddcH2vPV0,ase,train
lrdxPhFbJU8,ase,train
WjQbb88G3eE,ase,train
nM-K1bdji28,ase,test
JHGOMqd4Xkg,ase,train
Mn4yEEyXGWk,ase,train
YM2HWPxjOcc,ase,train
LyaSKjouxA8,ase,train
kXGobV7LBhA,ase,train
qZkT3g_HRYo,ase,train
0IqBbwriI1g,ase,train
qPYPsDFQxSg,ase,train
dTl8-r8JP1c,ase,train
auFDdDuF-Dw,ase,train
hTJqpaYCjU8,ase,train
KpxzLrE8x5E,ase,train
1scgXjQpUTg,ase,train
35TfTWtPQbI,ase,train
hNA7zN3p4BE,ase,train
1bWGbhmSv24,ase,train
lYXOSRuioSE,ase,train
ZxbMenqcqkQ,ase,train
NCT67JJnFcU,ase,train
VhMg6lhrPcI,ase,train
25ojDZUNH00,ase,val
p_8uY8F7L4g,ase,train
3DL46CMb0xM,ase,train
pzzNsMcWswQ,ase,test
017aLf5XClg,ase,train
5HknrLAw9f4,ase,train
PlJOa9ExdmA,ase,train
buIYkhszehU,ase,train
zzxK8-a8EJM,ase,train
76JfqDkKFGY,ase,train
VyVE5EqYiBk,ase,train
yVuGvt5hano,ase,train
SD8OzGVUZPk,ase,test
bN8WZZ6tLps,ase,train
8mXCwxDkJ6k,ase,train
x_WdlZcNQ38,ase,train
JvUkcy-bMto,ase,train
TG4kzCKtYgE,ase,train
RGDUuiR1kRs,ase,train
_PlPeDOZ81c,ase,train
yylxw12G9Rk,ase,val
35tgES9ivu4,ase,train
HvXArPrkr0Y,ase,train
5heKWAXwuMo,ase,train
f7t_e5KFDnA,ase,train
sSZ3ALLHhlc,ase,train
oOOvmlsYmnE,ase,train
pNnIpjPDZtE,ase,train
7jnLfArFXZk,ase,train
tfaql1jBfRQ,ase,val
GpmX95OrZSo,ase,train
UHY-xycdbAo,ase,test
bplcN2B6w9Q,ase,train
cnrsMfIf5PI,ase,train
lsg2WgzBNTM,ase,train
Xn09X-ohbYY,ase,train
qY7brioBq0o,ase,train
u7BS2bgLX78,ase,train
9nZVti3ZsVU,ase,train
bxSmZTHKCsw,ase,train
TZOnShV-RF4,ase,train
rp0wCgjQJdo,ase,train
hOkRw2DmqyI,ase,train
z9ZCOFnBCtM,ase,train
D1QzPmW4128,ase,train
NNQy0kzjLkk,ase,train
oNXkFQCgpRM,ase,test
vWWP_YSGo-I,ase,train
3_g5Itpy-WY,ase,train
a348gpcqijI,ase,train
IbEe82kBgto,ase,train
ExxcqYzAVYg,ase,train
ZL5FaL30ttY,ase,train
97H-NXrbALM,ase,train
BZkjxXxBPLE,ase,train
A4SRtqg1ljc,ase,train
E7IlnTG7wzk,ase,train
M8A2JjMllGY,ase,train
M4MrqnZ6Q7M,ase,train
SBfIbtkjOzs,ase,train
q4FBWGLBs6Y,ase,train
SFC_iqhr_j4,ase,val
v4_POIZkayY,ase,test
3NijXetdWcs,ase,val
BaSHLrckfEI,ase,train
mguE--p9rc0,ase,train
lmnu5gpuWfY,ase,train
Db1ZA13Z5e0,ase,train
8B5YtObMUbg,ase,train
OeFBm--8Mlk,ase,train
hodfYYGIbYs,ase,train
w5gD7A7px90,ase,train
UeLGYn7z_mU,ase,test
E4Z6NDOmd30,ase,train
Z4JyUxIQZ_o,ase,train
AWMAD0sF1-s,ase,train
dK8kPa4zfl8,ase,train
vkWFySXQIXA,ase,train
LqdSQuc6z1M,ase,train
tlXOKeiGObg,ase,train
84UKpNvEtbs,ase,train
-4Q2wnqgXJs,ase,train
4nU0QOXCYpY,ase,train
P0eMT-9wG80,ase,train
E8cGP4mPQQU,ase,train
dz6puoMsnUA,ase,test
YrJDYT5E2B4,ase,train
3L_Z3_ULULg,ase,train
D5mFla-F4_U,ase,train
lwnuWJehQu8,ase,train
wyXXvzwu-9k,ase,train
wUdla5TiM3Y,ase,train
4dAMyFcpkMo,ase,test
8-18UbcjgVE,ase,train
J3duPqvtecc,ase,train
304pyUWxDUs,ase,train
eRnTwJTMCOI,ase,train
uz-ITu_KwUI,ase,train
yJku7NStCpk,ase,train
6Ck81BFgra0,ase,train
P95x8IaRDoM,ase,train
i0IuJZY5hcc,ase,test
oVqF2jA_J9o,ase,train
9iYIBy2EsKs,ase,train
HClfiebPOhU,ase,train
EBBPggasvLg,ase,train
0KmArej479w,ase,train
DS_zFAfhg98,ase,train
1lFhA3eP9Pc,ase,train
OZkODPZ7GgU,ase,train
VVC7xP5Kwig,ase,train
9N8iwNe4vbU,ase,train
sGEau-whiF0,ase,val
DRMrWNIfplE,ase,train
HT6WbpCvKbU,ase,train
_Ns-yLOxUDI,ase,train
Su2f2H3WHwY,ase,train
Mol1qpTipug,ase,train
FX5TLR6r3Z8,ase,train
hfPzkmeGoGE,ase,train
rdpftIq37oo,ase,train
6Ud0WOp8mgk,ase,train
hXm76b9he2A,ase,train
zmT89mRSwjQ,ase,train
2IR-rwDIr78,ase,train
oTjB8ObvrII,ase,train
qllojQKkE1w,ase,train
CyR1aVcbPxw,ase,test
2hSrZomkyyk,ase,train
nusRWSSavgI,ase,train
KWAWNuZePHU,ase,train
hVKOSGzUcgc,ase,test
SlkvMbNFc-8,ase,train
vw9ixAurTjM,ase,train
3tviaZoHdKk,ase,test
EiPrc_2__sQ,ase,train
d4LrPldrKzE,ase,train
jfw9gXjEwq4,ase,train
opEjGvgbEJ0,ase,train
Dk41eCFQV3A,ase,train
IzLUp8gXsMA,ase,test
mOUjiKjMbBI,ase,train
xkRBOoEvzOk,ase,train
tTS-t_Rq-6E,ase,train
RNbF8aFgzQA,ase,train
dlIOpL8F_0Q,ase,train
oQcsL2gXieA,ase,test
4XgbEFs1hBg,ase,train
DWnacH6BXZc,ase,train
KXnUOJamuOo,ase,train
g_G1ZDw0dJM,ase,train
rVwKAJDWyN8,ase,train
5rF53h4v16Y,ase,train
qxEDK4b4Y88,ase,train
8MLO4irMmxA,ase,train
2bezkoTdLkU,ase,train
9VAVB0RFAPg,ase,train
CCSYW0RZT9Y,ase,train
c7Vv4gmV8k4,ase,train
9KPHNpQ29QA,ase,train
Qx3lshdj39c,ase,train
gHZzQugo2tc,ase,train
ypBlWmkaXYA,ase,train
aJVd1NHMA3s,ase,train
xLvq_XL6fSs,ase,train
t_czqmPQHzU,ase,train
rbQGtVkd-F8,ase,test
SB3vp5jeNbk,ase,val
tUnP-qrdC4I,ase,train
XdciFdlrdcs,ase,train
xHqMjfdJANE,ase,train
UP5mh20nKrc,ase,train
zpg1REvJxuc,ase,val
DtvZj-YkvSw,ase,train
8PjplnYUIno,ase,train
gPnqQRBVfTY,ase,train
u_Pu2pCdAYo,ase,train
LUl-DjDLwF4,ase,train
UZSgbOlbAcQ,ase,train
JeFrFkSL-eA,ase,train
RuuCoCUqziY,ase,test
XLER3omTJcU,ase,train
tCWBPlhQ_Cc,ase,train
riNYx9Ob6zY,ase,train
fQAGOU1tXAo,ase,train
jKPLYnPpId8,ase,train
x44BQUU_Tmk,ase,train
c5llyqe8Fs4,ase,train
slJEJLCNDSk,ase,train
DwALe9riMgI,ase,train
D2Tky7XLXDI,ase,train
ah2jdZjzD_s,ase,train
e9o7iezK0pI,ase,train
0itC7pGUksc,ase,train
2kuAqmb_jmU,ase,train
iowDbYcC_b4,ase,train
aSEInjhoJWc,ase,train
G4O05Qo1mBI,ase,train
Mvlp1B-PN5A,ase,train
kxpi8KBu_Qg,ase,train
VZOWP_E3Q90,ase,train
nQMbyskribg,ase,train
INVN_kOrh8c,ase,train
_rxe3Dgfy8Q,ase,train
XIdmncvVsZg,ase,test
VwFEYwx7K7U,ase,train
xaFAaJAKXf4,ase,train
PFQ5n8cSpfQ,ase,val
rF_ZqvYDnKA,ase,train
uD68lmY9TWI,ase,train
ACS0Vx9wjJk,ase,train
j_vRViqRliY,ase,train
7A6zQi8eSEY,ase,train
fX3vTqmvDUo,ase,train
MuK3hh09HWE,ase,train
SboqfLTHIjE,ase,train
bpC4Pf25fJ0,ase,train
p1mEDaQh94o,ase,train
-fVAA75OKcY,ase,test
M4O8CdNiNGA,ase,train
T3FzUqAvAC0,ase,train
pLesTPaPX-o,ase,val
xt-LR-O4DQY,ase,train
Q8Q_L3j0kPE,ase,train
IxOORGfX5zE,ase,test
4yO6VMbKNJ8,ase,train
qb4zhgWjmfQ,ase,train
2hM8rtORmn8,ase,train
VJyv2b73x4M,ase,val
JlwOjxXJ430,ase,train
NkiYzVXsFg4,ase,train
QU0EHN_6Qr0,ase,train
ZrNzSlP8i_s,ase,train
swKsxuwAWk0,ase,train
4CV_79ZZIIU,ase,train
0-Ov7zAGbPA,ase,train
JBAkPx9xKlU,ase,train
C0fCQEQVdio,ase,train
72HIxVAXaRA,ase,train
dUSXlXpih0o,ase,train
m2JXzNwWDAY,ase,train
TWFnca_cVqk,ase,train
bpyIWRFt_Is,ase,train
Jk37e3MQnlE,ase,val
uUd7Bp-Yk1I,ase,train
E7BdfFDet4s,ase,train
rU6qPL8kLTU,ase,train
_DFxE6doMkI,ase,train
7mbPp9mk8Kc,ase,train
xXdBMUt3XTg,ase,train
UktG_vObV-s,ase,train
iufE-cfONmM,ase,train
rTEx4ezd7xQ,ase,val
xS1LwpwhKbI,ase,test
zKEOeCo13II,ase,train
HFwmW9C0sbk,ase,train
mYCjSKWApbk,ase,train
m9IJoutcMNk,ase,train
ij1GTcENEug,ase,train
4xvsldHftZk,ase,train
ct7v80nDmhw,ase,train
8kB1IZxW2UA,ase,train
W001hndpx2A,ase,train
qYIH4NH60bM,ase,train
TItzea3lGVg,ase,train
_8ditwmcfrw,ase,train
00s2qBiU7z0,ase,train
K_VMq6vTPzo,ase,train
-K6NNcSZJKo,ase,train
G46tvpv2clQ,ase,train
8N7StETHZo0,ase,val
TqBBh6g5P30,ase,train
AvRl4U1gU30,ase,train
TP-VU6pDr4g,ase,train
jb_a_dYBox4,ase,train
_WLpqkAEBMQ,ase,train
rdSsTql_bCY,ase,test
UVr3WiuTbkY,ase,train
vEvRMNSDotY,ase,train
s3o0waJY8o0,ase,train
OZIemTACtSc,ase,train
aq7HygQFHhQ,ase,train
RmSM3HPtACY,ase,train
TE_MKsI_PS8,ase,train
wqxcxeyXdlU,ase,train
3KrAB6p_9j4,ase,train
YPrXubh3pes,ase,train
kFn2cqIloFo,ase,test
vlBgGbFOs_o,ase,train
U75sPyhoYjk,ase,train
apQd-pF_N9c,ase,train
oRACpf7Mnpg,ase,test
CgvOZ5SaelM,ase,train
ruOxMsIYpNE,ase,train
yhMy8ClDloE,ase,train
4wqJRK5ZGWQ,ase,test
B_kQN5BPBXc,ase,train
qWPlYVm5XlA,ase,test
h_5n9e1vt_w,ase,train
Dc5FzZxyc30,ase,val
g_EYfzTPbY4,ase,train
ZEVuxJlYQwg,ase,train
nDhkkhzF_Vo,ase,train
wbxFKDwBrY8,ase,train
2WeKM3TO2o4,ase,train
Nj4Sb8cS0e4,ase,train
gxJ7m8Qds9A,ase,train
87LJGHt2TH0,ase,train
6ZMWx-y86lg,ase,val
qanpHVcHj7I,ase,train
i20Tq95wsq8,ase,val
eyR03CGtYpQ,ase,train
pBzZoUIUadQ,ase,train
NSkavno1n1U,ase,train
jP5t5g-VQUs,ase,train
8ac69KEdyjI,ase,val
jYPqaIGyqSQ,ase,train
UmR2DQaYLdI,ase,test
qE199WjRI1k,ase,test
PYYfWbl-RFI,ase,train
J9em7v9WST4,ase,test
wKpqNnDJ0To,ase,train
JPDGeQBkStk,ase,train
KY-NsSRwwKQ,ase,train
GYWgtUv99DQ,ase,train
pCIuOUfQgKc,ase,train
x14fWJ_Zqfo,ase,train
NtHXSUOR8lo,ase,train
ZvQzL4VDRMI,ase,train
0Npe_xPJpnk,ase,test
BceD5IxNL6U,ase,train
sqh6uv6z99U,ase,train
XwdN9zj37jk,ase,train
zx5Wy9D8l1g,ase,train
hfoVkjpjTxg,ase,train
ReZWb72IhJA,ase,train
A2v-3C-oXCI,ase,test
Ug8z04yEEKw,ase,train
Tm1-Gi9yvBk,ase,train
pyKlydPCSbg,ase,train
mMCmuS_kxVs,ase,train
cdmrudlH3Rw,ase,val
JeY6lXjGqLM,ase,train
9sSpMLUmPKs,ase,train
l5Kd1q823tI,ase,val
Nxjd1tkCywI,ase,train
qCwk4iRp6-s,ase,test
5cbO9KKNOzc,ase,test
oxoaE_5np-w,ase,train
l1pF5tLkGss,ase,train
PFvp-CZUCfY,ase,train
WmRUJs_JCF8,ase,train
pKHETd-NJ-Q,ase,train
mh5Me9kgIIk,ase,train
r32PuIxURVQ,ase,train
e6-zmoYji4A,ase,val
44kBLUCdXR0,ase,train
nOS8lph6yJQ,ase,train
1ktgqrGUe1M,ase,train
_A3BF4nLvKg,ase,train
CObdGpfkxWo,ase,train
8jqi6qS80mY,ase,val
4uiNSJvE4eM,ase,train
5FgjubuL-wU,ase,train
HLxS11YdBtU,ase,train
G0dRUMpON-g,ase,train
MQPqyyNnO5U,ase,train
iGVezOqfDGo,ase,train
RY4qnPhRB8g,ase,train
l2ZjkxyGR-A,ase,train
9qcxOyK-8x4,ase,test
TZ0LowP22uc,ase,train
BBc-_ltriow,ase,train
oS658q6J5YY,ase,train
FAbgME7HuLw,ase,train
CrBgqFdJZns,ase,train
nndFn023dPc,ase,train
2ZeGSUpxztg,ase,train
L7pnq4IGcyM,ase,train
rI8c-KtgfSU,ase,train
c5-X7oj9jd4,ase,train
X0zTJ4BnDe8,ase,train
ixunelAE730,ase,train
E01ncqDoPOs,ase,train
LNojUFFblk4,ase,train
T2_fcyh5RNM,ase,train
CSNhzuFoUPQ,ase,train
Tr4jDX2BSkU,ase,train
L-wILNDkmy8,ase,train
jJMfG3yjwYg,ase,train
AaD0HpTd63w,ase,train
ALBdGX0cFRk,ase,train
DcganDYNXNs,ase,train
f2OXZMs4fM8,ase,train
JtnkE_yZWYs,ase,train
HGuz-HSjh4s,ase,train
Jx9Vrn-y8Zo,ase,train
svVeKFG6f-k,ase,train
pB8IO8w8l7c,ase,train
buh3vIhigNQ,ase,train
1GK9GHwI0h0,ase,train
PfrdVwkY7DQ,ase,train
BBtiaXdFEnE,ase,train
15DWG5wQcNI,ase,train
_DoKb8iUS7k,ase,train
FEVaG0-ztyk,ase,train
RNOwhsWxXTE,ase,test
l98_0TtOK50,ase,val
fdYoO79WJW4,ase,train
sJ7g82v1mU0,ase,train
WvhgcxB_Ruk,ase,train
iIq5WiDuQjU,ase,train
HLmma4G5Pkc,ase,train
06l8Ycg--y4,ase,train
gh_SRuGhy6k,ase,train
dbGsnsGjyWQ,ase,train
BA1PtGZa5y4,ase,train
KftfxuFLhW4,ase,train
S2bS20_JCl0,ase,train
NHgr21ayOCo,ase,train
JPeDIA-BCVs,ase,train
TSiiBOkv218,ase,train
2xlGIzRw0a0,ase,train
wqBWsJgL-lM,ase,train
12mVQhYa74Y,ase,train
dCSPzqevaPs,ase,train
zqz1NeTFBqc,ase,train
hnm9fvj4SMs,ase,train
hUvLN3zoIhU,ase,val
A-yUGf3DQC8,ase,train
l6i6p0Gr0T4,ase,train
ILdvdVC_z0U,ase,train
nkfhAkkdCWU,ase,train
WZ5fT4x39Ig,ase,train
8V4TUuGY0Ek,ase,train
eW7tIGHOG0Q,ase,train
SAnI-PVYzeY,ase,train
umMnx4FNqEc,ase,train
ggy5Ut8KAXQ,ase,train
LBuQsWS05mI,ase,train
KsiDCBHkQgA,ase,train
XLJhWF_uziY,ase,train
uASZOUY5gWA,ase,train
g7tVQoWcE2U,ase,train
QBbeh-WivTY,ase,train
9df_wmpBJyU,ase,train
x0TWr7Zle1Q,ase,train
CalHt1YA5M8,ase,train
_4wGeqEdKSU,ase,train
VYJS_xckWY0,ase,train
oScxbp05AnE,ase,train
m6K4YHTckp0,ase,train
-qXPCSkhBfs,ase,train
6uBhYBasF0g,ase,train
2OgZWxrHsYs,ase,test
VYoXQwhC9R8,ase,train
zo23R1IrM2I,ase,train
WB_-UyF6hIE,ase,train
BuidKdDnvyg,ase,train
Q_Gb6tr2zOc,ase,train
tfD_aJ6bVvk,ase,train
LQNMcrNKIHY,ase,test
Ctw9bbgfQ9g,ase,train
tGgeVORSHRM,ase,train
eKYYV5rYLus,ase,train
UyMJIpaFNiA,ase,train
5xWHQoRiCzw,ase,train
Uy3N0KFCCiQ,ase,train
o6VidytWKhI,ase,train
kLmZxn5hlZg,ase,train
Q7jUNIrhAQk,ase,train
H6_jdnibR3k,ase,train
Q3KDT0kP5Ns,ase,train
bQDWKwfs_tQ,ase,train
if5F1sTgfIQ,ase,train
zCFgpwh4QPk,ase,train
hoBxphjzAR8,ase,train
3fsJWHO3lZA,ase,train
mJIK417k3ak,ase,train
iagfoxy7Joc,ase,test
_a78h4JDFTI,ase,train
c48e1fcXh5Y,ase,train
rqEx4J73wkA,ase,train
np8Z3EbcxqA,ase,train
PguNgmUmnK4,ase,train
bzxgOkA01Ko,ase,train
8Bxv68WgqzE,ase,train
vwkAYZCCJqY,ase,train
XsNUz4HVPXQ,ase,train
pzpsRy2vw_A,ase,train
oD-qsN2LUks,ase,train
VU8IFTcRQHg,ase,train
CFizx2ZvjjA,ase,train
7ynLY8gDuYE,ase,train
DzElbd-KT2w,ase,train
X_G0KR_Tv3g,ase,train
yk7Rc9BGyOM,ase,train
PRnHVMBsLYg,ase,train
vZ3slnyFHNA,ase,train
bgQmu9COWcM,ase,val
jyQjeq5qht0,ase,train
3ZUsY9q2ajU,ase,train
Mts9HrdGUUY,ase,train
FqlNNVXcaNE,ase,train
RHWTMrmXras,ase,train
q7G89wABSno,ase,train
-8yNs3c4-ic,ase,train
4_AkMr7F58A,ase,train
au2vX3qgQuM,ase,train
Vsssah3gvu0,ase,train
A62PBvihMZc,ase,train
ilPpBPfzQAQ,ase,train
tJSXE9uKI3o,ase,train
gMCb_Bu9ATg,ase,train
iue_QjjCqmg,ase,train
UtlUwDSonOo,ase,train
NiAVSqHOPGM,ase,train
_78D_v6gu8s,ase,train
ensmpu8A39Q,ase,train
4wlA6_pZdq8,ase,train
TO8xvUA9gb8,ase,val
fLCGv0Iluew,ase,train
QuYFXc1i3hw,ase,train
mtIyGdZzHzU,ase,train
z_gmkcl8L6w,ase,test
Mv6MwsK8PVE,ase,train
eK6xyyAACEg,ase,test
7pSh0IaoMek,ase,train
uKsGYlUYqyg,ase,train
kfwZj_gMKwQ,ase,train
MFYgKh0KFos,ase,train
-NqWCtnxess,ase,train
1uPjjsOO_9g,ase,train
UJare8kO4II,ase,train
Qxh3Mw7gmQ0,ase,train
xTMy-QWtyHg,ase,val
27vGq3Jr9YE,ase,test
6a7IUBwH324,ase,train
rrcy-33pgb4,ase,train
14rzvFIkhRg,ase,train
EBdJBVAvrX0,ase,train
ccO7RSI-ANU,ase,train
6KQs5Cb87I8,ase,train
N9kOC2D5Yao,ase,train
My6MzNlIMNQ,ase,train
KamgNZPzntw,ase,train
P0C4qdQ_dTc,ase,train
-Yj9v2g0DXs,ase,train
YhfQKSEGivA,ase,train
lVzX9WoJNhA,ase,train
PJSYZhTZLAk,ase,test
QLpurYaM0R0,ase,train
hZuHXT1gh-8,ase,train
GM14k-9xnKI,ase,train
G0sAYc1YcZQ,ase,val
TSZ2RasxUKI,ase,train
jV4uEw5JDlA,ase,train
U8ttnut4dfg,ase,train
8pq3lBsOnSE,ase,train
Js44DLx0qEw,ase,train
8QU-JH60uLw,ase,train
t60tAXJRvjY,ase,train
i9x3q7QUa-g,ase,train
JOt9GMEPEgM,ase,train
tDbCcoi8iQI,ase,train
B3SUkZG4quc,ase,train
gJWKzIAfqo8,ase,train
p-aPA4SFr0E,ase,train
7KjEeiFRL28,ase,train
4Ux6oLHDbhI,ase,train
iGjQLCpVtx8,ase,train
5W0TScQ9pIk,ase,train
Igh4mRMxP6I,ase,train
LhQbQaFSK5Y,ase,train
wa0nxppMJ-Q,ase,train
48pc99xcWmY,ase,train
HrWvY6EjpIU,ase,train
NkK_uMx3JeQ,ase,train
tfnxzNbGMcY,ase,train
3BzC4N7hgP8,ase,train
xOO5_BPOLyE,ase,train
qmsbssnTwhM,ase,train
amKhf8yDE2Q,ase,train
-EqQpCgAwHw,ase,train
dVQqWOPa9VQ,ase,val
ql-QT2c2LFA,ase,train
waL4-7olaRY,ase,train
KNJROVIsLis,ase,test
lJHf4JkUrqs,ase,train
HYLIaMPDTfM,ase,train
6Tf6gPbk-yE,ase,train
f81JCp43ko0,ase,train
1-ibn6_I_pI,ase,train
1lbL9T1o-dU,ase,train
Jc3gJCDIzNM,ase,train
h6cXc9di-s8,ase,train
vyYQhY68B24,ase,train
wR94EJUdXZQ,ase,train
LfC8fz6jY9c,ase,val
P6JR69xi8XQ,ase,train
fFMCFXWbJrA,ase,train
5Qe3OX8ZiYE,ase,train
Lel2ec2EtG0,ase,train
VAei6-ekGME,ase,train
RSmvfdAQXv0,ase,train
u7AO_EkfqpY,ase,train
bmNhy8lh8Fs,ase,train
TKWeLtII-aw,ase,train
pgtkGhzL_50,ase,train
QOn8L-O_SiU,ase,train
oRqgDuQgCj4,ase,train
ZxJozZicZ5o,ase,train
x4xCHl35Amg,ase,train
leDZvcBWFM4,ase,train
ulINxp1Ih5A,ase,train
B4S4UrdeWT0,ase,train
IPxE7OCGY78,ase,train
t65ObEHjDg4,ase,train
RzH4ka-POxE,ase,train
WdGQaHgy2eE,ase,train
IxlZ00PQ9wc,ase,test
uYb-Q5YTbso,ase,train
-wPUT6IOLEs,ase,train
HvG7H25s5D8,ase,train
C_B72yNMr_s,ase,train
9Wx3utnXcbc,ase,train
kik19aZ10LI,ase,train
yj8GGcNklVU,ase,train
ES0Ea8622Tg,ase,train
czOTV5IOHTs,ase,train
je3Je3ljkOY,ase,train
lYNOq65m1F0,ase,train
Lm1mNHD2cR4,ase,train
dR9AQb700V4,ase,train
7NC7xHQZG4k,ase,train
bZgQnJMS8IY,ase,train
vRYlTcnIUnQ,ase,train
l5zR_Md5r8Q,ase,train
MNnZXjKNxNY,ase,train
ATv1whAdJV4,ase,train
Pfu5sk-Xz90,ase,train
MqJbC63ZgNs,ase,train
oshtam6F43U,ase,train
_88_9yipLFQ,ase,train
p2hioN1fr9w,ase,train
qLf7DZVNR_0,ase,train
owk0rRsGjPY,ase,train
-dCBX_-GFtI,ase,train
U-aTB8SLVbE,ase,train
bXYOQKo8H7w,ase,train
LFo-lDsd58Y,ase,train
lhj1pSmLLBU,ase,train
ZEdoV5BiL9k,ase,train
V8U8B0j8lPU,ase,train
XzV6NrcSaqQ,ase,train
torUgrboGuo,ase,train
QAPYRv0J6wI,ase,train
EdmquNCe5vA,ase,train
TWqYyBPfB78,ase,train
-bsUobuU4OY,ase,test
MrZXM53Oa84,ase,train
W8vHOOxsnQA,ase,train
t-KUWjCOg7U,ase,train
ol5RMHfgUQk,ase,train
-7dnUz_kKsU,ase,train
YTiPlXfX0kc,ase,train
4zz5Z5FZnuc,ase,train
s7LWjzGIXeI,ase,train
T2i4RFQkhE4,ase,train
9YP4ZMfNtG4,ase,train
OkCLACbSnFg,ase,train
XdkJAWBQu2Y,ase,train
jIinZgomFY0,ase,train
kQ3wtLOrsvM,ase,train
XMtXHHJy1Dw,ase,train
RG69g7GcKm0,ase,train
BiXlLNlG43Q,ase,train
hGBrSeNYess,ase,train
hctJC-K5uNQ,ase,train
DIrWutDq32Q,ase,train
K_DIOaIE9MQ,ase,train
v0qFhvNuaJw,ase,train
2h2JpA8Li9g,ase,train
t2y8Ee8EUb0,ase,train
ZfTci_OSJSM,ase,train
xgWPImB6JSw,ase,train
sJaasAn36Qo,ase,train
cZ_kFTGTJas,ase,train
HrMCjQBLqSE,ase,train
huqxtdPL1is,ase,train
m3dNkx_0goo,ase,train
rMOj8zyxA4k,ase,train
tRh_Eywih_M,ase,train
4GkH2xI2gdQ,ase,train
LxYGvvMa-Vk,ase,train
vNlNQNMgg2A,ase,train
ZRunkkAfs38,ase,train
v5drgip7r9E,ase,train
qYJzA2PKoWE,ase,train
Up8VldrCogQ,ase,train
gUT9gsAr_ck,ase,train
EPwcBZMhX9A,ase,train
EhWjSDuUpPA,ase,train
XSoAgIdjArE,ase,train
lVW7NQiYwuM,ase,train
FiQmxFIs11Y,ase,train
zGsUWiBcY0c,ase,train
zBfFMhfqIKw,ase,train
qqvM0cXKins,ase,train
P6EQtkhXgbA,ase,train
RiG8Qr2eH2E,ase,train
9L30kChm1aY,ase,train
ZfUJ1JMW62o,ase,train
q8j6EkdmY2I,ase,train
HyQI0f4p4SQ,ase,train
6_hewJkGBYc,ase,train
NgxVMWaSV5Y,ase,train
gi9AOdj_Fas,ase,train
yWluBye2gP8,ase,train
A8HtQy3qUx0,ase,train
JrTJ_aTd62A,ase,train
3sccmb3xrrk,ase,train
bciNb5G2sxs,ase,train
-cCscMQfO3w,ase,train
xW1LnDYO4-s,ase,train
44zcFWPF8jQ,ase,train
oTOYqvP_idw,ase,val
sPy1RR00FdU,ase,train
PrKP0fPX8tg,ase,train
mk6W__UuqRI,ase,train
eXgAzPQNfnM,ase,train
aZVIPC7oVjU,ase,train
cWaIjm38nAk,ase,train
AORsRaKZA54,ase,train
Vu_pcyqJ3hU,ase,train
lsPQAPUqCV0,ase,train
ecCURfhURCU,ase,train
o_VZd1OVFoQ,ase,train
7Rrr2gRTfrI,ase,train
4lx5BZuWa64,ase,train
8VX-YFXgwDU,ase,train
q69bT2nR1qc,ase,train
A7YhbjROQwQ,ase,train
HQb0rQ0dO_Q,ase,train
4XPsuMs6PPo,ase,train
xjB2nLUndGI,ase,train
LWIxdthZhQU,ase,train
JKI5RGl-SYw,ase,train
8kTKxRo15Y0,ase,train
MzlQ4U7yjao,ase,train
BA0nYyYQYg4,ase,train
yfiqgPPfisE,ase,train
WUnPo2mTI9c,ase,train
rcdhga7-5YU,ase,train
q-lw2G8cCvc,ase,train
erbsX2BC63Q,ase,train
u0eZna1pmZ0,ase,train
S7LrZMxe_fo,ase,train
boVpfZ0MIKk,ase,train
dYkUteW0Lfs,ase,train
U2TnzvFONrU,ase,train
WAbays4OGlA,ase,train
7F5BzY0QORY,ase,train
gt64M0pMfME,ase,train
MD6YO0ss85k,ase,train
x8m_CmGf0NA,ase,train
Fd8Mx8Q1HL4,ase,train
9xThiwS1LrE,ase,train
B5ANKOFcNcc,ase,train
00GzvVp559I,ase,train
jtc_jIEViIw,ase,train
jMOFqsj_nRY,ase,train
pdeUvo8LJUU,ase,train
LAvb9GUdj_A,ase,train
3WvbNPbOGrU,ase,train
fZgvm3fvT3c,ase,val
99LoUf-7QsM,ase,train
K9vHszt44-E,ase,train
ywXaGw50Pug,ase,train
1XvkdD-nZXk,ase,val
Flzz1NDOCug,ase,train
EwzoVdBOawU,ase,val
A2o3kTPzKKg,ase,train
gbtkwasU9NM,ase,train
cUao4wmtJ6k,ase,train
Y_CSRBm3m20,ase,train
RNMZs0aAYQw,ase,train
lFRZ-GrjdO8,ase,train
lKmH52nb8EI,ase,train
PzQ6yVLtch8,ase,train
hbwiA06sYLU,ase,train
5qpMggr8lcU,ase,train
GSHAiPD7618,ase,train
YulBGIn7Kdo,ase,train
1uP3TWZOnXs,ase,train
BP5AZDLn1Og,ase,test
Oj-pYRiar-0,ase,train
UUGkTQSUKjo,ase,train
FwwvtKizIwg,ase,train
7Z5eu1E5bxs,ase,train
Xx9kDZq5TL4,ase,train
mi89jisIEOw,ase,train
jOpLRJWFR-Y,ase,val
O77ymHYDQd8,ase,train
fMuiyiVxjow,ase,train
PwF_xtp3RHI,ase,train
I6YB8f-pRQQ,ase,train
kXJB_dybMWc,ase,train
XvMiDG0315g,ase,train
kvZPzj7Mreg,ase,train
JHE30hpwqSs,ase,train
oiATi_yUSwQ,ase,train
3SxrGYF4JaQ,ase,train
iITdL-pg0y8,ase,val
8fOdQhdceYY,ase,train
EbNgoARQb-E,ase,train
EfWZSl9eboU,ase,train
VIjh-ujGNa8,ase,train
W47bqEi1COE,ase,train
s3n93rcqQ8w,ase,test
1aNpjLtFJh8,ase,train
NBScvbbF6uU,ase,val
iGQ7GTYfftc,ase,train
UFyJ4OTHdOY,ase,train
hc_OxWuJiaY,ase,train
K68MMyaywrc,ase,train
sJfMrH8eIqo,ase,train
Ra4VPBt2gWA,ase,train
sCvfWKiIhcM,ase,train
1J_ER2o5vvo,ase,train
yz41vzOO_rg,ase,train
SGz1DXWahuE,ase,train
b-9VCCGqMA0,ase,train
k4JcB0D2kAE,ase,train
LEcLv9nwx48,ase,train
Or_1IfLynKY,ase,train
c957zBgt45o,ase,train
Pd0pVNy3pOs,ase,train
K4432on4mGQ,ase,train
4HvUekmxLAc,ase,train
Qb0wG_-rlG0,ase,train
UNOGMfYBuwE,ase,val
V0n7Y7tyG3g,ase,train
1Ozx8dNVRCQ,ase,train
3MjtY4pooFA,ase,train
s6b1-tkV77s,ase,train
9a_-5ingvXw,ase,train
2hIfpCQBgcE,ase,train
o-wxKG_Y3rU,ase,train
Q8LJzFR5dNI,ase,val
Ht4SuNRbAm8,ase,train
zc5fAB72Hbw,ase,train
AgswcvqogI0,ase,train
Mf62aqCEwuc,ase,train
yC_TYHrJRl8,ase,train
pAcCDUg1FrE,ase,train
9VNth9ViCl4,ase,train
0EYkkVeDjis,ase,train
X-F39tgU6iU,ase,train
RhgHkxm30cQ,ase,train
LJEET8cM7mM,ase,train
UYJMA7MDy0Y,ase,val
vcQJnpEzsVU,ase,train
qNpQCNB3HFA,ase,train
PuO8V76TTPA,ase,train
U9HOftaSyes,ase,train
x4DnttqSmMY,ase,train
UiSSsow_hJY,ase,train
gf-Qj7cWH4s,ase,train
P4Ay39W9xRA,ase,train
UVG096v1MJw,ase,train
lW3clWC4FtE,ase,train
Kuf_Ty_dW3w,ase,train
gEFK698oZBU,ase,train
K8vTT1qyncs,ase,train
8K8H65KcTTU,ase,train
JV2Hnq3Akak,ase,train
zbwla5jaF9s,ase,train
yrDPZu9RCkk,ase,train
ISU5H6bIcA8,ase,train
xhWdmpigbb0,ase,train
OS2N0O18czY,ase,train
4U7wz03kBZQ,ase,train
3hQ3XxJ6Lx8,ase,train
wxdS-lA6pvE,ase,train
5z7rpzr-AlM,ase,train
B0Cf5HOvnT0,ase,train
FcLPvWqlV54,ase,train
IxRqxjkpZyc,ase,train
n1tllgRJh8A,ase,train
5KVL1hh0jvc,ase,val
dFOCkZh9ZSY,ase,train
tLPc1ufmB_c,ase,train
o76QwGoFLZM,ase,train
yhS9DJCzRCI,ase,train
odVV4IfO9ys,ase,train
_0rhu7J5_TI,ase,train
fcSLxvbbh9g,ase,val
29dv61f9QKY,ase,train
L5XEZweOcmQ,ase,train
4LjijgYV0mM,ase,train
IN41T6nVwzU,ase,train
Ero9xgeN5LQ,ase,train
awsnptDa9us,ase,train
NvXfe7iecd0,ase,train
fVAQMNqp4iE,ase,train
HoIR9CjJJPI,ase,train
D1FyfIM1cic,ase,train
JcyPwttF2fc,ase,train
brTtP7DW7nw,ase,train
DtW5RUUYt90,ase,train
ECcLtQLpkIc,ase,train
26P5WCWooP4,ase,train
whAjfLBXoFw,ase,train
mbXow37mq88,ase,train
-qF9b2Aok7k,ase,train
5Se_7tJLxGc,ase,train
qWp7o9Ld-Xk,ase,train
3VyItoGAwqw,ase,train
6Hpg8UgI1M4,ase,train
8W5Mpde71Nw,ase,train
LcssDqDrjC0,ase,train
h1lBcJjA4xI,ase,train
yd9OpUaImP4,ase,train
EgLOG_tHsUw,ase,train
zSGaQ1xC-wE,ase,train
PE6Gjm--DuA,ase,train
iR5XUL_emEo,ase,train
gIcoByy16hQ,ase,train
pmeQw9VG7VY,ase,train
axpRYuY8DN8,ase,train
p4BGiNbNrI4,ase,test
X-zQzeWL6JE,ase,test
2yE8nfUjP0U,ase,train
qLijzZu7RQA,ase,train
7OltTbWN7vE,ase,train
BGkx14Zpk5w,ase,val
-_9PewIga7Q,ase,train
6GLVtbb7w6E,ase,train
WPOJkuozxDs,ase,train
cd7c9-ur5I8,ase,train
8FJ9jNZQk7Y,ase,val
rxC9aRGPK78,ase,train
g2gcK45qkH0,ase,train
ANc9lzGLhv4,ase,train
MtV9-VedGWg,ase,train
PKFULsn0sqk,ase,train
FkGC2b63YjI,ase,test
H_TuO0OKwuA,ase,train
aq5ZdyZVM1E,ase,train
6REc0HdgTYs,ase,train
aR5NnY2TiM8,ase,val
A_-UuILRk1I,ase,val
lBy1E4SO6L4,ase,train
3n4d4AfZOtA,ase,train
8mDPcW56WpM,ase,train
vBRpimq_GFI,ase,train
TRdsAjYcb6k,ase,train
1gajFNAP30A,ase,train
uyMQb4euXhY,ase,train
LijC6XhieYw,ase,train
TcPNy2eXziM,ase,train
Vm_dAT0UqTM,ase,train
SalbP4TuFXA,ase,train
JOynk3K4fC8,ase,test
qFwdzd98TJw,ase,train
WwVrEFMpKCM,ase,train
NJRgBMe_Np8,ase,val
DohhifqDR3U,ase,train
lM2p78eJJ0s,ase,train
tuGS5wijDpo,ase,train
QMh32ReiXZM,ase,test
wzadSW00nHs,ase,train
5mx2DOgmU8M,ase,train
B7OnzIK0W3M,ase,train
Ssc5AhWwiJU,ase,train
7qbfpOe2jx4,ase,train
UHf7omht2kY,ase,train
iV0o0wr9pRI,ase,train
J9r1E9-t_nE,ase,train
HwFAKSr-Sgs,ase,train
ChwMIFNBm4Y,ase,train
UeDhvPfC1mA,ase,train
AwtkU_P2-RY,ase,train
XP66YqYtLW4,ase,train
H5Et1Bmd4P8,ase,train
gM9DVII2MnE,ase,train
FEhRuA18n7c,ase,train
ndyR22PE9V0,ase,train
uATe6uqUu_I,ase,train
mdyE75VccK0,ase,train
_pdxPghOMiY,ase,train
j6Vd4N8Sf5w,ase,train
NqICAfzAsaU,ase,train
jDzEIMPwwUY,ase,train
aGCkLr_JbYA,ase,train
JqvcVFS5tCw,ase,train
ucFWkNe81vE,ase,train
HRZlNVIEPFk,ase,train
spAD1SKHJ0Y,ase,train
qoEWXdSjeSs,ase,train
5C6r7guzg44,ase,train
6GrEkjIvQog,ase,train
EW10vNTZCGk,ase,val
UXqacrp4xSo,ase,train
eKwTfDRSaY0,ase,test
muHVogMXEdo,ase,train
v9WXhYK8dgY,ase,train
f9Cn22bDz04,ase,train
fW-sDkGTb_8,ase,train
Uu8o51qVQv8,ase,train
8tNrumaP3aw,ase,train
J1yJOvQo9uU,ase,train
3qKHU-iP4wQ,ase,test
EDDGfv-7vkA,ase,val
QlHLT32tKqA,ase,train
p3VgyCdCvM8,ase,train
VU7hbbZQ5H8,ase,train
zMJ6o-dl6R8,ase,train
VoGiVvoZf_Q,ase,train
vgcaHrcm22k,ase,train
f2R5ZblXK00,ase,train
IiJ5Ca9T_ik,ase,train
YERFKu-T19E,ase,val
98N4rsO5w-o,ase,train
qxW7mLHnrcg,ase,train
t1hmtviauPU,ase,train
pKWfkVLJk4w,ase,train
c67m9_CqTAI,ase,train
CxHMO4mH16k,ase,train
rdvvKHApCXA,ase,test
tAoLd7RdjJw,ase,train
uiLgJZrLSEA,ase,train
KiuYydL5rP0,ase,train
H43vkf9FBTU,ase,train
MQ0MqmSBnPc,ase,train
_35oQEBDuPY,ase,train
wYmvrfsLrOw,ase,train
vwzqoCoqQ_U,ase,train
KJY_4ma9dXM,ase,train
zgKf0YxKcRE,ase,train
Nas6BmD5SRc,ase,train
JlFOZMKnCck,ase,train
1bZUm3AkkYc,ase,val
CORNnV-QUwU,ase,train
Hapjowa162g,ase,train
c_rTSz34uks,ase,train
XseJuPcDdI0,ase,train
4czIWO5WRYs,ase,train
He1lojpixZo,ase,train
PhTCuTMosto,ase,train
3Ulj8hsjjuk,ase,train
io8rPcycQpI,ase,train
HU4oOCxbTeM,ase,val
jipIUo2tKLM,ase,train
z9jtKiQU3_o,ase,train
33luXE-gDlo,ase,test
kp9ECjtYlGI,ase,train
h0_KEK2pCcE,ase,train
EHDIEU_urJw,ase,train
L5CdVZWcDbY,ase,train
VGtb8lngpNk,ase,train
cw8Hluky46k,ase,train
jaqqeRc4gd0,ase,train
g45kPj2_R2o,ase,train
5Jlge6zGXX0,ase,test
dyGfCNhesAI,ase,train
fD6c21k_QjM,ase,train
9Xdk4i-BCBE,ase,train
DNEifb-3GGw,ase,train
s87lb8pTaZc,ase,train
tbUqCujec00,ase,train
RVL7qXldXQA,ase,train
XiT9dLuJLko,ase,train
rGwomkT46BA,ase,train
SUIwkwvK0fc,ase,train
SfuwLzPleO8,ase,train
k3W2FA9OTho,ase,train
bVmpVMblDNY,ase,train
xoRJGbY1Gxk,ase,train
7V5SuhydXsU,ase,train
XMZDG3-eLF4,ase,train
GYezqtp__Uw,ase,train
ORFFBlKb-jA,ase,train
UtaalIeIeAM,ase,train
OTLE0ANas6g,ase,train
amGLfgkLQdw,ase,train
zLtyQ_TNsag,ase,val
5lSpvVyjbLQ,ase,train
QhuLpsmuoxo,ase,train
M4PH8Nb3LDQ,ase,train
UkW5Pu8x3ho,ase,train
9rG_YFFoqZE,ase,train
zKjihODUSeA,ase,train
oq57qeZqUkk,ase,train
_dgCVxOd3BA,ase,train
eIpPQ3QijhM,ase,train
KN7soN2gESo,ase,train
GaarJxFBelg,ase,train
6bSYiMNaRAM,ase,train
P7nt2G2mbtM,ase,train
opiqCW9Jmyk,ase,train
249VBsevj2E,ase,train
-ubjMheFWcE,ase,train
05POTDZYH_Y,ase,train
ED4Rc-jzznE,ase,train
pRJkggSS_gI,ase,train
sIc_JvH3ujo,ase,train
y2KbYv04u8M,ase,train
L9VIujUMXac,ase,train
36vt1UVkL6M,ase,train
bpgXE3aU7W4,ase,train
vdasRt3UUIo,ase,test
xXOTJsOQdlY,ase,train
scSoL687D8o,ase,train
HUb9qjXBXds,ase,train
3rrHOobtaqM,ase,train
P-QHZT3fHWs,ase,val
ftd-hn1K3ZA,ase,train
L4TvSdjt8mA,ase,train
X0tajL_YaxE,ase,train
ghNI8NwMSBU,ase,train
AFkPmqlcskA,ase,train
1Mv__sgqb4g,ase,train
F3z6cruzLXM,ase,train
AGZbIuc5mCY,ase,train
nBQFXYNGX9I,ase,train
HFPYmHZ2d0M,ase,train
6OM9BMnKD78,ase,train
x54FUo8z8OQ,ase,train
tYpym7BLd5k,ase,train
O79WNc_xmzM,ase,test
an32ulcCmQc,ase,train
pzm6GB-lOmw,ase,train
FvuQSw91fhY,ase,train
7S0KvWZ8Xz8,ase,train
faEBZIY1aEs,ase,val
ZTVcvVrB9Mk,ase,train
pTNymNxQZwA,ase,train
NSOeivP0Jt8,ase,train
1pGsO46dL9Y,ase,test
Ox24TDAY3hs,ase,train
KXwfZc5rkEU,ase,train
1lICFR7NMPQ,ase,train
LUZv-IZ05CY,ase,train
wSeahOaSNIo,ase,train
6tPaU0jzEEk,ase,val
3gXEpeyaXZ0,ase,train
eL6BeCE3a1U,ase,train
JPg1_RIgRFA,ase,train
bfM1zt3-9xA,ase,train
c_5xB07gOi4,ase,test
dUidEncHR-k,ase,train
_pBIjK4PVg0,ase,train
r4Mm76Pu8fg,ase,train
Vd3sU2D7UCE,ase,train
Q1VWvU8Nxy4,ase,train
tF1gySLjuX4,ase,train
Oa8VtyUJpj8,ase,train
AoemfNSPOHs,ase,train
1qHa69HUDUI,ase,train
gP4d6Ni8DNg,ase,train
efcNCazZEJU,ase,train
ODRKcyt2BRc,ase,train
eJNfnRi0h7c,ase,train
wQScyuKKdko,ase,train
aK5AMREpWrc,ase,train
ZKF8Y6MeoCg,ase,train
WRrJHAHl2II,ase,train
6TfWT3Zb714,ase,train
y82rEklLp7I,ase,val
0PP1WRjCKL0,ase,train
FX-HmHFe0yE,ase,train
Yn7P80EFc1M,ase,train
A-WYcKS3maw,ase,train
_uNCF0QE_ac,ase,train
ls9NKJLntG4,ase,test
Qn9DDPgb45Q,ase,train
1yI7B4E3BZo,ase,train
H3KSKS3TTbc,ase,train
uuZnDgLjKag,ase,train
EpSzDwm_vj4,ase,train
TWftHLa_63Y,ase,train
2Nr-pUXj--k,ase,train
eAK-hlX0psk,ase,train
bxC5BhJch7k,ase,test
_ulbddTIc80,ase,train
UjYX03HcVWE,ase,train
p6Q7ntjnVds,ase,train
XSDOU7US7Ns,ase,val
_dbFpi8tFyY,ase,train
CAy22wPLhs4,ase,train
KT_7Hi0pu2g,ase,train
FUPplwoAXi0,ase,train
jl2pKX0n4sI,ase,train
gdPA5eyeYEg,ase,train
QMcubZxaeCM,ase,train
LiUG-3felKE,ase,train
dKTN8pLPwnw,ase,train
nC4_owWrj14,ase,train
gxEUe6guWzI,ase,train
r0jYES6uRvg,ase,train
GFuE-9Q0CVI,ase,train
xS9ibrOpTfg,ase,train
O0yFFbH2WY4,ase,train
UCpSAYBlKMc,ase,train
RJiXVSDMeck,ase,train
GB6p7yKM82c,ase,val
tgpi2_6q9-0,ase,train
nuxD64cViTs,ase,train
rGJ9HMZjpy4,ase,train
NhwwlIKGIHk,ase,train
SwaaV8ziZvQ,ase,train
JVmCc1bgrP0,ase,train
Bg-KSyT2NXE,ase,train
1LrD8-_BBs0,ase,train
HREGmqiq4fk,ase,train
9AMzoNpIspw,ase,train
6oP7Iwg-hl4,ase,train
V0CykAIAz_A,ase,train
3l3hWToPQCs,ase,train
Ew1-M21plzU,ase,train
3zAq6uOrq9g,ase,train
mqAQPE_BDAQ,ase,train
KptgAVraUTc,ase,train
FBNByQBnsZU,ase,train
nwkxMI4ri9k,ase,train
MhaY7zCtMcg,ase,train
aqHDbnZTamU,ase,train
wHUkOrlICsA,ase,train
7mUh3TXZ4zI,ase,train
3AtYKCwd0GE,ase,train
8771i06393Q,ase,train
9AQqLMQVTbI,ase,train
Fgp1TxQR0Fc,ase,train
_otYMTZWhcY,ase,train
IBJowf8uhMI,ase,train
H1h3LYzDt-0,ase,train
zlE-TLo6Vh8,ase,train
GEEGMLQTwbk,ase,train
-VH-1KfYfBg,ase,train
U1pCp2uEmSA,ase,train
c6UJGz62wNo,ase,train
nAXkp6lxoZI,ase,train
u9vj-xR1JTs,ase,train
WCcUlj7_OKU,ase,train
AKzh_rKNqzo,ase,test
3WC7iZv7bss,ase,train
5Ovtj78WXy0,ase,train
EcMiEfeSdZA,ase,train
O9Tv_etrTAs,ase,train
3ZFynkji_vc,ase,train
wszHQf64fHA,ase,train
ephOA8ycPVE,ase,train
zHHk54k5oVA,ase,train
-4QFTeMIjFE,ase,train
NsI2Ofb-_As,ase,train
VCUy6633ADw,ase,train
DD8U8oVOkqU,ase,train
ZLQOkloyRE4,ase,train
2MCS6etC8x0,ase,train
3P4rIuAPSzQ,ase,train
v5UcJ_E2kw0,ase,train
1dtvKVWYzPc,ase,train
beBHii4ECK4,ase,train
p-2acbNHNIU,ase,train
mqhddrVIVyg,ase,train
lzsogfCelLo,ase,train
LVX_tzoyrJ0,ase,train
_Cf3RWX_fhE,ase,train
LYdFXwigt5w,ase,test
S6R2RTTL27g,ase,train
w__0F8QJoMA,ase,train
GWHiO3XdsZw,ase,test
eie8BxF0FJE,ase,train
barloiONY2o,ase,test
SVND3xjhXSI,ase,train
rm32QSHiIwY,ase,train
5upcwZKkZZM,ase,train
4lL6e22Ttjg,ase,train
rYjdbReknYI,ase,test
vaw_acE21h8,ase,train
yKq-DJSzYfo,ase,train
GrFDlCR3FPk,ase,train
z3kV-ZYtvt4,ase,test
u193qY0iGSE,ase,train
qvFpN1w2-pY,ase,test
zf7BZk25diY,ase,train
wxYZa4YVQ6E,ase,train
xZhJJoYdwkk,ase,train
mVm5Q9mmuqQ,ase,train
FQ1JHyP_jYE,ase,train
Uyowtc0y_Xw,ase,train
_ky5JEoOTnU,ase,train
VZMpqIyboZ0,ase,train
UN7rVHdDRBs,ase,train
3hamIF_NEJk,ase,train
H-QFScl3Tj0,ase,train
aqYgKChUnOE,ase,train
qiY0HJM9VI4,ase,train
vcuvY-MCVPU,ase,train
bzkEB1CihFk,ase,train
KD-7kXYzmls,ase,train
nlgEUuvLYQs,ase,train
7pCuqtdJSL4,ase,train
sXeXvvrc2sU,ase,train
9sGRIwLJv1U,ase,train
wszaN7eP3aQ,ase,train
nYXwtwzVNl8,ase,train
6F80sPkuiuY,ase,train
96vqlTVhOLs,ase,train
2czJvsBe5o8,ase,train
7qF-3EUH9OI,ase,train
wyRBHYBgHBo,ase,train
wd4CNDwwTpc,ase,train
R_-4lTXgMfo,ase,test
OqOi7XLPzL8,ase,train
caic4g6MTd0,ase,train
d1GJTekxwYU,ase,train
xo65WMte99Y,ase,train
pVhusqdb4PQ,ase,train
gjInAk9vbvc,ase,train
2sKYXA3eQgs,ase,train
kcxAp9zz-E0,ase,train
YuBCXvTcBsI,ase,train
8mcxR_FoQBE,ase,train
h-K7HyAT8lI,ase,train
OTt0ZsPZseM,ase,train
hnzgIcRNJVo,ase,test
lurLl4_l1xA,ase,train
jgerJJdS5nk,ase,train
ed_7hYLCvMU,ase,test
-hGnWiFqT8g,ase,train
pt6sbKqhi5E,ase,train
UI_NmJKbLCU,ase,train
XznA_no_5lY,ase,train
kMjMJaH21II,ase,train
IfKwyOGTGkQ,ase,train
etHBCDxTzJA,ase,train
xerEx0fZu0s,ase,train
Sl18IgpTavc,ase,train
ZZ9OJqjEywc,ase,train
i6gmpd0vNpE,ase,train
sUTKKeunARY,ase,train
GzbthpHtRM4,ase,train
4fh1TBT5uvg,ase,test
pozFdLNMyng,ase,train
0_GZno2aLvs,ase,train
qkNuPrtVegM,ase,train
VrTg3EXUoGw,ase,train
PLjTY2lCSvo,ase,train
tlnOzfyQrhk,ase,train
iCZckyK1ULw,ase,train
oxujlNE0Ouw,ase,train
bfrnqa2Mlwc,ase,test
oyDdlZ-kxT4,ase,train
aoLGO9__NQw,ase,train
LOqxtOloYOI,ase,train
oWU7BXrEA38,ase,train
OncbFkyVHVo,ase,train
9Q7kvUugiRc,ase,train
9g4K7ShPOiA,ase,train
0xDPxUe8uq4,ase,train
93opvQhVq3E,ase,test
efypb4Ssyk4,ase,train
0eTEat0pFsY,ase,val
NZrDxqbrPdI,ase,train
oa_tmJAkBRw,ase,train
-RvtCqr67hM,ase,train
I8HjHMfk8Dw,ase,train
y3pLI-g1sAM,ase,train
vYyzwbk1gzk,ase,train
iJs8jIPAu9w,ase,train
q148q1V6R84,ase,train
eqTMKF-Pf1A,ase,train
5dDJ8f7O_Zw,ase,train
3W8IRgjpD5c,ase,train
_Q33iVCl8ec,ase,train
CJylT9hKHrw,ase,train
stZ343fIaA0,ase,train
fYDsC8ciW6w,ase,train
hyMe3k21y2c,ase,train
B8WKe80sBvk,ase,train
wbrl-PW0cCU,ase,train
EGg5FJvQihM,ase,train
rwV7eNmR0vc,ase,train
qgwOe5BCfbY,ase,train
jec3duZam1U,ase,train
DpxZu-kZ_iY,ase,train
-xUT96eNCNc,ase,train
YqLfUfbhQ0k,ase,train
lQmZJGfkdM8,ase,train
X1-L3Gl6pt4,ase,train
z4PZ5ShtP9s,ase,train
qNg4exWg1cQ,ase,train
NhiiLwneDjM,ase,train
pTcPa6OPhLU,ase,train
qqFpHBt5KXE,ase,train
5yXIDxZky3w,ase,train
5t_c8homZ4I,ase,train
ZfaIXd7Tsv0,ase,train
nJwb1QXlR4M,ase,train
e-0w9Bbezbs,ase,train
7zZ4OQiQ63U,ase,train
0cwU0THP_-g,ase,train
kk0dgS5L-UY,ase,train
FbXWoE4NpxI,ase,train
fEnNTqHC2PE,ase,train
F1FkbruiHy0,ase,train
Nigrg-kqQaM,ase,train
DUjttWRVKBs,ase,train
RQ1-cY8MRSg,ase,train
-I1wLiR9ZCo,ase,train
NI6A4NSfFyI,ase,train
YXkI2h-u-gQ,ase,train
qyWIHPmUKrs,ase,train
VaXzdoSm_ck,ase,train
Pt_DGzIZthI,ase,train
OO3WHD20Iqw,ase,train
C3PEQxqr9H4,ase,train
VjVYXNanZEY,ase,train
_e81vUZoDPg,ase,train
XmB2OVT9ymE,ase,train
jtrW7FMJxoM,ase,train
De0jUgC8IBM,ase,train
uS2DnHK1wHU,ase,train
sFRfPe2jRvM,ase,train
lu-HYd5JCvY,ase,train
KTkhqNN38JU,ase,train
kgvcbeqUEJc,ase,train
ewmqSUAzgg0,ase,train
Z2hIzOmkQgM,ase,train
yKsx-dxtJac,ase,train
gYGHcpbvVcE,ase,val
xkKcFOtGjwE,ase,train
xhk_dTHg8cQ,ase,train
txUTwqrzyFQ,ase,train
-Drj2_qHVPc,ase,train
6zNWZ0CsM9w,ase,train
oZy0wnahZcY,ase,train
Tf10ES-Z8GE,ase,train
X1p8n8enjVs,ase,train
tDxLbvYGdVk,ase,train
FvoaaRr6kpA,ase,train
ceHO2KMwiuk,ase,train
lWRz3l75NFw,ase,train
WuNXuygZ5BY,ase,train
TSbmKRtyUWk,ase,train
TM-xpoTXoMg,ase,train
Vd7AbpKODUI,ase,train
j81I5Ui2Yes,ase,train
RAfy5JDUb1c,ase,train
MUEuXuqmq3c,ase,train
bjXmapzeS5E,ase,val
cusKACxRQPA,ase,train
Q_m3_9T3nLI,ase,train
6Knj2GYcfDo,ase,train
hGZ-6xYJ4dM,ase,train
TxJBOhLlj3s,ase,train
QcDQuT8j3xU,ase,test
zNDNILzoCik,ase,train
N0BDqXDi8Aw,ase,train
CEAzNzTJU8k,ase,train
qpUbL8m3pnI,ase,train
8LayGLoe6fA,ase,train
1_8IAz0wQFI,ase,train
v8PetvBihaE,ase,test
3keEKGAcSts,ase,train
-08YevSsRGA,ase,train
9nJAWuiJGf4,ase,train
op6v50JaP58,ase,train
S4ZEZ_RR2eE,ase,test
6xYekeZdoFg,ase,train
0fp36SOjyI0,ase,train
3liPJV8uIsM,ase,train
OoklPOoDfpo,ase,train
cu6sopsOlO0,ase,train
cpp3NPuxEEg,ase,train
CxnHx_DeVEQ,ase,train
OykTDvl4WOA,ase,train
aUNx8AonXmU,ase,train
SaoTdSVEtwM,ase,train
YFZgln5JN48,ase,train
ueqSr0GmrxU,ase,train
_IdA0o-73G0,ase,train
n6hv4VEAkyg,ase,train
TIGWDKbCd2E,ase,train
dDWBBxGkbwM,ase,train
GfpuMAAYZRk,ase,val
wQ3BIpTKtvc,ase,train
mnKOLfhYTcw,ase,train
PMCAofTRPWI,ase,train
SQEkCvCxX5E,ase,test
T6eip8017ck,ase,train
oHzZpDld4bY,ase,train
7g9ZlafNMLY,ase,train
q3Gnj5reAJE,ase,train
mmpwGPReH5g,ase,train
I0eolXwp0GM,ase,train
HagfdyDgLQM,ase,train
SFMyHnItdfk,ase,val
waA6GehZwj4,ase,train
nlhqGh_P_4U,ase,train
_-TNjk-toV0,ase,train
hLIdDK2EphE,ase,train
XctMuBpT1Yc,ase,train
JLKRvhH9dIU,ase,train
3xe_MyGFmSA,ase,train
SLjwhedAGeU,ase,train
gJAT7Z3k2Zc,ase,train
3KqiN1DM840,ase,train
Lq7Ta4OhIEA,ase,train
q3PYoWDMUqE,ase,train
i2wnyLnnFwg,ase,train
8QYiVSltL6s,ase,train
sQqY4OOKhDw,ase,test
5LeI8PGKtFE,ase,train
sHHQDP_VIgI,ase,val
BrlaGWeFHuY,ase,train
p2QiWLbkFxo,ase,train
tW_SoCCBxT0,ase,train
6WwGArDBEzc,ase,train
lO2pu9Px6h4,ase,train
H7-sU1vQtYo,ase,train
ZLh_M9D5whY,ase,train
_J0lg-6V3mQ,ase,train
c9iqp0gpfo0,ase,train
MmiZlS8_Gyw,ase,train
y1yxAtgRJvo,ase,train
rLrJTcGDMJU,ase,train
vfx1xa2hV9Y,ase,train
Jh4fwG4rdDY,ase,train
dfQGIAO_hs0,ase,train
-JL1U7LikNM,ase,train
0kgApv9qzQ4,ase,test
HW48eZNYJ7g,ase,train
sYFphhMhTIY,ase,train
uqC6EwRwvZo,ase,val
i2X4E3tl_kU,ase,train
hvvqROzCjyY,ase,train
ndrSqctP1RE,ase,train
8Q3EILcK6EY,ase,train
6DVdUNiEXRw,ase,train
-recZoqmZtY,ase,train
fuosLPYUr50,ase,train
vdEXsmAe7F8,ase,train
ehd9BPMPWN4,ase,val
tL3jvSy5Oaw,ase,train
Yht6GOIUi-o,ase,train
WTa7Qbx05ik,ase,train
OfnKemSH8Hc,ase,train
FmY_ZRM8aUc,ase,val
mZQeuTse1fQ,ase,train
VO8Yd5RONQs,ase,test
f-eyiMf9_ms,ase,train
QgM6zYEU0wU,ase,train
zjPQevu62aU,ase,train
AsyJTikC4Ek,ase,train
FlbqksLXRt8,ase,train
YvBbfAILBcY,ase,train
ffcUKqDhrjI,ase,train
Z6H1GKicIus,ase,train
tGhpWIcvrXw,ase,train
LlUIMkM76ww,ase,train
YNe2LyEASm0,ase,test
GMiMcAt1VAo,ase,test
q7nu8_uVqGY,ase,train
79JWeoEd6MA,ase,train
nG9XIbOnFWY,ase,train
Ty2_7hA0O4A,ase,train
pHXppjd_KH0,ase,train
whd4lAfKex0,ase,train
OHqjYEV66xU,ase,train
fcemwaO72jI,ase,test
FirUxdnuk9A,ase,train
T6f76L1s8-w,ase,train
Itf9T3GVbE8,ase,train
K1thqIY4Aoo,ase,train
FxpkS5PCLiI,ase,train
b8J50h7n76s,ase,train
ZCFz5TKpwUE,ase,train
2q5Pep8Qcy0,ase,test
EWYYH7HkcvY,ase,train
iBvJDpYkLRg,ase,train
NYyO_nCbKis,ase,train
Dqm9L4B3q7k,ase,train
LaoHvCRP8O0,ase,train
sIN_AWwHD2I,ase,train
1jUjz71p-4k,ase,train
5ybgqCSr3Kc,ase,train
AVuqXyufZGc,ase,train
VqXxmdIbiBY,ase,train
xUVpY0WM7kA,ase,train
di8K0jzo7zI,ase,train
nHYje4sRvwg,ase,train
hBrHICWU_-A,ase,train
qeuuLxW_8qc,ase,val
TJIPvxiEWGA,ase,train
sDA1n1zdScU,ase,test
OtHD-DqkCho,ase,train
X7jjlvZqlak,ase,train
qD6rZcNpV8o,ase,train
uLlFcte08DM,ase,test
sHNXTPLw-wA,ase,train
QVvrIomQj4Y,ase,train
Cm9WG5iNCIs,ase,train
VuXYcauRufE,ase,train
sG0fw345r74,ase,train
g4bdpxmMqhI,ase,train
sFg4g-P2xu0,ase,train
haJX399RX9Q,ase,train
0Ci0fJQ2CRU,ase,train
UGv3gb7wEVk,ase,train
YNUWDORSOFo,ase,train
1wxsbjuyFUE,ase,train
jZExYhv0hLU,ase,train
r8TM-n2v-AA,ase,train
Jonv77HXHi0,ase,test
LO_OgQk9bFU,ase,train
I-nXq2sq_Sk,ase,train
Jq9MAMrHvbY,ase,train
BZyFDx5zqPI,ase,val
nbFFZAnnwZ0,ase,train
Lxp0mvH0CT0,ase,train
_84iZAa2Zpo,ase,train
mq25P3FfwPY,ase,test
vxnKJ3WSXC4,ase,train
RsSitYlXTlI,ase,test
__ujHIvw3xU,ase,train
NcLoxNcRtGw,ase,train
Omkp31vLkJg,ase,train
PbSPISinAZU,ase,train
Kux_Fxg3AfA,ase,train
XJPwFBQApho,ase,train
J54TnnVaMH4,ase,train
xYS73HFUTUA,ase,train
W5CdObeOn8s,ase,train
1xClS2M7UJk,ase,val
oyqXWGYFYSk,ase,train
ZFhlIwjrsJU,ase,train
FsVfQYwSdBQ,ase,train
DhGjzZmPSP4,ase,train
aF6__y8ziRs,ase,train
5s3cPnHt0Ok,ase,train
jBUeKWatGo8,ase,train
aJPXXqhCz-s,ase,train
MTEeJB24R7U,ase,train
NFjJCUF6-Xg,ase,train
TsEYS6HfkX0,ase,train
sY0emg3L7VQ,ase,train
wJlZT9nrJFQ,ase,train
tULMvmZI1FA,ase,train
RNIe-m1W8cY,ase,train
XwiiFlv8858,ase,train
I-GgdkJhepI,ase,train
0isAE7vLBCg,ase,train
xJ0fCd_IN28,ase,train
XRX-mgXmcS8,ase,train
vBX-sUjtUh0,ase,train
klfhqb-oHJs,ase,train
AfGvZNWAyu8,ase,train
hG4zTQXqaMU,ase,train
2FJzOMCBLs0,ase,train
C9LGJV0UovA,ase,train
nWqAwOh1xc0,ase,train
EpCRzMGFFPA,ase,train
_jlTKLuxFjE,ase,train
fFrpbPEs_KE,ase,train
4HD5UKMVhns,ase,train
bOT7G7gy7KM,ase,train
WUwXYaQ8bg4,ase,train
qfupprjMris,ase,train
V0fottgqdPY,ase,train
S4RGALlibCI,ase,train
D-PD7dPv0Yw,ase,train
OHqq8VtXBAQ,ase,train
_jcqljn84ho,ase,val
_2vPzp2sBk8,ase,test
-6Ir0RpdQSQ,ase,train
ryqHlYtagYc,ase,train
Us5OxBRpUrM,ase,test
0X0OsOoglRk,ase,train
FADaOkYmWuo,ase,train
ApwxdbyKZM8,ase,val
UgzSdx-NBOI,ase,train
nVvRVaA1rkg,ase,train
V4VhdONLR1Q,ase,train
uFXV7lH2eQ8,ase,train
MnFXDs4IyjA,ase,train
iK8PkjDYt-8,ase,train
f0l88mU9PEU,ase,train
j6ggtJMd7yY,ase,train
e25FRamaOCA,ase,train
0uoM-NzeS6U,ase,train
UhfCzUkQHmU,ase,train
8oblu8TfBLs,ase,train
YJv9aDujEJI,ase,train
PnVpD3mk_Aw,ase,train
9Hj1hiQoWmM,ase,train
-ToLVAetuto,ase,train
yaKC_KUmBEY,ase,train
2KaU9ZHE-jQ,ase,train
xZz7hVjAbRo,ase,train
cC7ys0wfc34,ase,train
2Ok35WNbGr0,ase,train
CeApvAfseXk,ase,train
6ZCBrLGTwdA,ase,train
CN1IJNUnLYo,ase,train
E96tdGBlD2U,ase,train
HqaID5kKipY,ase,train
F8dZcuF-1Vs,ase,train
ELoP3lp8KhY,ase,train
c8RNDPEwoyg,ase,train
oq35KietjRc,ase,train
c0uJrbFV79Y,ase,train
7oWuF5oD7pQ,ase,train
YzpbhheW5sA,ase,train
NtxuXlLaIuY,ase,train
zvPD1WiJuSg,ase,train
EvByfgS-elI,ase,train
6GAjoyauXmQ,ase,train
PdGugC0lr7k,ase,train
_iqyeFFyf0w,ase,train
xkPuuHLcj8c,ase,train
xo4pUhC3DD4,ase,train
5PeeiHwYUF8,ase,train
aHqBPNqDOy8,ase,train
k-7b8LyJ6iE,ase,train
L6z9RcP7etc,ase,train
F9GHiWmdLLY,ase,train
uyAkvUUJGYs,ase,train
2zsTqgfWUuc,ase,train
KxmBtZT_3pU,ase,train
5OMTBLuotmA,ase,train
1fGB_SSJQ9g,ase,train
t2uEfbG_tzo,ase,train
IkscY9mM3js,ase,train
TXI_B-AuO3A,ase,train
NtsD4zB-Lck,ase,train
swooeJNOxDA,ase,val
mZy6lAB3ejU,ase,train
qpiT61c1pH4,ase,train
Nw6pI4xXt3I,ase,train
vxSThWX-mog,ase,train
HFExc9GIxqg,ase,train
F0yUfI8NYXw,ase,train
JRZjIwVXSt8,ase,train
qKHUmlbADZY,ase,train
e5zRNqCgk3A,ase,train
gMLyCuS1GPE,ase,train
Me2B1TLD6ME,ase,train
wz2GXydT8Wk,ase,train
FyHnUhZ0R5g,ase,train
0Ej8WzOOihE,ase,train
3NuH3c7Vb2o,ase,train
2RCWXpSBrTE,ase,train
IC6FN1uhSeQ,ase,train
IbT6riBRWY4,ase,train
t453qBHx1Hg,ase,train
ZIwlehn_UXE,ase,train
A0c_fr8Up0s,ase,train
2KE5y4ZjKeQ,ase,train
GGQGcG20Fys,ase,train
UJm4Or-WA8I,ase,train
0ejRgBDRfbY,ase,train
LFubuSAVtDk,ase,train
-aAza7KSNCY,ase,train
LLePJ7g1Ta8,ase,train
FrkGrIiAoNE,ase,train
97cT984OolE,ase,train
jvb1KTO4kKU,ase,train
KhmaIScbL_U,ase,train
39ZD1Nyl2VM,ase,train
v8omOAUrfCY,ase,train
koyJymj4F4s,ase,train
gZf4R4h-MHY,ase,train
7LRK-JtkLl4,ase,train
ASPR5UwMOVM,ase,train
s7zqxwvCN0g,ase,test
NcYb19KD23o,ase,train
_udupnYZ1YI,ase,train
LSswUjxhkEw,ase,train
Ic7OJIwPfG8,ase,val
jT3vCmv5G1Q,ase,train
HXoC5AN3APY,ase,train
6pqcI8UHpec,ase,train
evJjYlC2yK8,ase,train
1kUj9kqDbs0,ase,train
wneX9uli_e4,ase,train
gxcGCoBb7TY,ase,train
QKmGVv0SAgc,ase,train
21LEakIaTu0,ase,train
_kTxoizOkj4,ase,train
gfrkaNiJU5k,ase,train
Bgw9XB026hU,ase,train
AovmKzzuzFU,ase,train
VegmaoGB_GA,ase,train
bmGRmKO7uoE,ase,train
VSYCc0nMSyw,ase,train
rzc3sGLyKgc,ase,train
RZ85EFnOJNw,ase,train
V1Lacy1yZhU,ase,train
IlNHdBlIrAI,ase,train
0AHX5cp10xg,ase,train
CO87CRxnssw,ase,train
yLyQbGwa574,ase,train
3p9nr2nbLv4,ase,train
4k0mxzmpUX0,ase,test
qhvSp05B0ck,ase,train
g1eN9QJ63Xw,ase,val
J5Gl8X3aG5U,ase,train
37hHVM9hQ2Q,ase,train
2oHiZoXFnoQ,ase,train
3TepOGQJvwc,ase,train
Gqzq6u2_eJ8,ase,val
St8UlUzx4JA,ase,val
j6_fASyM1Xg,ase,train
CsK93bZId1g,ase,train
RB9auQu2TpQ,ase,train
1bplwoxPbLc,ase,train
DGg-cwZ4l-s,ase,train
UsHDAoy-WBo,ase,train
7ubo9h5z1e0,ase,train
OrbX6dcPmb8,ase,train
ma7f5VopE9o,ase,train
1Imodh5u5Rg,ase,train
SWsNWCrVPds,ase,train
pq27W4TWGbo,ase,train
dYdgeTkMDA4,ase,train
KUuywjL0H70,ase,train
emAMeaOLpAo,ase,train
4zeEDL0kKsQ,ase,train
RQXbO91LC9I,ase,train
0lbeqvAtWPU,ase,train
npmBmv685YY,ase,val
u9Q-6fu9w08,ase,train
tPdEuWo_v4w,ase,train
NM6mJDodEp8,ase,train
VJrzCZzEa2s,ase,train
3W6HYPEcqcA,ase,train
LGdxCOA3cII,ase,train
myH3VlpJnoE,ase,train
enlVe1Szy24,ase,train
-g0ln-KzHlA,ase,train
UTLyLaZcgrA,ase,train
9aCz16x0L_o,ase,train
rKgqAq0kh7k,ase,train
b-22s1r3yZo,ase,train
xyp83daIfxo,ase,train
hCFAh_wsQH4,ase,train
uq5BLKszuz8,ase,train
mqXZxyJ2MzI,ase,train
7BdwipaeFNk,ase,train
qInSBdpvy_s,ase,train
ir8rum43jew,ase,train
8l-12Isnz2I,ase,test
Lk1Pd2BiMdk,ase,train
NPEIlr-VU9o,ase,train
fHFuHs2XKpY,ase,train
rSfSGlUdScg,ase,train
9vhpHiJ8Ooo,ase,train
u1NK4R0It3g,ase,train
l93cEn5mR2s,ase,train
yicnLQqcfgw,ase,train
CcGeHxqi5Yk,ase,test
qK2LElSqd_0,ase,train
atyyjWDlod4,ase,test
JM8rO1CKxgA,ase,train
gjOgC_JbnO8,ase,val
SDcTV_Cl_aQ,ase,train
sVm4dJx9wQA,ase,train
7i8YMslcZL8,ase,train
mVEndJGAsw4,ase,train
eMWTN4ApikE,ase,train
pSrOQuegpyo,ase,train
MEOeRCxm94U,ase,train
gj0mPt8OQpw,ase,train
0BA8_NhU0Ok,ase,train
KicFSODOGks,ase,train
wglTWxL_WF4,ase,train
B7msla9Hkx0,ase,train
QGHtw0EjFL8,ase,train
7sYfZ8gh2K0,ase,train
5iXh7FeyXZA,ase,train
a89tDqUHVQQ,ase,train
Sii5DvuJWP0,ase,train
sobvhTBINNY,ase,train
tYguWVWgPr8,ase,train
yQGVFEzT8_k,ase,train
TN4p2YvUWPU,ase,train
JrJjf2bqD60,ase,train
TS_0uiptVxs,ase,test
lRky5Lg_8ZU,ase,train
ZsqtwDvCWvM,ase,train
6EqfkIURimQ,ase,train
arIV4-0KCBc,ase,train
u1UoiYyCw1U,ase,train
Pv8gZChCzwQ,ase,val
2C6NWrsp6VE,ase,train
S1YpEEbOID8,ase,train
jQNZGsqqXH8,ase,train
q_yDusZsKkk,ase,train
sGCZVp1e6-Q,ase,train
wMtfVk43ONI,ase,train
iS8mmgrwH9o,ase,train
IQtSSN3pDaQ,ase,train
CVbtz4HbbTo,ase,train
QRjSCvp2I4o,ase,train
ZPQMsiHs_D4,ase,val
mv2bCfcdjl0,ase,train
IGrp6FB00Nw,ase,val
zCAmtycU5Zg,ase,val
DEsAQXKrRuY,ase,train
5kiIGmRTBTc,ase,train
LcwTnWkhdYQ,ase,train
SZoTBNK9IXg,ase,train
hLnwmOb5o58,ase,train
ye2lKvDYaRk,ase,train
nXB3AL5AcQk,ase,train
afnCyoVquMQ,ase,train
8W7hw_VWLTo,ase,train
0qcPNQtZWSQ,ase,train
RX3SRUt-NNw,ase,train
x5G0A39FGIU,ase,train
qn3wYpmDZ80,ase,train
AWdJhIYawSU,ase,test
Vq6uqnkdxks,ase,train
BNjKkeFnM00,ase,test
QHBtZi0YKsI,ase,train
wqjidTQmWSE,ase,train
ATfIvnxW9Jg,ase,val
4ILaLYKU8zA,ase,train
3aSopXfWK4w,ase,train
q2y3AyIAyX8,ase,train
f5yeD_c-DuY,ase,train
YJqRwnqsehM,ase,train
CIJf8tBC_go,ase,train
tQsOaXXV3X0,ase,train
P0iNjWuPUU0,ase,train
C7exGJQcRhk,ase,test
5DxO5-VyJ4I,ase,train
Wd-yoxlVU4U,ase,train
H3AkvoCccc4,ase,train
9dMk-UviuKo,ase,test
kqr9GJOGMoQ,ase,train
XpcEEjscdtA,ase,train
s4tqSV4KE6o,ase,train
Io-uOTJD8VU,ase,train
PRUuz1fNGzE,ase,val
hcX6Uks3fcQ,ase,train
JRZYfA-IoNY,ase,train
XWM6MRGihGU,ase,train
k8VkYXlrl2U,ase,train
7JQJWOIH4Ko,ase,train
RSxM1qFWiiI,ase,train
zdryyqBA-CY,ase,train
HoV9oO3nQfg,ase,train
k7SCGs8bAaY,ase,train
73F4LwkQDPI,ase,train
4MJfJ2S7j-A,ase,train
jDqzuQKn4Gg,ase,train
scnh5iB_N_M,ase,test
jZz3SOogKbo,ase,train
SNe81X8_N64,ase,train
1EkVDWQCZMY,ase,train
M6OLhFhklI0,ase,train
CPTMseGLuVA,ase,train
bWoPX_iZ5X0,ase,train
4osv3yeQGZo,ase,train
FDl8Ctz0Ys0,ase,train
v4XY6ILOLiQ,ase,train
duvhQiIL8A8,ase,train
NvKR_YJiYpM,ase,train
8F6BKMDyN2A,ase,train
RmaJ7Vy0_nI,ase,train
07SlkVYy-Z8,ase,train
l14wofwazt0,ase,train
dzyxOQlrn28,ase,val
rM6rZfFwZNE,ase,train
brh4Vh5MNT8,ase,train
YeURXJ07vyQ,ase,train
UzEL9ogyj5g,ase,train
Cb1XfMeU9rI,ase,train
QbOMYaeI9XY,ase,train
EWbqmxzW4qo,ase,train
e2OmBjawOiE,ase,train
OUHNZaDMhIc,ase,train
csQMw-tUfL8,ase,train
8XMINMzzNqI,ase,train
UilttZlLshc,ase,train
M-F5OC8YCB4,ase,train
q0_VkVYSD0c,ase,train
thN6s95i0tQ,ase,test
fUIXwLpXoSk,ase,train
nM5qQGXGB-o,ase,train
h3ja2aHkqTI,ase,train
ccxs2Y5Xp0o,ase,train
YhEpV_Mh7hQ,ase,train
F1R1uDxa5Lg,ase,train
7w_le4S1muI,ase,train
xprY5s2KOBQ,ase,val
tmP4XEcseKc,ase,train
IK8VLpz6cSU,ase,train
Dw8Iuj0ljYQ,ase,train
T3n-fNsbwck,ase,train
2-GTXG4Mm6M,ase,train
UA08H5k0K-o,ase,train
1tA6_UloDUY,ase,train
YbKjEfQuokU,ase,train
f8XbCSFYK1A,ase,train
tsI4_jrkorg,ase,test
vZY4vI624cI,ase,train
HDU363tYjrU,ase,train
JXDXdH0zjaw,ase,train
F_AxSIhBm_E,ase,train
kGf9ELfylQk,ase,train
j4ZA95B_zIo,ase,train
AlEkc9x7gOc,ase,train
eDH2i82JHWs,ase,train
yyAOYOUFogU,ase,train
a6xtqjSM3uk,ase,train
W147J5m372c,ase,train
UBjjAGPMA7s,ase,train
1pKqO7UQX0Q,ase,train
ZHo_QCL2NOg,ase,test
zVxkC0Uo-0U,ase,train
zB5MS7H7-Og,ase,train
Kwb1pv_uNog,ase,train
AFrr2qU2rX8,ase,train
wfTSqV1R0tY,ase,train
pPmXfje-ink,ase,train
Mpy-jXhOruU,ase,val
goPcEY_ET0M,ase,train
bcrBjYk-fuY,ase,train
NqRYaO8ILpg,ase,train
2X_08wkPUcc,ase,train
g8zqeZPGK8A,ase,train
R87SHj3y7PY,ase,train
5KfX7mc5xgU,ase,train
s9-skXs1Rrc,ase,train
ktFq3JM6IeA,ase,train
MRPh-W0IWS8,ase,val
D1txDqSMN1c,ase,train
AibYaNWkFoc,ase,train
3YO2I5jny3Q,ase,train
G2ZRJ2DY9lg,ase,train
uoPK7JZHSZA,ase,test
1vBVgJlfNRM,ase,train
fBsdeQdr6pE,ase,test
zV3V2zIXjDo,ase,train
opWA6ximoDU,ase,train
TJnIHFmy4Js,ase,train
48qbULpkTiQ,ase,train
qqcIYK9h6Dg,ase,train
VneSAU9o4Lc,ase,train
pJpma4XPgnY,ase,train
WDs8yIEF1Tw,ase,test
2k7Du9zG02Q,ase,train
UCuyC3JttpA,ase,train
blrbhVdFeyE,ase,train
Riv0xiAT5Rc,ase,train
oXEL5a9cyYc,ase,val
vdBzCzpENG0,ase,train
xXvXwPf5K7I,ase,train
ztDzQQ9RZpU,ase,train
C5F1DYI9W_s,ase,train
GERbmxiXoxw,ase,train
QUA3Hsw8G5I,ase,train
cOFVy_dmG-Q,ase,train
yDFUUShcnFo,ase,train
X6pFxvho2q8,ase,train
1SbyJ6UQTIQ,ase,train
8GIt0Z3S8GU,ase,train
v9jXuD__ZQQ,ase,train
o9weZl8TFzw,ase,train
kF6Ofcfuqok,ase,train
2VFCHM7D8-I,ase,train
ASaI0BWiiQM,ase,train
VNS0KCywLmQ,ase,train
501jCR0yNGs,ase,val
v0i_sCzMiwo,ase,train
5o_cnCGndKY,ase,train
zu-TAFZVO94,ase,train
3Gvb3zmiaRc,ase,train
jFNWeZ8Pe_M,ase,train
2y0dMaMOrcY,ase,train
cFtwUz8AHCE,ase,train
g6x1zR7LleU,ase,train
h3n2OGEKoOE,ase,train
6vCmLof7h6k,ase,train
dVcUGlG99Yo,ase,train
h_anlt4owQM,ase,train
OISoKdoAlaI,ase,train
mpnviFbYTnQ,ase,train
mzVPKU5O4Dg,ase,train
yOQOlXdyrPw,ase,train
KLZ41Zf6fvU,ase,train
_xY2djyi0SE,ase,train
UpL_-dfKsdQ,ase,train
ZtOIDvO3Q04,ase,train
d2WI_n8LjEs,ase,train
Y_3bcC6MRCM,ase,train
j5lMmECALOc,ase,train
HIm90dzmhv8,ase,train
QIowP0T58W4,ase,train
_aIL2GYIgC0,ase,train
pKCs42s3iC4,ase,val
vv_WE6T6sMw,ase,train
a9dEF-xUdog,ase,train
ZCH5OoNB89A,ase,train
vcD7nMO_F68,ase,test
QPz8zqRDLK0,ase,train
qUmdM965Si8,ase,test
9lxNEN_f4Vg,ase,train
SnhV4noRr6U,ase,train
obE-Dt0Yr7c,ase,train
7ncLs3uD5_Q,ase,train
Kv9TGDzsJA0,ase,train
8RNF238U8kY,ase,train
LZTbETiMqz0,ase,train
YGdg-HsPDcw,ase,train
7rVVm_xWArs,ase,train
8m7ITQpkIq0,ase,train
e-OiQvMLPfg,ase,train
V0WZZv8STWw,ase,train
jZEmcHK8Zk0,ase,train
KZ1OrwXL3Uk,ase,train
DZqDgdHgJyI,ase,train
Nm7VGTetbBg,ase,train
9NxRo_m-0sg,ase,train
JngCKxrnvwc,ase,train
9fxFKLv4tCI,ase,train
Eij9YCbov6U,ase,val
5RsvP7P64QY,ase,train
Xwe3X0ADYpM,ase,train
QrhSealkmso,ase,train
9nXjo4asyAI,ase,train
oAqAwc5nvwQ,ase,train
2QyYvs6BZGU,ase,val
PTLcCB5jacY,ase,train
HoVIMT6F7-4,ase,train
NPaQO_j6McU,ase,train
JLkJVh25Ex0,ase,train
I4Y10Locp8s,ase,train
8W8TLY3C3mI,ase,train
NR0o2V89DB8,ase,train
4EBzrK3gwcI,ase,train
HHHpCZRlRv8,ase,train
vSx01v2KByc,ase,train
w2UrfnWZX9A,ase,train
VCs8QP_dagQ,ase,train
trtNlZpnrYc,ase,train
tPa1JOpXQdc,ase,train
ZUWrHc3iQjQ,ase,train
Z1oSnUcVG-g,ase,val
YVopHvng01k,ase,train
kwwMFDXo9mA,ase,train
jRiC5ZvYDVA,ase,train
7dv6tGPsvWU,ase,train
DW6qCRdxm0U,ase,train
rI-Ydrs7tLU,ase,val
tiU0YlzEBLE,ase,train
Y_taTQu2OqY,ase,train
BvFeQBbIaHU,ase,train
WwhGJUMnJac,ase,val
u9mFBI3nC5I,ase,train
NgxdBPIuoFY,ase,train
vsbIN0w-NtE,ase,train
oC6zAz4z_lY,ase,train
yN-gLeDBCjQ,ase,train
SQM7CGgrriA,ase,train
7VMmp06qrC4,ase,train
RjjbFQbLvpY,ase,train
AinzntwQq9o,ase,train
H1QbXBtQCsc,ase,train
CQT5rC-OrnU,ase,train
sUuHLWsCMMA,ase,train
U5Ngtm39nmY,ase,train
wd7eYkLjmz4,ase,train
Y4_PTGKXmCY,ase,train
JhG5WRmhV8g,ase,train
Lzs6xfow-BM,ase,train
4YcobEbFF1c,ase,train
qvkocaqJn4s,ase,train
0xiv9y2bh6M,ase,val
CTmzD9JiftQ,ase,train
ZvO7g4I5ngo,ase,train
2rb9p87RW8U,ase,train
aygVGAkk--8,ase,train
kQve3X2ZbsI,ase,train
jDPdasI1Zzc,ase,train
rHuI_K-qapQ,ase,train
fU93MgdtisM,ase,train
isxA_biZ350,ase,train
n-LPbe9qD_s,ase,train
Ymz-ZUzM8_k,ase,train
hMWfAitG1Xk,ase,train
gwhe-NQ0Mts,ase,val
WbtHAiWPYOQ,ase,train
mHdcuPAm1Xc,ase,train
kAW3UIoJW_8,ase,train
fF6p7C3kAXQ,ase,train
aBj6rsSdVss,ase,train
tH4MgWEGpeQ,ase,train
TY5oDPzrLCg,ase,train
nkJCItfGMYg,ase,train
mNRC502L7YU,ase,train
47805X9LIrA,ase,train
oERh3x5IGB8,ase,train
-I6g4CclrbM,ase,train
1BYNS2DTlL8,ase,train
vTJkmvG66VA,ase,val
0NL5n5RRckY,ase,train
Zf1b2ugqmbQ,ase,train
nkC5CuR8Eyc,ase,train
KF1JgFDZ9vI,ase,train
jUcS6kivGiM,ase,train
WJFXETGWd6M,ase,train
-KzPpFc9dmc,ase,train
1v96gUdezg0,ase,train
4f_XWtWPdJ4,ase,train
o8U4FADlT18,ase,train
RLfslaMS9b4,ase,train
XT4IRmjPI8U,ase,train
SDcbu1swYCA,ase,train
hAsEPlJ4NdY,ase,train
j_49NW36bSI,ase,train
HAF9QPcQlpg,ase,train
x6Eo8IR7UZI,ase,train
MivWAW49gJM,ase,train
afxCV-ZUKxM,ase,train
_fVEAnoxehQ,ase,train
PO0l0RV1Vd0,ase,train
u1lqPZro3TE,ase,train
VCjZtwy9-dM,ase,train
tnfHxyqgt4E,ase,train
qEG7GUgvhgQ,ase,train
rWfxeUl9_Cc,ase,train
phbGwIFTtr0,ase,train
tOReJ6SRJz8,ase,train
FpwT4d9RQMY,ase,train
_hl1pIaNcgk,ase,train
fEWAuuIqDdY,ase,train
tNremkVDjCM,ase,train
u4nOgJqmlzQ,ase,train
1OuTrwECc5U,ase,test
v-xjeaiiNB4,ase,train
ANWeV0zA3V4,ase,test
1n2KW6eoJ3w,ase,train
YsHHVZBHHKk,ase,train
5tlnyAAlhOU,ase,train
WLNnq1ZKPOY,ase,train
XCkS3PrXdyE,ase,train
DkX9biV68VM,ase,train
YdPyGNZjOPA,ase,train
AHGTTRljGk0,ase,train
dj6Eh2UFJVU,ase,val
ZcOySMmrZN4,ase,train
zsuJvbCXHC8,ase,train
rFe_md6dWl0,ase,train
0BHoVLAq6EU,ase,train
CYHtlrLpCZI,ase,train
UbT7EL-y_hc,ase,train
M5SEiM-n7-M,ase,train
uUCskLEMydI,ase,train
kF6Kt9C8zD0,ase,train
EBnfbJJf3F0,ase,train
-R-MGR7H_IU,ase,train
QsNzc26vrDQ,ase,test
bAhZr-L-jRY,ase,train
ySEeRoJKj48,ase,train
0l09uQ4hCDk,ase,train
g4m-kn51JMk,ase,train
-osma2n86oA,ase,train
SEbyN8XE2jY,ase,train
OsgCpyMRR5s,ase,train
wCBNYjAT8Sw,ase,train
6SfPw8w-6Kc,ase,train
Wdc6dX7iHuY,ase,train
_qO-ybCQQFI,ase,train
4rTPKsS3tY0,ase,train
GmFUcPynMds,ase,train
fuo6lJexyEk,ase,train
K0AEGJpXCiI,ase,train
dcKYIltIwn8,ase,val
GCPe2EZDCQY,ase,train
NjozQky9ICc,ase,train
kbZR8rf2q7k,ase,train
3LonlV0RbVE,ase,test
yxwd9D6q3so,ase,train
zEt7aQgOsSM,ase,train
pwEWZtVZWPw,ase,train
C_Oe3FlWyYw,ase,train
c6TFK8c6g88,ase,train
VF2y_YW6PPY,ase,train
nJNkQGK0xt0,ase,train
erj7MwfrLqs,ase,train
JB-vtDygVlw,ase,train
LfyWAi9nNpM,ase,train
iHoq8IUKwWU,ase,train
0eGPxYsGQ7s,ase,train
dTHgqvbPUqM,ase,train
O_OM_nSlB9A,ase,train
7W7HdXz3ZMQ,ase,train
HOUovM0wKZY,ase,train
AMcuEIP8qnY,ase,train
uwrCHDoRnPE,ase,train
hXcOfwyp9s4,ase,train
fh2kcty5b_0,ase,train
1OO1CuTR0tg,ase,train
Is7JECwXVNs,ase,train
FgglyKPSOm8,ase,train
V-eREUIzE90,ase,train
zQ6IMNslogc,ase,train
wqtW83sNjBo,ase,test
U_lPPDaBJPw,ase,train
SjfrE_FD1LY,ase,train
myCFBB-AJzo,ase,train
nJmHDXWvALc,ase,train
JeZZTAIyNIw,ase,train
_Y0HCglL4HY,ase,train
G1aoZKmFyFw,ase,train
tm3ThL4CQxI,ase,train
AVC9ZOd5PjE,ase,train
oAmdBk1bk3w,ase,train
oKw5q7uNImg,ase,train
72NoGdKD9DE,ase,train
TmMOU2o6__k,ase,train
EiAjS21G7iY,ase,train
wUaucukI-W4,ase,train
KL7vdKtUans,ase,train
QYHhCLURwRg,ase,train
zRiW-AJV6mc,ase,train
EJmTUOapU2Y,ase,train
LNJOfCvZHwM,ase,train
KLo-vhsGcyE,ase,train
FGtmx2O3sSA,ase,train
p0ynpuKCWgU,ase,train
Zg9G6DGhJD8,ase,train
DJC49b3wLoI,ase,test
G_JVZjJ7b9k,ase,train
OinAHQrDADg,ase,train
dausoj7M2H0,ase,train
g15wEHeY-Zs,ase,train
ROXG3tLjkbU,ase,train
5owlxuwaWZ0,ase,train
9kCHvk52qS8,ase,train
5wogHRh9fdc,ase,train
W-nJwCpUxqw,ase,train
3QArrQcG1aw,ase,train
z6Iwls7Q1e0,ase,train
fGDltEc0BLw,ase,train
sScCOXeRoK8,ase,train
dQVFKWxoPPE,ase,train
fayRUPA7bLU,ase,train
9GrK3P15TYU,ase,val
wjM74dTEIaE,ase,train
7LmtwmnUmG0,ase,train
QgfHc8-KLn8,ase,train
d32JIQX1keI,ase,train
1RcXAeIRKnA,ase,train
D6_QuGFMur4,ase,train
MqgHepRNKzE,ase,train
K95An8TX6mA,ase,train
stIZQ9LIfZQ,ase,val
nvyuLkoq_a8,ase,train
9bloZp8SEl8,ase,train
mp01xqOVlVw,ase,train
cXHBZ4Yx6DM,ase,train
lWXMGe8xKvo,ase,train
o2fwjhxAeyU,ase,train
DxBvESIBtKU,ase,train
VYZNeKkhYBU,ase,train
pEbnzAGs1aE,ase,train
MX_P_XE7TnM,ase,train
BeTQ0KTPusY,ase,train
Ycax6eIA-Uw,ase,test
N_nrafnMa1o,ase,train
Mprop7RRgUo,ase,train
RqGOflTJDg4,ase,train
lWZOXnpu0mM,ase,train
LLFNy0_bThA,ase,train
JxBbNtcz3Rs,ase,train
yl3lXP2vmZ0,ase,train
iEp8dukDwUM,ase,train
6dnQzhmT4Qs,ase,train
B_9sDeW5RiE,ase,train
PnkK4523Kr0,ase,train
Wn33a-p4f9A,ase,train
5sAiD6_POyw,ase,train
FTQ22drJyXY,ase,train
GIEy0xLj2YI,ase,train
FghQ7iyR4s8,ase,train
GZ6kkWtj72E,ase,train
ywR6tnX4udo,ase,train
ZiW815f6CV8,ase,train
f9thdTgRQro,ase,train
H2jGizjxTBY,ase,train
IxwaaDDS91g,ase,train
CgX9jSEwnSg,ase,train
BnHoDUmHf6g,ase,train
C0gyAL1oZBE,ase,train
Kn54ZzC5XK8,ase,train
1HuPqSmEZTM,ase,train
zu157iOMZL8,ase,val
EH9_mh_dj2o,ase,train
OPrFbSoKuvo,ase,train
AtE4W20PIeE,ase,val
6ehTvhZxcIM,ase,train
4U6czm6RhMY,ase,train
kVze6Ixqs5Q,ase,train
B-4QDMpBl7M,ase,train
ooH1Ow7rsOU,ase,train
jxqMITKV9oQ,ase,train
FKqSCLxk4do,ase,train
jRVWYcXiw4E,ase,train
LwP90tHSG4Q,ase,train
WDUShVSo5TA,ase,train
9cvys1CdgIk,ase,train
lX1vNKW3Tpk,ase,train
jyGFcKuMaVQ,ase,train
3uzrcKJ2ciM,ase,train
PDcp--2wEgg,ase,train
PicRI1F8Sug,ase,train
sjsgWFuJmU0,ase,train
0w3jvcEm8DE,ase,train
gbK-e8TbuAY,ase,train
19bjlnkTTS8,ase,train
QIVR0CXjGS4,ase,train
s9hdzyPMzuw,ase,train
cEjFkEU9tHc,ase,train
f4lf3KMCL64,ase,train
m91UKEtCydY,ase,train
_OPcGmuXwvE,ase,train
CoTy9r8Malc,ase,train
v4SBezFYlvA,ase,train
VpXLsih3ZEY,ase,train
G_LsdtcOGaQ,ase,train
LgSsEMtutSQ,ase,train
gc15Q20HYIA,ase,train
lG4fDeWYGZg,ase,train
jCv8sPCEyWU,ase,train
kJYlvdxst8U,ase,val
hvnEsfstnT0,ase,train
30iVQtAM-2o,ase,train
he23l7hBi2o,ase,train
bmjWwcAOtKY,ase,train
ZTLxdtFdSac,ase,train
E8ItYNVJEK4,ase,train
puLj1HNaxZU,ase,train
AiQKstICNYo,ase,train
cnSzpiI2R-o,ase,train
d0z6Yso4nXA,ase,train
THJn8GPBerE,ase,train
VW8QxrSbDUI,ase,train
WgyUzvj63XU,ase,val
luDqaBcaMMs,ase,train
GDTVB39vRRk,ase,train
gWeQ41FDfKQ,ase,train
AP1ednWSNwE,ase,train
R2AGHcKbP1Q,ase,train
ElZl8ci3jdQ,ase,train
JgxqL8aSodo,ase,train
lcYCjrsgQdw,ase,train
-lO37g6G_I4,ase,train
uOS16Uj5Exs,ase,train
z5I7D0SCz7c,ase,train
NexccXY0qFA,ase,train
447vFFcN06E,ase,train
JEOzZ7kD3HM,ase,train
nZUCEVg1Jx8,ase,train
Xzb1muMxs2o,ase,train
psHNJGztZS8,ase,train
h0zI1XMDAZM,ase,train
s-3ivdFRkf0,ase,train
vbV-q44f1xo,ase,val
3rqCYTbYChc,ase,train
JdcUftByvgk,ase,train
TgUZBXMXWbo,ase,train
SlV8VQo-mVw,ase,train
gD_idE3AfnY,ase,train
QhiITzG19q0,ase,test
gzpGgAKWN1c,ase,train
v0Qi0uj-0Lo,ase,train
jrlslBxEWPA,ase,train
c0H2duuiECY,ase,train
wGueotVFgbw,ase,train
Dc_rCwjxPME,ase,train
8wQCuqnR2-g,ase,train
B2w9Ifu7ADk,ase,train
w37hMWgO7ds,ase,train
drllHBbozT8,ase,train
_1rPb7qQ7eQ,ase,train
S6sDI6pLhd0,ase,test
gF_w-ql8XV8,ase,train
BdvmJ_5sj5s,ase,train
EPMrmCY2kzc,ase,train
HLzL1u3OB2E,ase,val
sWk_MvW6aTE,ase,train
3djiETchgY0,ase,train
YuwiqHsVOdU,ase,train
1cUOX2P1pbE,ase,val
vYnFoDgK7GY,ase,train
Z8pXdM_11vE,ase,train
AfB11sYBvRo,ase,train
Yu_tRFNztRg,ase,train
eEwGRPnbYQ8,ase,train
MbYL3JJ9Dxc,ase,train
S_g9DGOViEQ,ase,val
nca0uQax9c8,ase,train
g3crhaf5E8Q,ase,train
yS2zvO1Gelw,ase,train
yIsPr91x9sM,ase,train
iDaDrFydZZo,ase,train
BRXNgb7glic,ase,val
Y72Ri0BvkRI,ase,train
ViO_hIssllc,ase,val
gKlUplTMXpA,ase,train
v1vfJ2Oe0NA,ase,train
gNYBZb7pQ8g,ase,test
7qcK_TtvH2s,ase,train
jlzuLK0L6JY,ase,train
Pgm65X-1vzY,ase,train
sN0sW3uVTh0,ase,train
3U2HEbWIT-Q,ase,train
emIZG6QYvM4,ase,test
MVotBAHFNn4,ase,train
aqqa5Dljr7A,ase,train
ql6u-zmeqvk,ase,train
zhGPGSBMEUA,ase,train
8IVsiTd5RZI,ase,train
w6qN_F0ckHQ,ase,train
I_AQsD97Vz0,ase,test
Nv9eaHanSYo,ase,train
45FkgDJ6tZY,ase,train
DI7ZKmK0pgU,ase,train
m1sn48PkwtA,ase,train
UWJJJWU7qpo,ase,train
Od6GgDBbSBI,ase,train
-4Yf9VpRaaI,ase,train
9omjvfV_0LU,ase,train
ZVv4446wM4A,ase,train
c4dQimhNtrc,ase,train
O-mOrsrfbJE,ase,train
5L2YiVxkyLM,ase,train
rWq1Z4nAM2E,ase,train
lvJV1wO872s,ase,train
N_4UqG3ez5A,ase,train
UR1a1iZeE6U,ase,train
SjvKeBJwAGE,ase,train
6xe2_eQI9pM,ase,train
WjgS3d4HuiE,ase,train
sqYJrCoujoQ,ase,train
6cnUkoWovG0,ase,train
KVHnBf0catY,ase,train
VE_YDwmTTW4,ase,train
e7jygR7c4Ls,ase,train
B8rLoKcl6rA,ase,train
dyFVYK7QT2w,ase,train
8jlpbD_o2yM,ase,train
RpLw10jbdMU,ase,train
mgeK9Hk46IQ,ase,train
qx9s5CJVomc,ase,train
i0WmGv6bsvc,ase,train
EfdaDigtGY0,ase,train
OdMoR89yofI,ase,train
cKaWBedD49E,ase,train
BWy2MS2f8uI,ase,train
w_JNLbDaCxs,ase,test
bPaj-kSitac,ase,train
_RF_FEwVkbA,ase,train
BdeQCD1Z43U,ase,train
USr3-h3tfwQ,ase,train
z5IEhcTKk-4,ase,test
rkCIMm6s2bY,ase,train
BpFqLSJFQtg,ase,test
XclkCXRKFQQ,ase,train
eTVRzNuyUh0,ase,train
aX2H-wnAoh8,ase,train
sGCkNFRujLI,ase,train
7YVJk5XxNEc,ase,val
wy5mDZr2mng,ase,train
m8MPPRVia4Y,ase,train
CryDGkc_zVY,ase,train
DHAOtpj5aJ8,ase,train
WYfmpMQMwkw,ase,train
zVfl3p2jRjA,ase,train
2FGbE4ZuT-g,ase,train
L4aowDZlVUc,ase,test
dObD_xrejyc,ase,train
DomG6YPANlA,ase,test
EV2BDJDsGzw,ase,train
--GPbnCCeXw,ase,val
3W-4fL8pLyc,ase,train
cyAgCK-GGfA,ase,train
DSOeVUp5Xmo,ase,train
6h5GYKKwp7g,ase,train
vlKU03sP0H0,ase,train
1Q-fpFGqLes,ase,val
2WIqCcxhqlM,ase,test
5-BW-pr5AFw,ase,test
u_bzBuKbjEY,ase,train
oP9QjdYyriQ,ase,train
lMpA1Dir7OE,ase,train
cNFOZrbR5FI,ase,train
PDhJk1BRch8,ase,train
xSEHkIJsVfI,ase,train
qt_fMsbdWxU,ase,train
DUw9MvZmPbU,ase,train
y8uMoFTy-R8,ase,test
gYJ44Jz-UWA,ase,train
YusaXWgh1rU,ase,train
shs8mqLodDA,ase,train
0GWcdjz1MvE,ase,train
l7cEQfkuDFA,ase,train
ZbkReS5fqF4,ase,train
pdc8fBEkxwc,ase,train
Q1OmDY2v89A,ase,train
cdyBLs3Kc8A,ase,val
zYe6C7jfPg4,ase,train
qoA8I4iLUiQ,ase,train
m2IC3HNY0RI,ase,train
tiZdDqSAl3Y,ase,train
eWHz6G1gqwc,ase,train
2JEqSfO3XKc,ase,test
UjOmj7JgXOc,ase,train
A46A0y59mmQ,ase,train
L2Hte4EazV4,ase,train
uGXg86UnPLg,ase,train
IVYTh-vnAx8,ase,train
amhYlBHhnpo,ase,train
easGmke_rT4,ase,train
j85UdXgF6c4,ase,train
ZMySYQgd4ps,ase,train
3e5niAL_FX4,ase,train
Exd3mT6CwME,ase,test
z8bGDOQT_b4,ase,train
9C8ieEPbpGY,ase,train
M7CqB7n_WYs,ase,train
-t28hoS8Lek,ase,train
WLa0Ht3lkTU,ase,train
wHyMODjDU4I,ase,train
x8Gjr-XJBIU,ase,train
mgydUE0ywkQ,ase,train
HoMcrhsKcsM,ase,train
sxlr9Nl3gyk,ase,train
WBfu3UDWlj8,ase,train
U1i9QeyQ-gY,ase,train
LNvkBE0q1wE,ase,train
JevHYcNm3c8,ase,train
kyYKzjnH4eY,ase,train
T_b1OWVuiPE,ase,train
wi4vzmQWmYM,ase,train
ypjLGhTei1k,ase,train
PKxD-V73zwg,ase,train
3Rn_vHyjv4A,ase,train
3k2YlV0UQLM,ase,train
PTbOiaQ0s8E,ase,train
qLW6hqjuuQQ,ase,train
6kY-A6iEHgg,ase,train
IMj2IFy3KRc,ase,train
sxaOvzwZ8pc,ase,train
wEQY7ghl4FU,ase,train
if_4HwmcZ_E,ase,train
YfMO1g7Qd0Y,ase,train
rHpw2gNv5Q8,ase,test
veGYZ6CE0UA,ase,train
p1_CY2ZEi5A,ase,train
dGowHr6pGKA,ase,train
RG8zVKQnJdk,ase,train
pHrzEdw31kY,ase,train
of9LmQk2atI,ase,train
B3or4mSdszg,ase,train
tMM-nqx1SJU,ase,train
ij10v8cboNI,ase,train
fo9VVE6xC8w,ase,train
M1l-WgCPBQA,ase,train
WeubvixGlko,ase,train
0geTgGu4f3E,ase,train
ab48-zXvkUo,ase,train
smdtfwZxHps,ase,train
14SjcMwwNhM,ase,train
nIGUfwS-8JA,ase,train
yei69zTPo2U,ase,train
XuCI0OXOWnc,ase,train
Jddk2kQxT04,ase,train
vQ6nPdMsCoE,ase,train
ECdxVK8e3yc,ase,train
vkJpg4H5mXQ,ase,train
x7dP78vjScw,ase,train
eOsKxCz7x9Q,ase,test
JTRKdQbRJ08,ase,train
HzQkaZnl6Dc,ase,test
xyaddemgsjg,ase,train
W5_s0z3DWOY,ase,train
O8sDyzSMM5E,ase,train
zNQ8OJUWD08,ase,train
f5mRsFGZ1IQ,ase,train
brmmlIBAHzk,ase,train
cXA4y81SWP4,ase,train
F1cosnF3q_s,ase,train
KftSv0EwaZs,ase,train
iHXnFqv8veE,ase,train
wUpmv8l2b4k,ase,train
u4_8koMkkmw,ase,train
eAXkx-QKmZY,ase,train
Z5uCpvXhL7U,ase,train
GLlxoc-qyII,ase,train
VMpX9fW78V0,ase,train
rZdDgPqciyM,ase,train
TdoccPNtg8s,ase,train
Y1ENRqO133U,ase,train
i5JyMgFJyZ4,ase,train
TqsBIAYAAQI,ase,val
D2EAuHbQA8w,ase,test
1hKQV1DYnkU,ase,train
oAQSbiBYo_E,ase,train
1-Hzak4UOa4,ase,val
bU4mnRwvwdc,ase,train
SDGg0NKzuwk,ase,train
lnfQFZk2j6g,ase,train
KJ9CVHd7bnc,ase,train
dp1Njt2pVuI,ase,train
78SLxZway2g,ase,train
X5mo3YpNhFk,ase,train
9UyIo9vwqPo,ase,train
Zb22iPZsLKw,ase,train
ryJ7dFqVR9o,ase,train
fmHewzhwO_w,ase,train
e5sfewsvczA,ase,train
ji-T81F9yeQ,ase,test
vvowSupCCi4,ase,train
v-JTgeJqpoI,ase,train
gtwUxuPJrFQ,ase,train
3OiC9aDeVgM,ase,train
GGF8nyI9cJM,ase,train
RPbL9QhaWYw,ase,train
g6Eyp-NvEtE,ase,train
oXIo8qrR9ow,ase,train
36n8xSSTxEY,ase,train
0SMVIp9MCk4,ase,train
2acXH8e7ykQ,ase,train
d4Ux5TpQni0,ase,train
Qx2df7MkxHs,ase,train
9dzzO7RNv9k,ase,train
kdxrb7PYR7k,ase,train
fYtFojP3vUU,ase,train
14KC_lA6C6w,ase,train
8rAXJ0PNzuE,ase,val
EmgOZF7zDm8,ase,train
akivdZIVmfU,ase,train
rDCD_sxxLeg,ase,val
Z_vWQxgpX-8,ase,train
tZyj_vThcgM,ase,test
5c5MmBMBAgM,ase,train
bSR-ySI4HCc,ase,train
kwR7VN6L_wA,ase,test
AEgWPNybWso,ase,train
VuorVqsiHy0,ase,train
ULl5tu6_YUs,ase,train
OBHIc9ALn_Y,ase,train
dfbvWwCaLmE,ase,train
Wkn2Htev1Ww,ase,val
AT1hIWgjLF4,ase,train
Vv9w7mgWemU,ase,train
m230AMA4dDg,ase,train
RBn2HKU9cgg,ase,train
BV1FjsXaLJM,ase,train
xsH8FJmO2x0,ase,train
w8daoXLfKXQ,ase,train
zlhlQQSz6P8,ase,train
76JnwOgVjFs,ase,train
Dj3JZn1-4gI,asf,test
LGT_JpEy8Yc,asf,train
DN2HEGM8QE0,asf,train
kWyUvSPgUJA,asf,train
Za1Oh6izMZ0,asf,train
eG5PpeWJN88,asf,train
22LPhoSN11E,asf,train
E9p3dJ-YhQs,asf,train
MvLs1-gH90E,asf,train
IYiu9rpPcLM,asf,train
B3QhVcFyG8Y,asf,train
d_-TE1hLyaQ,asf,train
oR9apyXqphk,asf,train
8UUfcXomcSo,asf,val
VSxG61cvHWo,asf,train
tkB5J6JLHUg,asf,train
HDV_niGug4Y,asf,train
ODAduXnLwFM,asf,train
w9zSWXKg3Gc,asf,train
-y3oDQOEC6o,asf,train
kt627JAinJs,asf,train
6ELArqGHCBY,asf,train
JY9TKdQWb2k,asf,test
GobmXHevLYc,asf,train
z8VnG3ugbPI,asf,train
tM2OmZNt2fE,asf,train
crDVOeak_Zo,asf,train
zCuigyOo6tg,asf,train
8H0rLerVBfQ,asf,train
3WWv65rkSTo,asf,train
fmsWXquLo0I,asf,train
CrIt01Knt7I,asf,train
14XB16Ng9fk,asf,train
CQs6FcWtj58,asf,train
tSQuBy_dBFM,asf,train
dyvqLFiOuyo,asf,train
r5hFYAI5Oio,asf,train
TAcRuiCr_ek,asf,train
gS3xwm0BDnM,asf,train
OT3UkriK25M,asf,train
e7qsAUkGi5s,asf,train
u3odSvsurSA,asf,train
s5_VC0RxA_A,asf,train
oiH34Q3jim4,asf,train
ToBun5GFJ3U,asf,train
FR1kL1htnw0,asf,train
zuHwi14zaBs,asf,train
c6ohD0wdzhs,asf,train
F_oFtoAmOds,asf,train
1rolzaBq5Qg,asf,train
UePIzbnH1PE,asf,train
toKa4E3wAc0,asf,train
kBMUl7b7Mho,asf,train
tWqr2KA9W_s,asf,train
C69952eDDho,asf,train
R5DV9_ZrgA8,asf,train
D_WOrkp6C9E,asf,train
KZieLLfvlXo,asf,train
BIpx1O54xhg,asf,train
dQCY1Oamolw,asf,train
ajMnHMENydI,asf,train
iTqehJ8Jh9k,asf,train
DXL6_FUjHaA,asf,train
84apMcusE7c,asf,train
Ng5KyjEtDR4,asf,train
y9YII1SykmM,asf,train
IZymDfNCiH8,asf,train
LlyKEWAAt-4,asf,train
_s2a53L8DYc,asf,train
J1MABt5JaZ0,asf,train
NsaJvIy_Aes,asf,train
2_BtCovOrE4,asf,train
RdRSszNow08,asf,train
sTv0uKNrfLU,asf,train
Gpg8ddHWd88,asf,train
F1ezGH8yGeg,asf,train
E59h1N8PcXc,asf,train
DNdq3BrJW9U,asf,train
Xfbvl54vP1s,asf,train
x4k5WyVR4fY,asf,train
2hT8Ogy7ADk,asf,train
NEna_oMaOhE,asf,train
yUs1KxVywx4,asf,train
bFphM6T3kYQ,asf,val
wu5ZeeYNo_w,asf,train
qvtHnZoln7E,asf,val
OZbvFMSC3QA,asf,train
2ZkfdumHG1Y,asf,train
7f9JQh0JbIw,asf,train
da1TvJ7X5MM,asf,train
r0mGN0CBGiE,asf,train
Gg9wI4Q7tR4,asf,train
o45yBOoysNE,asf,train
pB0Hr8T38o4,asf,train
SDyTfIw_J9k,asf,train
O2hcWtuNO8k,asf,train
zsylGgj0QNU,asf,train
8y7ZZb4cGX0,asf,train
u6QwEykDo3c,asf,train
SxHWySil7AA,asf,train
uFrKw36ZxLE,asf,train
qZhARIOoUjQ,asf,train
XsdSSiRUnN0,asf,train
1p4iD0JFKMY,asf,val
B9ENIpHdZ7E,asf,train
srfcdxIeYeU,asf,train
rviW9slkJQ0,asf,val
rmBpPgpNi6Q,asf,train
fdHtLtXUoRw,asf,train
ERORodeufEk,asf,train
vB5ArJY80GM,asf,train
7EIk8XRSTRg,asf,train
nt3BSpjdYbs,asf,train
mjIOTO5Ub_8,asf,train
cJ3yQGG_6x4,asf,train
quaC82_FUPQ,asf,train
ffMcMAKnhSE,asf,val
ee50i9Hhpg4,asf,train
wqlb5zYxMag,asf,train
KxiOU8lCGhg,asf,train
4Glg97jeBwU,asf,train
KB4bMJP-_hA,asf,test
NSU2x-mGX4Q,asf,train
97tPbqW4RBA,asf,train
Qlvj19coEuI,asf,train
nCDSgH634FU,asf,train
w29dpWTMpnQ,asf,train
Ppf5KpaqFs0,asf,train
jf9fGl-3Zm4,asf,train
Xw9byWikzTQ,asf,train
PfoKmDfwlXc,asf,train
UcFsvwMXA9M,asf,train
EoCQNM0MJ5k,asf,train
J-FhuhTiHQI,asf,train
wGD_fqA2AoI,asf,train
jvvOoofEF3o,asf,train
6IqteYxoW-o,asf,test
cRa7-dUFhHM,asf,train
pIoY8RoO5vc,asf,train
skQAns8cl3c,asf,train
hGoTV0bsrKc,asf,train
46zXhX2knjs,asf,train
U7IGWe3625k,asf,train
gzj2ZuY373w,asf,train
EPdQMdRPJPQ,asf,test
Yr-Juw_r1wg,asf,train
v8nVj8fp9X4,asf,train
_YKe8JJzju4,asf,train
1Y_82SjZKP4,asf,train
f-xyUC-GSN0,asf,train
FC1i8rWzO7s,asf,train
rbJjePfK8xU,asf,train
HG7O_CMQNys,asf,train
IMXLsQXIulg,asf,test
2r2Orfe_hhg,asf,train
158nOKlD6bY,asf,train
JvUr-LsqaF0,asf,train
x2OAbzfD-go,asf,train
05Azu1avn4s,asf,train
fgstpJeOCEs,asf,train
6-9JnV-4d5M,asf,train
ha2DaVuCCaI,asf,train
kly0IxH0BXE,asf,train
L81jPt93mqM,asf,train
IVjl0gmj_-s,asf,train
k8xTmYFCtVY,asf,train
Y_VXt_rKLOQ,asf,train
t11ukNxX0EA,asf,train
BNPeRAEVCtM,asf,train
2lM6AudW3u8,asf,train
RRJv6h1uq0U,asf,train
179vsHedsTU,asf,train
fbh_r85aV-k,asf,train
3gI6sqMb6r8,asf,train
5paVpwpFx8k,asf,train
9vMfJYF4lJY,asf,train
3kslP5wVSnQ,asf,train
Plj6XiaqD2s,asf,train
MmHAJjA2-xo,asf,train
peFFylLWDaE,asf,train
Gu1jEijLhCs,asf,train
HMjGjbwkj9I,asf,val
bw7cWfIkp3Q,asf,train
qt8SsG_lZjo,asf,train
YOVb6gae6Do,asf,train
XdX0PNMvhnQ,asf,train
CrCfeSobugk,asf,train
EMQ0TrKzCDc,asf,train
UkId_4NQ2JM,asf,train
DHY9Cn_jumg,asf,train
UStORfF7Jzk,asf,train
uAW19kXE4vk,asf,train
Kf_diHr7LRo,asf,train
ZWxIpL8ntqg,asf,train
JqVr2B-LVoo,asf,train
a8VM5kkcJL4,asf,train
8_yY3mpEiW0,asf,train
cIOP4SRGxvA,asf,train
_kpWE3zSHz4,asf,train
297cQE2jSpk,asf,train
SjIMg85VPcw,asf,train
4D8-gKoj5j4,asf,train
y1qBacgdclU,asf,train
AIV-Ag3rMmo,asf,train
q8_gvGnVPGc,asf,train
O6Ea89zyzl8,asf,train
mO2BzJooudM,asf,train
YX6tEyMTNow,asf,train
GKbO4C-gzyA,asf,train
XrroolRK_Hg,asf,train
2lLZUbxzyp4,asf,test
s5gDt33V94g,asf,val
w-AOMnAEbpo,asf,train
dRkbHx7RKg4,asf,train
PHr4AY1Vvd4,asf,train
W4lsM13kBW8,asf,val
i395uddvuxk,asf,train
hpv1vOYaQi8,asf,train
zp1E2jZFQso,asf,train
cTaUWZo7ytg,asf,train
J_4SrfItIsY,asf,train
P6_BaUWXHSI,asf,train
2-Gig7sK9xQ,asf,train
0G_43dOrP0Y,asf,train
8PiMTSAjRBY,asf,train
BGa5oeZUUbo,asf,train
22yjCrTYPyo,asf,val
M3WfRxmKQK4,asf,train
xQGvla2KiYM,asf,train
1ld-r4ixE7w,asf,train
izbQej8K28Y,asf,train
K-VVO1GHpRo,asf,val
pg2Xh3a5No4,asf,train
lC3kAPKpPcE,asf,train
H5zbj3hSC7U,asf,train
cI6xdPsMI_E,asf,train
3Fq6fb3AiR4,asf,train
vyzB9x_RNpU,asf,train
rCfdobYDmvo,asf,train
B-eS57cvUhM,asf,train
APRwNBt4lMM,asf,test
UIpTeGnFDyU,asf,train
lYTK1_K7jXA,asf,train
WbJgLvLCAoQ,asf,train
2Uax0lsVk_c,asf,train
0RT0PruNa8Y,asf,train
iFQQeikGiaA,asf,train
n4vJKwr2cYc,asf,train
M1O4U_MtzDU,asf,val
G4_iSk5nm80,asf,train
QprzW2k9Se8,asf,train
GbLP3fsNdS0,asf,train
beKoSca8ERM,asf,test
_ENdit26Bhg,asf,train
8cPb6hh3M38,asf,train
Bzkyq9SupIs,asf,test
a_IccCxKdmo,asf,train
5nGEuf_BcLM,asf,val
Ldx6knD4whQ,asf,train
YMAm_XaJ7cA,asf,train
wL-OSM0RSo8,asf,train
wjNRpCvGR_Y,asf,train
abSGaq_kPoU,asf,train
KWDVmYuUGEY,asf,train
hTeZAdPSp64,asf,train
m-nY_pBNLLw,asf,train
CzDB5KkLDyM,asf,train
9gvGx8BGJkU,asf,train
1M2fBCtm_jQ,asf,train
uoHKKrDGrc4,asf,train
x7K2ktu6kkU,asf,train
4uZghkodTUQ,asf,train
7QA5yFAEtZg,asf,val
6ExOx8YqJls,asf,train
uwzl_dKEJe4,asf,train
gGOqrBwN8vQ,asf,train
Fj7i05Jojvs,asf,train
eoDpqLHHwDk,asf,train
J0iEHW_sx2g,asf,test
GCQuJKZ0j8w,asf,train
7R2IgiwoTVM,asf,train
H-qZmk1dWQE,asf,train
UjVeYX96GKM,asf,val
8Nfrh4IBrv8,asf,train
bCn8OXfmA9w,asf,train
5UnRidt52ME,asf,train
jJOiyzn_KDc,asf,val
4FJNZfYYNng,asf,test
vMEnkJW7-Xk,asf,train
ThLVx4C-fJU,asf,train
6YTZfxqH_g4,asf,train
i01ikHs9AU8,asf,test
pliCPbqp2IA,asf,train
O6_WmcpGWLA,asf,train
yJkk-BkAsr0,asf,test
HGh87CHIguk,asf,train
R6_mzcWh62c,asf,train
PpGqJSetjgc,asf,train
4bnO47beGWs,asf,train
LvDnEO6kGeY,asf,train
Nrm2a_59DUQ,asf,train
IxCUgYNDgvs,asf,train
5SoWrjTvxGY,asf,train
asnkF_ZcE6k,asf,train
PgmuafET4i8,asf,train
wQmLICXBdS8,asf,train
8Xf9_0VnjjA,asf,train
uu1FvPlZnG8,asf,train
p_nO7mdfZqQ,asf,train
pqTO1prM3cw,asf,train
7jG0t0ZjJvw,asf,test
y2hALe--jXk,asf,train
gLQH_YKYO04,asf,train
8lUiEVwmvig,asf,train
iMBjZy8bX1w,asf,test
21Y5qBWs72I,asf,train
NX7fifjFDOg,asf,train
WtfEzWjk5co,asf,train
VohIcgAbSFo,asf,train
ghHoUutgDgo,asf,train
TXSOjrfD7YQ,asf,train
HGu5kNMMlhs,asf,train
JB2x5ciKT2A,asf,train
2LX4f0HAy6s,asf,train
FOZ8gSzJF4k,asf,train
QyMftvwoRVk,asf,train
ZSZt2Rhz-U4,asf,test
dTlO9zY9sQ0,asf,train
xA3Qt_XuEFc,asf,test
z61SDu3H78Q,asf,train
YdHHs2wHSKk,asf,train
YhcPtIwU3FQ,asf,train
blW3Myynomc,asf,train
aJqfSvZ57_I,asf,train
-c8ZCs8U5sw,asf,train
Kqc2bDXWJW4,asf,train
4UCfZYu_JDY,asf,val
qaGGKMaVIOs,asf,train
o3UNdGLoOl0,asf,train
Ju7WbPJSvI4,asf,train
0rK311tN4nM,asf,train
-AEwSwh27xA,asf,train
4SnQya25Ia0,asf,train
PaVf7AGqsv0,asf,train
j3OLe5ENVbE,asf,val
uIZ71KlFIEQ,asf,train
XFXo9RNuYZY,asf,train
yiZeofmriUA,asf,train
uEbYkYXVTis,asf,train
k7R69oeKgQc,asf,train
373rU-VyD_4,asf,train
vXfPgGDHp7w,asf,train
p1MagqBWZO4,asf,train
d4mcudi0vAA,asf,train
LWp4v92MCjc,asf,train
SoJ91xtqVJE,asf,train
srU6I9GrYhM,asf,train
v1qtTWL8_EE,asf,train
yMvj2-WDc-8,asf,train
GVxsUmMpQqU,asf,train
OD0xVkMFgEo,asf,train
0rvkRsuabd4,asf,train
hsba21J8200,asf,train
-L3H_ymqLTI,asf,train
txLyvGIThcI,asf,train
HJx4kKiMFM8,asf,val
bKRNE14ksi0,asf,train
eU5zKdYXu3Y,asf,train
sBKmiEHts5M,asf,train
wGy_ulsSEgo,asf,train
4pxbhXXaSGU,asf,train
26_Db1SNa_k,asf,train
oALaxP_ekds,asf,train
_i_BlhCpODM,asf,train
cKG9aiNeNKU,asf,train
Tq4J7H73s9c,asf,train
LUFbq-WVrLQ,asf,train
RZlVHmnC_2A,asf,train
9xPVV3hhGVQ,asf,train
I-yaguQiJbg,asf,train
IVmWuboL108,asf,train
pZ03vs0k0xM,asf,train
vPj_ldpDvT8,asf,train
aH4YDO_Rje8,asf,train
EwI7iHpqi20,asf,train
wPJZx1qQMkw,asf,train
G2y7PxJ2GxQ,asf,train
vx9veKV79oE,asf,train
tt1iWgFPgKg,asf,train
QHI9YDC24V0,asf,train
Z0So_tRcMBM,asf,train
TBUCxjZ7wKI,asf,train
5pPNkV_2A2s,asf,train
0m8JnroaH1U,asf,train
WDt8p6NQb7o,asf,train
JTDTtT1il8M,asf,train
ZB9Bf5EgkTY,asf,test
592qKV2pXaw,asf,train
m44jl34Alak,asf,train
FxcVM0keU-I,asf,train
htNotNLZeSk,asf,train
c-ZZovsM4nY,asf,train
KUBKtkK_ZA4,asf,train
4voZHFpKsgU,asf,train
egSsZOk5l5w,asf,train
2WcZVj9XwIg,asf,train
04IqwnjxmmI,asf,train
R0nKyxPoZhQ,asf,train
RB3jfffTaEg,asf,train
m7JpOfP12Tw,asf,train
iDH4oGPOlz8,asf,train
l3o17Pq7wsA,asf,train
41Ka0Xyo2eE,asf,train
nHNJRBycZYs,asf,train
qYjvqe_yssE,asf,train
AZC4DgkxRUw,asf,train
froQEQZ6KUM,asf,train
q0kp_mFXb08,asf,train
vwI9f5jun2M,asf,train
IAyM-0t7cnQ,asf,train
ZmOPyxVAMgk,asf,train
vsQmfp6-b5w,asf,test
0Kk1wlUxqvc,asf,train
RxCSsvOJL7A,asf,train
98h9duWWHJo,asf,train
Gp-Ub_AlsFo,asf,train
jYpjgHCiTh4,asf,train
U4r74xDDibg,asf,test
9ZZxRUtb9vo,asf,train
19p4eE444-g,asf,val
A59TQSfrpRY,asf,train
xoS_tC7ipPg,asf,train
kSPaBli3eL0,asf,train
dKEm1CBBde0,asf,train
cRw_mgJx_i0,asf,train
l5OwASzyGeg,asf,train
mc16wq9f9PM,asf,train
EsK2gc5wNFk,asf,train
aMEvzFNlKX4,asf,train
5EpcagITPVM,asf,train
t0gsz6RjBQA,asf,train
BKAZQyN5hPg,asf,train
5KZAHVu1GAo,asf,train
y1CHqufAoJs,asf,train
S29tjFz0mcM,asf,val
Np5yHNSbLAQ,asf,train
41FEd34ZDoQ,asf,train
TElJY3BIVf0,asf,train
4hGTNMAc6P0,asf,train
tUkeWONn-Vg,asf,train
AE8fg2MFrH0,asf,train
h-kfRiqr0YU,asf,train
uG62nJf_iC4,asf,train
3hKdhX4gRKY,asf,train
CRyn_2vIF6w,asf,train
pnVlsOwZ6ys,asf,train
-_nTVNcAr9c,asf,train
4A_uHLAwGss,asf,train
r8e-Mm-rhKI,asf,train
kCpwBnRhxnA,asf,train
9_mkwEurBoU,asf,val
qzfoK9NOTmk,asf,train
JeDf0lw5j1k,asf,train
OR9tMTgJjXI,asf,test
c7amT7HV8sI,asf,train
tl5kza1uz0Y,asf,train
v4cTHoptczs,asf,train
WScn-3r7zsQ,asf,train
x90pA7G4bT4,asf,train
BofkfSRgSgY,asf,train
FoJj7KSgJxo,asf,train
UdMVE00DIPQ,asf,train
YYG7hKUYOfc,asf,train
NcZ7jaJ7LsM,asf,train
rWuwIUGGaRg,asf,train
wLJNd3bWljM,asf,test
-xHqVo1g5vI,asf,train
SG2HjvQ1Bs4,asf,train
4HWhrghNhNQ,asf,train
sG5SUjHgllk,asf,train
vk5Sh45YfTU,asf,train
tLlEOYXrero,asf,train
o_n7A8sCgPQ,asf,train
0wJUUkFTlJE,asf,train
JthE7WKJUNA,asf,train
31iMCcYRLcs,asf,train
nFFNKLKL85s,asf,train
b7QIqRkBWOA,asf,train
V3di8YPANJs,asf,train
z_1ZpGNs234,asf,train
Lbu3UIei5nk,asf,train
y81XhmQYbGE,asf,train
LZcjww3E99s,asf,train
bqWt6_lXLRE,asf,train
w6FPXQ2_j6M,asf,val
maolrUmdmYI,asf,train
xRqnsI1_U7g,asf,test
G5lzsdlDu90,asf,val
lvAyzhmXVls,asf,train
dq1k-989q9o,asf,train
xPNjnn0eE34,asf,train
OX2-ckovWes,asf,train
qsYQFyA6k8E,asf,train
a4qgMB98Dso,asf,train
kAKbaSUep_M,asf,train
9SNwyfey-7o,asf,train
Aj3eoVh9aho,asf,val
1-OObKfVzTs,asf,train
MU38qcsjEOA,asf,train
bklPh7-97B0,asf,test
l_-HDZbh9Ng,asf,train
uvQOIiyKFFk,asf,train
8Y82u9xgwx0,asf,train
gtzc6DSeB5o,asf,train
syiV_mJ5zIA,asf,test
TcGUztKZPYY,asf,train
UHTlsBcPUbA,asf,train
vw2Hd2J8waI,asf,train
6iHW1cuqLVk,asf,train
Cvhra6epeyU,asf,train
0Qw3bnby23c,asf,val
UZYBrdGVKqc,asf,train
FFucXfertgM,asf,train
ryjy-1ZY4lI,asf,val
pF31dcY4g_c,asf,train
AIEoNLcUQR8,asf,train
e4-cApaFR-k,asf,train
NYruvR4BmiY,asf,train
KaNBrfQl8k4,asf,train
4oBJb6JQiZw,asf,train
tcepgTU9fyM,asf,train
SPRJxj5vwK0,asf,train
fLFFa6JDTPU,asf,train
kJIdyiG-sus,asf,train
Kd98vudwXZw,asf,train
gcowx5x8Szc,asf,train
Soy3DdElzuc,asf,train
-vfkJUbnQms,asf,train
3S2cnFO2xvA,asf,train
7uu7TtlUyc4,asf,train
b0QDobQKfBg,asf,train
WD4WgGNQedY,asf,train
hkAwKHN9fZE,asf,train
gGvZLp2j3g8,asf,train
OvGjsYVgTp0,asf,train
thkfkZIX6Ng,asf,train
sgiOMvMm1oE,asf,train
AQvrcE_KuLQ,asf,train
ymUddWfhD2I,asf,train
LFJmUlTulwA,asf,train
YjyqYc2pg5E,asf,train
HFl-BWBGung,asf,train
GiqISh7YFQA,asf,train
Xm-4VdAQN1o,asf,train
64UY9Sl2sMw,asf,train
Jb3npxsUgNI,asf,train
9D_L_bglUrQ,asf,train
AdGR3oxv9RE,asf,val
DkZ0HGryqK0,asf,train
WoQzSvKvsDE,asf,train
G6Fj1ghP7Pw,asf,train
mXydThqPZeQ,asf,train
BQF3yCwcBp4,asf,train
3-sAMlNgDvg,asf,train
7MxC4rzV9eQ,asf,test
kmigzu_4JLg,asf,test
7HRLCUum1QU,asf,train
qH4Em8tL8Zc,asf,train
2Wq7ooEC2_I,asf,train
aovx5qgXviQ,asf,train
-2cPoaksPH0,asf,train
zBYDsX_Vukk,asf,train
QUdQWcyqCXw,asf,train
Jk9EkLl-HRQ,asf,train
fqb8a5KXdmA,asf,train
XUQ6s4Jcp6Y,asf,train
DxzY0tmoaGw,asf,train
nMLsTzKzimU,asf,train
7rsBR_oud3w,asf,train
zUVs0tMNfWQ,asf,train
ZcD-8LDGZQc,asf,train
xzSfwUEjnzI,asf,train
uGusoLzMbvQ,asf,train
LkQVLbGDI3Y,asf,train
Fh0Yj6lmCHs,asf,train
3-qNjkygNb0,asf,train
esuFbIEnImg,asf,train
cypPk9wpSYE,asf,train
HXjQozmrfOA,asf,train
Y6AQD3R3-sU,asf,train
MytILCxgigI,asf,train
fPZ2pCVAiO4,asf,train
Ht4skja1oB8,asf,train
yFYbUjWU-sQ,asf,train
qfe6PrzVHho,asf,train
AcoFzlKdRhI,asf,train
F42DtSbvDZQ,asf,val
s3V5qXwTaGo,asf,train
SS_PN8uzdxY,asf,train
Jzjaevj0SeU,asf,val
chQyADtJrj8,asf,train
V49b20P5OwE,asf,train
aEsv5tD-LHc,asf,train
j-AjsuCxv6Q,asf,train
hzrY_iefM88,asf,train
GNh8aBC4iTQ,asf,val
LHQ_vfzUUvc,asf,train
qT5Q29O4CII,asf,test
ZGQbDi4sNXc,asf,train
OetubYDkYdQ,asf,train
JDzHfNTCTRM,asf,train
19WmDt2IEcY,asf,test
GuuK7ihCaxo,asf,train
gHRNeXFuXrQ,asf,train
ZRcs3wTLtGk,asf,test
T4OJhG2E558,asf,train
BEW2VHc4iiE,asf,train
RYF9dPbcVKw,asf,train
Vp14bPGIWps,asf,train
OnafAI8J1MM,asf,train
u1mcmlFFPGc,asf,train
-GvqRgAc9Jk,asf,train
367-uIAGC_c,asf,train
svzsWV7JV5w,asf,train
Gh8mm-O-z94,asf,train
-PHgaTpUj00,asf,train
eU3pKpf34Bg,asf,train
RoCnWkHh7Lg,asf,train
RkFwW6f4qzk,asf,train
xIeUY6KmYtM,asf,train
hE92Gkj2CJg,asf,train
Fftc2x4E9QY,asf,train
dhNeLNz09_g,asf,train
fjloGHFkvAo,asf,train
zJ9KxNsjYcE,asf,train
rME362fqf2c,asf,train
A80zE9-4o-k,asf,train
QW5YvmzMU3w,asf,test
CiUd1fCq3m0,asf,test
Q795D94Vz7o,asf,train
8cm2ikO8YrU,asf,train
W1gSPXAj_Is,asf,train
t7ehXovhUUk,asf,train
mDvQON9OqZ8,asf,train
zYc1c9fsk8M,asf,train
EZgbS52jAko,asf,train
CNBW4xAgZPk,asf,train
1n1dd0V7-oc,asf,train
EYc-QQb7r4k,asf,train
xiHB9mYLUuw,asf,train
cJS1U89a538,asf,train
JD-ouJ7uS9I,asf,train
VN7Xk8H_23Y,asf,train
Jsj32bB3WE8,asf,train
3hA4KAC0Wog,asf,train
KbpCg5KkMcE,asf,val
NF9E84FnOcc,asf,train
LSCWTl08bCE,asf,train
w3_xYb0RvnY,asf,train
o_eKSAleti0,asf,test
joRT3oK2Doo,asf,train
nHmsrCIHKWc,asf,train
kKHpHOBwMYE,asf,train
T2kiC93XyQE,asf,train
i5yON14L0-8,asf,train
HrpJkwaukIA,asf,train
-NpSo4RgD40,asf,train
dQ7sioYLfoE,asf,train
Ubjn3sBSeFU,asf,train
ViP3O6YGmIQ,asf,train
A4A9YPy8smk,asf,test
DUyJcU3oGRM,asf,train
6QhKSLAZxg0,asf,train
TKiRB5CU9Ws,asf,train
8MO4eVCNTDI,asf,train
e06O9jRCTq4,asf,train
qD9GdA7HW0M,asf,train
9PCYZ-Z7FAQ,asf,train
tYdQO0P0GIw,asf,train
9c2elWRov-c,asf,train
GGLlO00JUlY,asf,train
41fa-OtwU8Y,asf,val
pRjG2BVTK2I,asf,val
9a-JI16NnaQ,asf,train
qZ_lOszr5-s,asf,train
lZM9lnSWT8M,asf,train
3E5RnjFj9xs,asf,train
EaSsojHMdUQ,asf,train
MMxHR1FVHmQ,asf,train
r77umzBnFbs,asf,train
ZcIvP-qhanQ,asf,train
CK7h7IjZH_8,asf,train
uc_ExpWav0Y,asf,train
DXxVkKBFaX4,asf,train
tqYZ-cMuhYw,asf,train
J1wAx8uzr34,asf,train
UchDC0ZzaIY,asf,train
iCy00vnHvhg,asf,train
755kz8iTpzs,asf,train
Y7kq1c5z6zw,asf,test
UsdsbFgzYro,asf,train
h6nh6vIJgh4,asf,train
f3ujpdmfI4A,asf,train
ismp_DmGrHQ,asf,train
0vxR8LpCsd0,asf,train
pB4KS2a_cQk,asf,train
SyMO12frdzU,asf,train
NQ2ThEAye9k,asf,train
EpGcZRLaoDk,asf,train
PcK3aBGI164,asf,train
Wn0a7pEWy1c,asf,train
OF3_RMd0SlY,asf,train
QKkMoqKkskQ,asf,train
ID31c82ZjdQ,asf,train
AL5l3IK_bcE,asf,train
COGfaVyFyEc,asf,train
UgltUBC1BDE,asf,train
-U3LpeStR68,asf,test
bI5hZIN7Low,asf,train
qkBYGGtiBeI,asf,train
bjUzB1mVZBI,asf,train
xdkRdzeWVjU,asf,train
VSLJge14gHw,asf,train
XehLHrdaUOU,asf,train
gBw2mV9Q5x8,asf,train
2tZHTlKpAzg,asf,train
cyD5itWDUZo,asf,train
v4WjC_QyEpQ,asf,train
EUh4xAQb1I4,asf,train
RFMFVWkVxrc,asf,train
TWfD9dihy0Y,asf,val
-VpwM2Y4Seg,asf,train
0dms_nImSTk,asf,train
N9eCT32wBvQ,asf,train
lvsSLtIlPh0,asf,train
c_IJSfVXAE0,asf,train
WYcMihlQAg4,asf,train
p5_4iEzRU8o,asf,train
sAzjDzgCRxA,asf,train
km-xSdpZHiQ,asf,train
ACSn0gjk5zs,asf,train
_YAFMUnyDEo,asf,val
6mlehmtzJIs,asf,val
CPxPOE-5u5s,asf,train
tiidRhsy1oc,asf,train
1osLITASPz8,asf,train
JzzLBzr1qoI,asf,train
znhD0R9BAWA,asf,train
kR1JL7nX2kE,asf,train
rLiK2XG4JzE,asf,train
ldG-opn0U2c,asf,val
ITKpoqXmZnA,asf,train
DbHNV4H1iRU,asf,train
GdjZooKLIkY,asf,train
i3AGh82usRw,asf,train
GMCVoJnaTnE,asf,train
xXyjQmcTVzc,asf,train
KsbzahnCzNI,asf,train
bMGzyoSVS08,asf,train
_ZxWSe9e1-o,asf,train
RPHTDeOeHIs,asf,train
mNjcekJkf-I,asf,train
eiB3LLhVMWg,asf,train
5Z5fm1oOQ2U,asf,train
2-abPeU12NY,asf,train
vDg4LYUOO9g,asf,train
v3fXhQqLu2A,asf,train
Cjm0tYxMWz4,asf,train
WkVhhBdjRn4,asf,train
krH9UkdLyFE,asf,train
tPWMYlh6nL8,asf,train
PM29RQB9Pms,asf,train
7ML3mCyqQJ8,asf,train
pIfWlC7tup0,asf,train
3y3o-jLQCOo,asf,train
yWUL8NLiO_8,asf,train
Pc2fn-nNRJI,asf,train
eGMWzYccgDY,asf,train
uKRNkTHNRMk,asf,train
QtPbHFa7NlU,asf,train
2lH-bLdbnj4,asf,train
wvPTH3VDZzA,asf,val
FFfPxFoFH-Y,asf,train
HiVql6TVfGU,asf,train
RaXOtM7dvNU,asf,train
w9KjIK5Jkzg,asf,train
mC7Zu3Yh8A0,asf,train
SuLJVFwDvg4,asf,train
TbrHZJFs29o,asf,val
5l7loKLfpgg,asf,train
YRG2bnrRmtE,asf,train
5jXxpFs7_Gk,asf,train
4VtqHmEcjRU,asf,train
xDHVxsTVNIU,asf,train
KUH0kgpx_0c,asf,train
B0cWPaLmTpU,asf,train
zICuy4963oI,asf,train
X2TEncGFcXE,asf,train
57QqlT4oSNE,asf,test
0mPVkP_2lcI,asf,val
-Q1peWUgRPQ,asf,test
ZxMJ_2Jw_e4,asf,test
x0Ltus2o088,asf,train
fAMSoByWFsk,asf,train
H3gXGqkVnkE,asf,train
hDNKzpXoB3E,asf,train
btdylus0Aso,asf,train
4ohTSqOnUb4,asf,train
sijIlol0Q_Q,asf,train
nTu3BuSWjvI,asf,train
ZkqXagbqipc,asf,train
0rf0xrHtrmQ,asf,train
0-5RxUGetQM,asf,train
Rbo7Z7amonk,asf,train
-1I_-QG6GtY,asf,train
1dRICILzf_Y,asf,train
kCaKQeAnRH0,asf,train
2r_Fvq4tkvE,asf,train
DelMxOs3t4A,asf,train
gy7QCI4nCVo,asf,train
uMKPgLRGu_4,asf,test
QIRHy5pQRg8,asf,train
-Pm_94xHU20,asf,test
evLoJUAWJSE,asf,train
cbTXFv9csl0,asf,train
PvvW_aDIUPs,asf,val
iETw0pDS7Dw,asf,train
sRFru0RO34I,asf,train
yXmL1WIo5do,asf,train
Vv9SGDT6fl8,asf,train
wWHVLQfWTBM,asf,train
_2OpAAAcAfk,asf,train
_Ic-3tOU3t0,asf,train
A_LI4zpCjzU,asf,train
yFzTrE24LF8,asf,train
3br5kRoBoss,asf,train
wAYkVwVBS1Y,asf,train
nvrJn_hAFt8,asf,train
9YnHfphJk5o,asf,train
QT6ZWuvNeo0,asf,train
QQKRXyPYwb4,asf,test
C3sY8Vx9RbI,asf,train
X2F7yiuJ5MM,asf,train
-8KZwpxGPgY,asf,train
vAKlUS_kV00,asf,train
u-HUInd6oZg,asf,train
t4B8XP6e7jI,asf,val
Dq_lq7Zi1ww,asf,train
KgNNGNs39fw,asf,train
O-X8rcNpacM,asf,train
DYOMbfLQg9A,asf,train
HlY09rtaTz4,asf,train
tXVsP7ELRQ8,asf,train
cTfBGT1Kjr0,asf,train
8P9pBEzPvjc,asf,train
uedg2mlios8,asf,train
EL2S1Y4gi8c,asf,val
Ab4R4573BZU,asf,train
QjFS3cJD3HA,asf,test
Gvr6i5RcXjE,asf,train
SXTbL_EpbrI,asf,train
FtOWmfAXsTE,asf,train
Rud9LLHRumg,asf,test
fa3OM33lIiM,asf,val
FYakyFozTBE,asf,train
YrB_na8l3Z4,asf,train
8GBPdJDjNAU,asf,train
Y1GwiUyh--A,asf,train
yQ0HVf_h8k4,asf,train
0E_Oun3G7aQ,asf,train
qtVO69Diumg,asf,train
0mp64rq24n4,asf,train
nLha-n3oxck,asf,val
3wtkPqeuoWI,asf,train
1ze6lLc-HYE,asf,train
Al6O22o06G4,asf,train
Ngi2ItuP-PE,asf,train
KlYq9AEQ27s,asf,train
D69OrWcmE34,asf,train
bj2PKjNMUvI,asf,train
Pl2uremlfR8,asf,train
vpnTmrb838Y,asf,train
EyVSF5JJoYA,asf,train
PdtQG-OJXZg,asf,train
qNH1slBVnEo,asf,train
Nt7KjTtR7e4,asf,val
vKce1Aw4v-M,asf,train
ZqQM7aPIOis,asf,train
7Y9xRshyFdY,asf,train
Cah7SZdphQY,asf,train
tiSWhB965BI,asf,train
0vleFy8mH2I,asf,train
NWAze8Rnf9Q,asf,train
r0wYw0Wsefs,asf,train
XGZGBIXUsE0,asf,train
5fUX0kfPzn8,asf,train
XEDujFAlw80,asf,train
bmm3aD6EoUU,asf,test
aN51zuzVxEA,asf,train
jt__QlqgqRc,asf,train
IQKZXfKAxvA,asf,train
itORrg76GUg,asf,train
0JMs3INfmbc,asf,train
FBPt1t6Do-0,asf,train
g1j55TFMGVE,asf,train
lo-OssqgtLY,asf,train
vLzSIqx5AcA,asf,train
1s_Q-_elYm4,asf,train
YEMMe-ew6RA,asf,test
1LjDUGTquIk,asf,train
CiNTnUXtL_8,asf,train
bqryC6exjR4,asf,train
9l-k_sS4yEY,asf,train
D59D3AorEU0,asf,train
Kamp-mD_PIQ,asf,train
aIGc5R5oQCA,asf,train
rhn3XSsbp-c,asf,train
R21TITPUjoo,asf,train
8USgBXUfK6w,asf,train
BW8lrinSqEs,asf,train
kAu7R6p1Xvc,asf,train
QQWStTA0apI,asf,train
hAXnKRjbax0,asf,train
RIrF_m8dHdo,asf,train
4IOBkDB7gg0,asf,train
cAmdUxmiiRc,asf,train
IlHz8G48vSU,asf,val
_obT5WP2cYk,asf,train
72Pdtp2mcNo,asf,train
AiFwXNeIcto,asf,train
5lbCETSU0VI,asf,test
aCfHsyj9uM4,asf,train
XcjufN62Ta8,asf,train
sFVrJ4pAScs,asf,train
w9Av39fefyU,asf,train
c0zPpTFHyUU,asf,train
0ai6-F6JtQ0,asf,train
hYbZSMafgL8,asf,train
3qIZ5RMmGCA,asf,train
8fIHly7vcxE,asf,train
s883E7fxLn0,asf,train
X-u29u9MR84,asf,train
JpMXQvchdu4,asf,train
bGU7ORZC6iI,asf,train
92zSyXaJkHU,asf,train
dQDkxQ2eq08,asf,train
KAAKrDW6U8w,asf,train
FQlXM0KFOjA,asf,train
oIraykrtYt8,asf,train
2bazlZlfx2A,asf,train
SxxfXHEVAv8,asf,train
4Fx_5RkbOSg,asf,train
dQ6LOt1Kh78,asf,train
j7wqqQbNhbc,asf,train
XnS3onXBfy8,asf,train
-F-VC0_JFic,asf,val
8gMt7B2WotQ,asf,train
vfTx8vLo4ho,asf,train
h4Kyt4CVx7o,asf,test
cFej42ZiSTE,asf,train
FYmpRnGp9ng,asf,train
EPe9gTdzy4w,asf,train
RLDcJ3qhuV8,asf,train
xeeEC85T7vQ,asf,train
bJIC0uMaWL0,asf,test
PNYUHcygSeM,asf,train
Rs8wFCQzPTs,asf,train
nvsLvRCNfe0,asf,train
qTxU2fecwpM,asf,train
E5LIONZL2E4,asf,train
NV6QsBMSa8I,asf,train
hpS3xd12Q70,asf,train
WIJvUqUcCCU,asf,train
V5D4G7tweo0,asf,train
-ptRp1_8kyA,asf,train
tJqnoObyJYc,asf,test
F8qnrXpUxf0,asf,train
54DbG21jmqc,asf,train
P-HR2gPlACY,asf,train
dJwu1G7G_sE,asf,train
_DXlIXD81SQ,asf,train
X0WCaj3kiEo,asf,train
pTW1wUcIv_I,asf,train
FGZX-6GdNFQ,asf,train
Oszp8iw9TQE,asf,test
X0XPHNTldOo,asf,train
iTOZxrt-Z08,asf,train
CN0-cebNUkQ,asf,train
QdeDmrOHLs8,asf,train
H1MqluekQyI,asf,train
WTONL2KaXn0,asf,train
PuTf8rZUkbA,asf,train
3pN9VB-3KTE,asf,train
57jxrZz_Zvk,asf,train
xNo6IBH-iYQ,asf,train
fulg1Xe3WJU,asf,train
cIMiWOuEvAY,asf,train
WVvnaDHqAuQ,asf,val
vE-3FNme894,asf,train
276peqYh9s4,asf,train
ic3TvCCOaSs,asf,train
lJ5JuMzidaQ,asf,train
7KoYUtlnhlk,asf,train
4PCAcOPcaKY,asf,train
Oql4jTuHTg8,asf,train
EabGGXEWXKU,asf,train
zJlJwOMKxeo,asf,val
VeNBzi1t3cc,asf,train
oS0c9Mao0VI,asf,train
mXBgHDKML7U,asf,train
2IwfPcBglAw,asf,train
1VCOfxu2cD8,asf,train
YjlJOrTjh1g,asf,val
XYC33d6AfdA,asf,train
iQmVEHeTYfY,asf,val
b2tEmybUHDk,asf,train
xMgoaK5YKYQ,asf,train
creWxz4IUE4,asf,train
gsAWbfTSG78,asf,train
DMhWcAx007U,asf,train
JIjh5s-oFB0,asf,train
UYyUBBriznw,asf,train
1TLmXvH-y2Y,asf,train
KjWbYtew1NQ,asf,train
pwEWCLhWZO8,asf,train
lpEY7l6u7sQ,asf,train
aKYFGWRxMoM,asf,val
QXYQ6qRFqiQ,asf,train
tfB4dwGQNaE,asf,train
N__YNqTA94g,asf,train
0BclxfZZ4hE,asf,train
MKKC_lNKWPY,asf,train
_Cj1WRYzx3U,asf,train
Am1wlKXeF7Q,asf,train
5pBd41uGyXw,asf,train
POP6iKIuNRg,asf,train
a4qDyze5hrU,asf,train
1_m0boe4218,asf,train
KIEWShJUetc,asf,train
bTw28FFOW14,asf,train
1P1C6xrixVo,asf,train
-TNjJRU-Sp0,asf,train
trKwbulKadM,asf,train
Bhm7C5dcp80,asf,train
9owMEYg-zJo,asf,train
66Dp_d0SqsM,asf,train
6SV_iku7WxM,asf,train
awS4j_VQcZE,asf,train
MKFm5a4L50o,asf,train
iWzU8xsGLQg,asf,train
cd7jW15Bg1s,asf,train
tY3sc1J7Ktk,asf,train
nEg6_R67pTA,asf,train
gSAQfu6tit8,asf,train
6A1xoO0WG9g,asf,train
EQyabfimi1I,asf,train
uME6RyVFR-A,asf,train
0VzWyoIffzU,asf,train
LQHJazUUiK8,asf,train
OZN9ie1RECs,asf,train
y7krdg9qqY8,asf,train
AqO7K4nFHbs,asf,train
Qg42B5JVyKg,asf,train
Pq42tT4L5o8,asf,train
W64r6b5J13o,asf,train
XbvlhjFM5xo,asf,train
aqO6qUzlAHc,asf,train
5pjOv1enGos,asf,test
36SPn6daq2U,asf,test
fEtQdBndD98,asf,train
xNn2x6wRYMU,asf,train
mVPaWLrOvVY,asf,train
kxyS-BwWdOA,asf,train
v3qUf-JWrek,asf,train
uOvmAL_hdrM,asf,train
eCn1Tfw_ENY,asf,train
x2_tHG1JieQ,asf,train
Umk_FhWVwAg,asf,train
YRP6GYh6R1Y,asf,train
oFJ2h2oZYxI,asf,test
xy4T0hVgoME,asf,train
KyyFjUIUH2c,asf,train
gJ7HL94S-q0,asf,train
ZlRyioV1Qzo,asf,train
9f2Wz7nOPzo,asf,train
Q2SsEJL4ySs,asf,train
C79Sqik9z8g,asf,train
xb334fVwAHw,asf,train
Ankzvz9z1l0,asf,train
CTECoTMhtbE,asf,train
EM2Dxm1KttU,asf,train
h-zjdlwnb9M,asf,train
38wRxcv-0e0,asf,train
UuGtzoNmGhk,asf,val
qbJ5m5Al380,asf,train
F8pBAuHatwQ,asf,train
MwqC1Ig-0BI,asf,train
mffpMyTNt5s,asf,train
WgWXoKTGZo0,asq,train
zMu2ME2STac,asq,train
vl6ExKKe2uQ,asq,val
brrxJhl6pj0,asq,val
IQESOS93-ZQ,asq,train
dolWAtQMx3A,asq,train
-UYVpxNIsk8,asq,train
QB2VMBfLUOs,asq,train
XodR3oBsrys,asq,train
X-ysjUcLSW8,asq,train
apn_KakcKEM,asq,train
Dd6LJJyyyu4,asq,train
Ws5ipdBMaLs,asq,train
LpEW2P2r-1c,asq,train
afKh4BHI2u4,asq,train
HU-Sf9UcSVU,asq,train
lTI0G7wCiy0,asq,test
a1ASh2jukxs,asq,train
hdrtBJfjPXw,asq,val
lqETZwlFsRY,asq,test
SVUGvOqRcys,asq,train
6DdATmdLZwg,asq,train
gwZ2lxU0rfk,asq,val
YDUkEyiO7Fc,asq,train
XM5Wf52wJT4,asq,train
oMoogmN6Ld0,asq,train
Oi3t590mY7I,asq,train
C7gx9Yusvvo,asq,test
9fRg2Uinb7I,asq,train
gPoRgaZHzqY,asq,train
hM8Ff1XWldw,asq,train
j7fxrlgRXRs,asq,train
CV9DY5orRbM,asq,train
NqXti2z2P6E,asq,train
PNeG6aU1PsY,asq,train
RSbGapasWYQ,asq,train
4uGzBgdqXHU,asq,train
56gCdAqL4q4,asq,train
WZQEE5IzRYM,asq,train
Z_cqBzF0w8Y,asq,test
prEtLtxMFB0,asq,train
iW-5J1tFpMw,asq,train
hjoq-cLykf0,asq,train
bW8Myc7aveQ,asq,train
KhMneUIC-zA,asq,train
PrHicHWIw2E,asq,test
zqw9sR58mkw,asq,train
mnxCAT2YcJw,asq,train
NWJN-Mlqzj0,asq,train
-k8xtvVvDSo,asq,train
23RcAU6M69A,asq,train
9BPR2uf_oEs,asq,train
iduJdHj0ioo,asq,train
ISLin_EKbsM,asq,train
3tHkzQrH_uE,asq,train
DnqHxr6YD5U,asq,train
Fx5rx6umUfk,asq,train
eQiPGQKc8GE,asq,train
8NJnhPAgHjE,asq,train
CGlWQbj-NsQ,asq,train
VeSxr0uJdkY,asq,test
DRmzkzTqKro,asq,train
yVESJt-j4Xk,asq,test
ZOIkOY6EdXg,asq,train
ENqxUevh1is,asq,train
ZJR4a6c4C5s,asq,train
MVQKuBPPrMM,asq,train
N_1FmPT-Fkk,asq,train
2HR6B4Kf3ks,asq,train
D8UCrdzV4aU,asq,train
pfplpBpbEUg,asq,train
fTnQXPBb8Tk,asq,train
l6hUWcwB4YA,asq,train
YAIJVNoJoe0,asq,train
PTZIyqi76hA,asq,train
FxykWpeloUs,asq,train
Wh-HJIM5hj0,asq,train
9EUgCps5G2k,asq,train
XnubPMhlPL8,asq,train
YS7A1719krc,asq,train
Fh7KkqJbxe4,asq,train
nQ7EsxCf3DU,asq,train
0PaWn4ITLKc,asq,train
GqYkaWtntXw,asq,train
zY7MwKF97Ns,asq,train
CvMXUElSOQc,asq,train
i-fu8Kxfvzo,asq,train
FQIUKyreFzA,asq,val
8ts0PUBRyIo,asq,train
Rnfc_UQ9k6U,asq,train
rZO-1C-5Bpo,asq,train
brPI3iLu_4I,asq,train
E_aUmjXnP2U,asq,train
tV5refwuxcg,asq,train
UoBmgpdHi_I,asq,train
XKWPBTxKPfs,asq,test
v29N0OXGyx4,asq,train
RChtyLd38PY,asq,train
Ce8NC3bitp0,asq,train
-cJLggbqlAM,asq,train
hu0e7YmPI5A,asq,train
zRbDawGwnyw,asq,train
_MBtqzfY92o,asq,train
UNjk-Y3iqbI,asq,train
zIb_e1KUfC0,asq,train
EQc_-3BHhps,asq,train
GnkYsvYuN5o,asq,train
r1xUYJJs1eI,asq,train
9-WqgNFsTwA,asq,train
vCDQSqHY6d8,asq,train
KAJXJs0fKVE,asq,train
iVFniuMdPJs,asq,train
EQmvmn1B500,asq,train
BYmThWMdDko,asq,train
4aiuoN76iCU,asq,train
NiXGUFHOFRI,asq,train
xKCoAguy13A,asq,train
4WBraGFc9Lk,asq,train
_DFnm_UYxVs,asq,train
tSi1-s7OgMM,asq,train
GwvJMCz3EHc,asq,train
JjZUVPb4jsI,asq,train
h9ynw3V9u7o,asq,train
kKu8dYdjKvI,asq,train
mhTg21ZtKdY,asq,train
nH47YJEj5a8,asq,train
HcB2jLFy4SI,asq,train
Fsg_kolstpY,asq,train
zPPWLKnX0Rw,asq,train
SlKAltfMioY,asq,train
XyzsJlnqf7Y,asq,train
r3y1XhQY5ko,asq,train
J6w_7P1Tw4I,asq,train
9B_rpw8YtZs,asq,train
cXD5CdJKVdA,asq,train
wO88U4lQBPE,asq,train
Ls6qmSW9tXk,asq,train
5vROaQH0pw0,asq,train
QTRLgSv1upE,asq,train
drWBpUik93U,asq,train
UPQC09zStD0,asq,train
IK52nhshVpI,asq,train
oXWBX3GVsHw,asq,train
osCBXu_cWfA,asq,train
mpLX7NLU3o8,asq,train
rR9AmW4aQMw,asq,train
b9onZ7OWsxg,asq,test
PlxwFQfQDg0,asq,train
PtbwAr7M2sE,asq,train
rGW13De8tLA,asq,val
eQIpTw0cx8k,asq,train
mcNCNwrpC5s,asq,train
qsQcf2N_sXw,asq,train
UxoBCAAkSQo,asq,train
s49lzxQnjqI,asq,train
WAIniP4w6iE,asq,train
QK5lFAW_WhU,asq,train
fLfciUHSYtk,asq,train
-DJ-2d6ObEk,asq,val
sPk_GPF4gF8,asq,train
wz3UjPtvikc,asq,train
ZjTsctKhNqE,asq,train
Z6VoU4_wN2o,asq,train
AOUM00irpa8,asq,train
qylAijITMWs,asq,train
iikY6O9shyU,asq,train
XR2KJ6bzHQ8,asq,train
y2a-EDHP48o,asq,train
wXxfVC2k-9g,asq,train
WjywASjEhrc,asq,train
TbLyCkHwn3M,asq,val
DbkDGUgSKR4,asq,train
3wNsN2muOdI,asq,train
5fe9hJOtqxM,asq,train
uD00_8DNU4M,asq,val
OHcQ2HxSXCE,asq,train
DvSgwr5Vaac,asq,train
CfYmLMs_lFs,bfi,train
cSC8KNuaEvs,bfi,train
MGzmqGR54_M,bfi,train
usfeH7maEQ0,bfi,train
IwBrHGPh62w,bfi,train
7Y9Q0cgnTac,bfi,train
KCWAvcqjHe4,bfi,train
M_ZD_pOspEY,bfi,train
dIKwCkos2v4,bfi,train
8S4CXquFFmQ,bfi,train
9WMUFn9HKOA,bfi,train
AqhZUXXlY6s,bfi,train
0mzLk02aYCA,bfi,train
c_bGxgDCEBo,bfi,test
vCLtwYjNaOg,bfi,train
ex5V6QdCO-s,bfi,train
Tyvwp1AZKH0,bfi,train
BFRQxAxA_5k,bfi,train
k9yiheINMD4,bfi,test
KT3Ic56motk,bfi,val
gTRZApRbNJ8,bfi,train
_3iMWYtkD3E,bfi,train
lyI7v3rNHSw,bfi,train
LzEoiV1XlFw,bfi,train
wHhSHJoWONo,bfi,train
-HInP4XxbH0,bfi,train
NSjRf4a3_-I,bfi,train
8mBjzx3suIc,bfi,train
-OTJhDWbKIY,bfi,train
LZp8TwkuGvI,bfi,train
ZvlzxMdjKSU,bfi,train
Tg6zS2muI_E,bfi,train
lbUYCvzsUi4,bfi,train
4X6UY0jzu7g,bfi,train
5CtuJ05mOy8,bfi,train
oA5FLKyr-EA,bfi,train
7EVZGiR6ik0,bfi,train
oqJI-IqDBSE,bfi,train
JQS6J-3N9Vs,bfi,train
ZEp_onwM8k4,bfi,train
eePJa3Ig27Y,bfi,train
kyeTOdLglXo,bfi,train
WLPUNpnWfbg,bfi,train
YGoC5Wua0NI,bfi,train
IPLiSzNeQEc,bfi,train
gznORGLq_WY,bfi,train
V-R7pMCn7fU,bfi,train
Uuaouu4j_9o,bfi,train
A5_wqHywuCk,bfi,train
uKE1RIYOBAk,bfi,train
lFxPbafjpII,bfi,train
ZbRlbrpWN14,bfi,train
ZIiSI9kBlcs,bfi,train
jNh-oC_Hyyk,bfi,train
ICH_zqv7hZw,bfi,train
I1JgozD7rqI,bfi,train
gd4RhFzfeFM,bfi,train
DY-6tw_HfqI,bfi,train
dNS53AksjOY,bfi,train
TdAWAvf8sNw,bfi,train
V-YSDa_dN_s,bfi,train
dYG80iObwss,bfi,train
jRS_lCP9Zhs,bfi,train
nWUw4t8pxRQ,bfi,train
QGJw_gNocRU,bfi,test
LX0rWBvEtVI,bfi,train
CcmEHcsco1s,bfi,train
lrY4NHG0MGg,bfi,train
1C6NFEIG7SI,bfi,test
qMZnVGTt50M,bfi,train
YX4njvnmpyg,bfi,train
NccVIf-jfLs,bfi,train
rXAiLe9Nd0c,bfi,train
uTOwbfZ9YqI,bfi,train
5U6acj3l_4Y,bfi,train
Wf8BpCAoTWM,bfi,train
CIFgRPiLeII,bfi,train
vLg9B37Y_9c,bfi,train
spLbTQezPw8,bfi,train
Swzg8Gte5tE,bfi,train
Fuhklc3Xuqg,bfi,train
LVA5txUX5lU,bfi,train
gUOGWwdzHGQ,bfi,train
ImXOLjT5e9o,bfi,train
MFAisVPcn34,bfi,train
_tl9AAav3Qo,bfi,train
5MMOHEduQ9U,bfi,train
KRr4hU1CZeo,bfi,train
iQnBqmwyq1E,bfi,train
eTSgM-rQ3W0,bfi,train
3cbOoz_UpLc,bfi,train
wDmvZASvbLE,bfi,train
YbPX0GM4Qng,bfi,train
dkQfPujHZ78,bfi,train
bKWySOqByfA,bfi,train
leDRIP5IL90,bfi,train
V0DX3LxRK8o,bfi,train
Wv45gRbUeqo,bfi,val
XM-M0CSVfQQ,bfi,train
5mn60NQbOd0,bfi,train
rKNHJTa-oGo,bfi,train
g3kcVzpTJZ0,bfi,train
_PGmPPYZabY,bfi,train
QcXDU_zkmus,bfi,train
r9js0jZbcHw,bfi,train
G-sVU6caLR0,bfi,train
t32QEPJN5dA,bfi,train
RiAb0uqYmoQ,bfi,train
WhzHaO5th3s,bfi,test
TirVgEoRZEw,bfi,train
KAi4Vtc825E,bfi,train
Mm_hwCEZd30,bfi,train
o6ux7oij38k,bfi,train
jKA8OorhgC0,bfi,train
W6BLJn2nBV4,bfi,train
cO8WeDdHyaY,bfi,train
zedoZAhFAa8,bfi,train
2HXDR4Tl29k,bfi,train
3ymC4sO72Yw,bfi,train
6J6ohotHqkY,bfi,train
9djH-jcXdbs,bfi,train
ljFQTNxI2Xo,bfi,train
o58bw0mLe9U,bfi,test
FS6eF76UeDw,bfi,train
XDiHp_cQnrE,bfi,test
v46pkrFS278,bfi,train
bHd1ptp248A,bfi,train
4f1rgoNb_Bc,bfi,train
MJ1RLTb3O_E,bfi,train
boE0gh9e0iY,bfi,train
tt2pYVljUtE,bfi,val
CaQIzcqWUmg,bfi,test
F93BwKJmOsU,bfi,test
3_uktiFmrVA,bfi,train
92PBgT-ivXA,bfi,train
p8vuHyYHtYs,bfi,train
xdYNdiio7AE,bfi,train
puiAy-WDalU,bfi,train
vP9oBC3XIvQ,bfi,train
gJvN3FScZJI,bfi,train
iy2FGhQ1TEQ,bfi,train
7KbT4OIHTww,bfi,train
xr_GSeKV9Cg,bfi,train
Gl-BPR8azzo,bfi,train
cPNQjgWMoA4,bfi,test
EMAWfDS30jI,bfi,train
dXKhnQ7PEsw,bfi,train
c18VN4XEd1c,bfi,train
vf8yAJqhsAU,bfi,train
zWJRZipRb1Q,bfi,train
53SV3-DlLJE,bfi,train
cgnnqLAPngw,bfi,train
9GZHv4t7tW8,bfi,train
Rm_LRkPwh1w,bfi,train
gpS8ffqca9g,bfi,train
Ccir_flOAfU,bfi,train
LJvnAu2RLj4,bfi,train
URhnN4qDkqA,bfi,train
tiR8b1wfOMo,bfi,train
eyfnU7kbIbk,bfi,train
vR1VPSRGaEI,bfi,train
4hLvWV02q_c,bfi,train
HG1iKwKTV8U,bfi,test
3hU1cI0LWRU,bfi,train
et0fGpuwdnQ,bfi,train
5FcdHfeVfaA,bfi,train
XUguPymjCCY,bfi,train
EV2qriEpKME,bfi,train
UrvzBZ-8vX8,bfi,train
d3wn4WR0Xt4,bfi,train
Hnurm8JO4_4,bfi,train
ydi31nJuBIk,bfi,train
2y2L2LPVvlA,bfi,train
dxGslu1nwc8,bfi,train
-XQ4Zv8SS38,bfi,train
ZYImjTi5qDc,bfi,train
LK7Ne_jAGDw,bfi,train
XR5oK0hiqEk,bfi,train
0Jmgt2Nmepc,bfi,train
HE_jpvAI6WQ,bfi,train
ovqluPL138U,bfi,train
T8kZF5tJOkE,bfi,train
Ao7n8LE038U,bfi,train
LoX11YLkbZo,bfi,train
fr_RMN_utDo,bfi,train
fcTWqN6v4dU,bfi,train
bStw3Dta70s,bfi,train
xlG1cjsyD6g,bfi,train
UdPKVh3zdaU,bfi,train
abRuILPFMfE,bfi,train
L4b8OlIFq1Y,bfi,train
dR9zQfSmmyQ,bfi,train
h6M4AD1U28I,bfi,train
Dap04Mo9IGI,bfi,train
OUViKpQQP3Y,bfi,train
U1gTq2h5dI8,bfi,train
fyHOW2lArKk,bfi,train
19Q5h1mfPWg,bfi,train
8e7O6xGUjoI,bfi,train
dlGMum37UsE,bfi,val
RemtDRjuKD8,bfi,train
JPU7AP2vz6E,bfi,train
iq0b7ycuYUI,bfi,train
T7DpBkzDHeA,bfi,train
iULY-WFmw_M,bfi,train
G6hbN6lzN3o,bfi,train
9Q_lyYyMm-w,bfi,train
eLFWMAB0Kiw,bfi,train
JVTPqImpmhQ,bfi,train
oIopM7IUJ0o,bfi,train
eldxz5uZxHU,bfi,train
XN87gUEfPg4,bfi,train
dTbpIVaF8JA,bfi,train
t3OUQ8_oyFo,bfi,train
qUpJn7lV5G8,bfi,val
N3Mt-y5EDhA,bfi,train
jtZwdIAa08k,bfi,train
9E94YJJXhxI,bfi,train
piAh30Wt8Y0,bfi,train
ENZJVEa31Z0,bfi,train
_8Xpsjq0OHE,bfi,train
RNGslJ8bplc,bfi,test
wJaXZi2Oq-I,bfi,train
ENQ4GQdL10g,bfi,train
qcBC_fly4hk,bfi,train
7iRLbSSQXME,bfi,train
dXpYLJjRcCg,bfi,train
zr4AE6Uk_Pw,bfi,train
sJrSeF7k4hw,bfi,train
ishjXSub7gY,bfi,train
tvg7Rl7Hopo,bfi,train
SHn3hTKhpng,bfi,train
dLvoW-SHPco,bfi,train
ZRfCCeAhWzs,bfi,train
u6tBAo-PIdg,bfi,val
d8jz80ZnHZI,bfi,train
ChkUSvmk6u4,bfi,train
FILqFMZytwA,bfi,train
UGqY-6G7DFY,bfi,train
pUsyQrjHJJg,bfi,val
ZefUeXSrdBQ,bfi,test
C7_0LauoL18,bfi,train
TfgJhVM1Ji8,bfi,val
HirBjb51aGY,bfi,train
sHP2uzhmOKc,bfi,train
tQD45zi-yfU,bfi,train
AkjGWElYLHI,bfi,train
lmq3eEYaoIQ,bfi,train
EB8sb3_Hl3Q,bfi,train
Y6qLzxpkBhM,bfi,train
WHUTVZrtfhI,bfi,train
3lS8hKhf7dc,bfi,train
UIkWe4LC0Ek,bfi,val
vX3D6na64gc,bfi,train
sfSoO1IN5O4,bfi,train
SeMGQWmv5jo,bfi,val
jzbUijrujqs,bfi,train
FFXJz_QppS4,bfi,train
zgqQv7giUL8,bfi,train
coSPEkNfXqQ,bfi,train
VH1WzAAfFYU,bfi,train
Ofl2lJnlM3Q,bfi,train
y-O9D7q2920,bfi,train
9RV8LdfR6Og,bfi,train
r1begIhoSSo,bfi,train
vfEuez6T83g,bfi,train
4O5L9bOocVc,bfi,train
r_rIbgtQdaQ,bfi,train
igSGrzcpMN0,bfi,train
wQaUwi2u_OQ,bfi,train
eSK-QV9OIy4,bfi,train
2xwhl6QVhW4,bfi,train
UfKKBlbCUXA,bfi,train
T_sRlT3hxUQ,bfi,train
DqMkvClgvis,bfi,train
HEi2_RW-hLM,bfi,train
qjEByIQnVx8,bfi,train
O0n7bhUWQAw,bfi,train
duOuVfWkajY,bfi,train
t4a8DaZ72no,bfi,train
gG2EzehS_64,bfi,train
6Z0nm4cip1Q,bfi,train
c7K1YgcELBo,bfi,train
Z5lzO7bx-9I,bfi,train
d2yKtnqFjwE,bfi,train
w5By8MpFfTw,bfi,train
vyrgnsKTRTs,bfi,train
T7V8-Hfkj5w,bfi,val
04nl1azs9Fo,bfi,test
rawg348UKFQ,bfi,train
3RnrHDzZnJ8,bfi,train
jkyn6IVXgtA,bfi,train
FswCHmV1ERA,bfi,train
ueVnXNyrGIU,bfi,train
cbnNqOYG9eo,bfi,train
fLOTdAeN3tg,bfi,train
oBi6VXHFnRA,bfi,test
g51NkgKicfo,bfi,train
n92vcqmr9cg,bfi,train
CX5tJIGtByk,bfi,train
27dGno6qw0o,bfi,train
rP4aV9BD40c,bfi,train
gIz0jE8RkVk,bfi,train
-RbZL-uZgg0,bfi,train
B9UPWDzP6YE,bfi,train
y-RxUaFu9n8,bfi,train
5v4L0GOzY2o,bfi,train
u1UTdcnN3DM,bfi,train
RIPadSHSAO0,bfi,train
YDfbu4uqvdg,bfi,train
FyMfrurgEes,bfi,train
yhH61M9nEho,bfi,train
IxoVGMriaWQ,bfi,train
2cmo4j9xcFI,bfi,train
4dv9tu2dmp0,bfi,train
4yk9h6DyQP8,bfi,test
hmTlQBTEH5c,bfi,train
3Ik2rQj4fIA,bfi,train
21rS1-my4g0,bfi,test
CqTl8hw8E4U,bfi,train
mBiiockm9jA,bfi,val
z3thwypVsjw,bfi,train
EMqOLXi0nmw,bfi,train
iChaXD814Vw,bfi,train
8kUVESLMHHg,bfi,train
eOeV5od6vQw,bfi,train
l_ZE_psERkE,bfi,train
FKspD2inr-w,bfi,test
Ss3kdNcDdhc,bfi,train
_9guHO8KHls,bfi,val
NNpSVisSwgg,bfi,train
cxhP819sgek,bfi,test
lUHC7BhkkXg,bfi,train
KpznTV4Omz0,bfi,train
AGaH6_mc_Eg,bfi,val
TaUjrRfx_UY,bfi,train
EC3ScXxUjAE,bfi,train
7aAUgBs2muk,bfi,train
wdCanyFeo7w,bfi,train
tUKsoAu0Mm4,bfi,val
Ld96-slexOg,bfi,train
6_zY44fxNaE,bfi,train
rYTZYBQS-pc,bfi,train
_TfYMwNoI9o,bfi,train
T5JlCk4WJlU,bfi,train
29SpO6UFs-I,bfi,train
qI1jddkmC4g,bfi,test
-PhFJyTyPfQ,bfi,train
OUKWZwV8Mf4,bfi,val
_KwsC2ARmxA,bfi,test
4OHXofLGO8Q,bfi,train
GdQbue1cKwo,bfi,train
3qNi6egvGEk,bfi,train
COJX9T3Dg2g,bfi,train
US0Z-q5UVFY,bfi,train
H0iGyUYhMvg,bfi,train
BDDFJU3hmbA,bfi,train
BHHRt5zFfp0,bfi,train
4d9QpJXaCaw,bfi,train
0iB4cYobeEY,bfi,train
O4vd4UxQJjQ,bfi,train
_mFuHpLtlSU,bfi,test
VSlg2eX-Od0,bfi,train
OK3x69FVqjU,bfi,train
Ap8Yf97lSD0,bfi,train
yZAA2NkAPp4,bfi,train
Z5ie_SbHBvU,bfi,train
wJqILelnHPI,bfi,train
YoFMHj4HxiQ,bfi,train
XwwDQxRVGWc,bfi,train
UKDc_gp9yco,bfi,train
Rzsreosq3Hw,bfi,train
t78-AlNcvf0,bfi,train
emSLZm6Upgg,bfi,train
wE8y1UQ30a8,bfi,train
b3vCP1uHwxo,bfi,train
-8g86duU4LE,bfi,train
JQxeI-AVwhQ,bfi,train
gv0Udefwfvs,bfi,test
nKuy2KdRP7w,bfi,train
cgShiPe-Ctc,bfi,train
1p3jY6qCT2E,bfi,train
EPxZy4BO4OE,bfi,test
YdBnzwWWfq4,bfi,train
F12ss8fibGo,bfi,train
UQBCLvoqdV0,bfi,train
PB5ialMc_Tg,bfi,train
PBXDBtGRIVA,bfi,train
RY7IOPM9pxY,bfi,train
YmLCNY2hVxk,bfi,train
WJ00-lJ9h6E,bfi,train
hXiEKjJ4Xp0,bfi,train
TAxebHSZiUk,bfi,train
tgacIhMvgSI,bfi,val
uDhHpd1Oo24,bfi,train
agwKZ2UVC30,bfi,train
HjKTfzH4cBg,bfi,train
SouuN61cVG0,bfi,train
YiGm8-34Kp0,bfi,train
ly5hkhMg9nA,bfi,train
H_3fR6wotVg,bfi,train
o2InyzN1Vvk,bfi,train
UdWhWo6qDik,bfi,train
czMlA83Kaf0,bfi,train
x5XTS5Z9qo4,bfi,train
SPVxVOqLrow,bfi,train
1cC_x23LZkY,bfi,train
G6aGiQwgwOA,bfi,train
yT4Pzetnjiw,bfi,train
hbcraybps6Y,bfi,train
d5BmFBSN98E,bfi,train
J1beK1tP4oU,bfi,train
pjtQhoJRKd8,bfi,train
IsrSQ1DiFig,bfi,train
V2sK04pbu8M,bfi,train
TGLPxZzaDVY,bfi,train
gMpQmCwcPqs,bfi,train
6XQkXGU3Suc,bfi,train
vpvuICkZnsc,bfi,train
ASIo-YPv-5w,bfi,train
0kzxvK-_JXE,bfi,train
rsE1i_Qux9A,bfi,train
5GjB675EVaw,bfi,train
t48oGwZe7cE,bfi,train
VdMP9H9BliQ,bfi,train
iucd482mC58,bfi,train
JVubF86wMi4,bfi,test
JsXpKEY_mfU,bfi,val
agSAhVT_R6c,bfi,train
14iAd5K7o1U,bfi,train
lkLL7MWtN8c,bfi,train
yeRcw4iEsNg,bfi,train
qmyR_yh2FKc,bfi,train
nV6DB7zkJm4,bfi,train
A9ZQk5KwE6M,bfi,train
kh4jKeX-1c4,bfi,train
doOZRSF3w_w,bfi,train
j12NA_ewywQ,bfi,train
PK6ftbG3_e4,bfi,train
fwJyRhQPQCk,bfi,test
gLECp3rAYBI,bfi,train
DKTOGil13So,bfi,train
CVO2ozU6DYc,bfi,train
ZkKiiF-S3B0,bfi,train
uDT6Wx4H4Io,bfi,train
BpQ14rq1UQI,bfi,train
IQaZrn2usCo,bfi,train
QTZf2OP6XwQ,bfi,train
QUMO6kPPz2Y,bfi,train
egU8VoBQmS4,bfi,train
fABXHLMCcCM,bfi,train
gErM1O3ETGo,bfi,train
ZRNLL_4wWqY,bfi,train
FgH6yfj51jU,bfi,train
-Pcdgs3LSkk,bfi,train
wZLz8FnsdtU,bfi,train
nq79Exv7fTQ,bfi,train
j0HCE9sHaT8,bfi,val
mJbfJVClbnY,bfi,train
MfGcqOMMcyg,bfi,train
dU5ydRQDVF8,bfi,train
xgg_IuD2FbI,bfi,train
0xvqaVi7gvg,bfi,train
pXal9sTO0q8,bfi,train
PQrAz6ii-xU,bfi,train
ePX9RXHYBw8,bfi,train
Fla7kuIt_yw,bfi,train
0I5KbLOj0jc,bfi,train
0m7ZeBZyT_Y,bfi,train
PRGpxJRj3MY,bfi,train
_TbB0cN6MvQ,bfi,train
HFhpM2k7H0U,bfi,train
445DAbiDDnI,bfi,train
6obI1ya3MuE,bfi,train
YwN62Nk1KG4,bfi,train
vAAq0QW4Lts,bfi,train
9QixnFfFQ94,bfi,train
DTv9v9YILf4,bfi,train
IwRQA0ZC8Ms,bfi,train
hmJJH2vrvrw,bfi,train
qhWW17Vs-X0,bfi,train
SkRrb22MHVE,bfi,val
wIq6s0mv_K0,bfi,train
UhbbuJsPfnc,bfi,train
msFfmPqqADg,bfi,test
52HoehqHy50,bfi,train
4z2-x27K1jo,bfi,train
tjt8i2kpEhU,bfi,val
UH7a1qzo9J0,bfi,test
FV7rP_UCy0o,bfi,train
yPzOagYl6io,bfi,train
SaTpIzZ9FSU,bfi,train
ru3KbmIczXA,bfi,train
arkzBdyLoOM,bfi,train
8A6zkoT3_cE,bfi,train
A-35I0iDEMU,bfi,train
_TDeDdX1b0M,bfi,train
WuMzuBCuSFc,bfi,train
7SbPdpxxado,bfi,train
mxzG6YOlynw,bfi,train
HWrHHk-t12I,bfi,val
n_FK_4lJGvs,bfi,train
iZlwt25eX4A,bfi,test
UqYdwu8GNz4,bfi,train
zMkAIPJSq9M,bfi,train
078Atj_J-K4,bfi,train
P7QK0NTZt5Y,bfi,test
WYJLKO9ViBU,bfi,train
Xah2CoG0IZE,bfi,train
Gui4dnASWz8,bfi,train
_EzgELe354g,bfi,train
mrO--BCIt5Y,bfi,train
e4Rby5vnSig,bfi,train
BOS4vvfhPhQ,bfi,train
eQq7SwY5Qgo,bfi,train
zSWVjQXHrwc,bfi,train
4Dvs-AL3uf8,bfi,train
7noAde5BId4,bfi,train
zGcnl69A0Jw,bfi,train
1L5wjKRvYsA,bfi,train
VaJHBoB_J6s,bfi,train
i2446soZDHo,bfi,train
ttt3ggISI7I,bfi,train
eBCrTWhV0uM,bfi,val
0S8vLSdmpHw,bfi,train
U9gDYJZ8mZQ,bfi,train
pGkhn30lRaM,bfi,train
Vb5yAlpWC3c,bfi,train
3kkd-xKHhcw,bfi,train
8li8iQcLnTM,bfi,train
H3tZ43wbbLI,bfi,train
wLisc28St4c,bfi,test
qjVMkhoKHX8,bfi,train
o_VtTNWCsnk,bfi,train
v22zKpRjgaY,bfi,train
zG7UPTo_k2k,bfi,train
vBsc56Pq6KY,bfi,train
tJxy-17qHdM,bfi,train
QnpSvB9IXDQ,bfi,train
Jey2Vc4XNp8,bfi,train
8Z16uoZF65w,bfi,train
jlLit2q9Wq4,bfi,train
vzTU-z4-vA8,bfi,test
TnTXuFxi69k,bfi,train
lBtCg9_PSYk,bfi,train
F-WWDBwI-K4,bfi,train
us4WVjV-qFM,bfi,train
7cnYgHfpa2A,bfi,train
OXMdTYbUmyU,bfi,train
Ac0DY5MWRpg,bfi,train
yjNPdZUlpuc,bfi,train
fLoDyGjBpU4,bfi,train
jblwuJenctc,bfi,train
6CKH-Hc3kXE,bfi,train
_hgiPSvRna0,bfi,train
PY6skZ7PypQ,bfi,train
vMzH5fB25_c,bfi,train
XQb4ObxkVFY,bfi,train
nJ-PqS7yTVY,bfi,train
Z_Hxp1NGh7Q,bfi,train
DlWiZoSYKLQ,bfi,train
xy05khS_BN8,bfi,train
PEag5r-q0t0,bfi,train
BdK9eKZehvE,bfi,train
VZf7CCFE6j8,bfi,train
YcjlkzC7W9s,bfi,train
drsBugdD6_I,bfi,train
LUpt0gJx8fM,bfi,train
mSWHtxH_LH8,bfi,val
-urXXDI0OiE,bfi,train
XH6nn3kH4d4,bfi,train
cApOgx_BjZY,bfi,train
z3LSCCK3Sa8,bfi,train
8YCiu1-QXjA,bfi,train
ury0G_hdVR8,bfi,train
5XatA9rupq4,bfi,train
OhIEhGLS6vc,bfi,val
YTMrajJPuBg,bfi,train
81UQXMauK1k,bfi,test
Hff8F8HnYUw,bfi,train
A6LkgFAKlgs,bfi,train
HunYyCNW0LE,bfi,train
H8SWKUkOJ30,bfi,train
Cnni8xnDE5k,bfi,train
WLmXvYAdJ94,bfi,train
hq9B_xIP5-0,bfi,train
mCXJ-OnNsOA,bfi,val
vBlbQ3elDhI,bfi,train
4So7ixdyznM,bfi,train
hrgtep9e8ns,bfi,train
d5-hX7wxWm4,bfi,train
n7qyUkWJqHU,bfi,val
OmNM4lVar2k,bfi,train
XXrZZ-3Ld0g,bfi,train
fUpj_vOgEA8,bfi,train
cKNpQ2Xj-RE,bfi,train
b9bk1U8HsFg,bfi,train
VPJGOuox8Oo,bfi,train
MHYe05Qi9p8,bfi,train
W-rniS36ChA,bfi,train
R8xDJ0jMUr4,bfi,train
It4LkQHPfik,bfi,train
-CDZS6Ttj6A,bfi,train
JVGNURpjLW4,bfi,train
GRriABdvRD4,bfi,train
iTWUaQe79m4,bfi,train
vylOH8Xm8NQ,bfi,train
ZZ49DE6H_Ik,bfi,val
z2Y3AlcwclU,bfi,train
N2WxjTrf31M,bfi,train
Q65ECaprdC8,bfi,train
vCL3aMoFg70,bfi,train
XH97Q4gP720,bfi,train
RwyHVzsxI-A,bfi,test
seAn-RID5UQ,bfi,train
cu0_1flrrZA,bfi,train
-E11wH26Vu8,bfi,train
IbtFP0V48ak,bfi,train
tFOVzMOhLWc,bfi,train
xpU0hljCAuw,bfi,train
lTe7yPtr_k8,bfi,train
zD4slwwYC0E,bfi,train
IT0WLspi9r0,bfi,test
P4z_Cxu2NdQ,bfi,train
yuQ5OGnBo8E,bfi,val
7ZuIQR4h1AI,bfi,train
_F6KV_Ot8I8,bfi,test
vbtNd7L156g,bfi,train
wqVAkxTGQQk,bfi,train
8oj97qKb6W0,bfi,train
566oc6FTpFA,bfi,train
lOfbU-vG8yY,bfi,train
z8ghtj2-8V0,bfi,train
3iOcNEP9TEQ,bfi,test
r0thFIxFdpI,bfi,train
MhdUEvOgB1s,bfi,train
VEznkz8ohNM,bfi,train
hkWqNqfguBQ,bfi,train
t7XlpYKgcq8,bfi,train
oQmbayo0CY8,bfi,train
8UZXbVP3lBQ,bfi,train
BFHLR8mq0Uo,bfi,train
V97ZaIxdHzw,bfi,train
C16Dpwdg0Kk,bfi,train
81o0ASdsJnU,bfi,train
ByHl0PrkWFA,bfi,test
FSHeVoVlCxQ,bfi,test
EjnWrpmPSKI,bfi,val
XSaWRr2Cgh0,bfi,train
u0soNwdD4A4,bfi,val
ro7Tb4r3UGU,bfi,train
Hv1PMf4bbFg,bfi,train
WFQpJYVjwUk,bfi,train
y55Ca9cfXeQ,bfi,train
UBGp2nS_sfs,bfi,train
g5L2KqIqpF4,bfi,train
KpAsefODpsE,bfi,train
WOLz5xoIiXA,bfi,train
xgWBXN5Bp_E,bfi,train
KGwguvDdIf8,bfi,train
Bhj9td8HDic,bfi,train
zT_D-eUaF1U,bfi,train
mdkHyqw77Eg,bfi,train
0vrQSOW0kYA,bfi,train
C7S_wT29DLg,bfi,train
td6ualWGVBY,bfi,train
xVaKLs9zaPQ,bfi,train
490UhDtuT-0,bfi,train
i6TDwBadGhA,bfi,train
W21SrsymN9I,bfi,train
awHn2lnhb5c,bfi,train
K5L6FVzbcig,bfi,train
2rePWvYihK4,bfi,train
NlBXZu7C_R0,bfi,train
e1UeRjUb0pc,bfi,train
15b1sEDtVCs,bfi,train
Ir2SERV-vuU,bfi,train
5ahkguWVDMw,bfi,train
It_MK3fazIU,bfi,train
tu3IMsVeDFQ,bfi,train
askXOWWxjpo,bfi,train
IiB6lAfXWnE,bfi,train
i3byvnYpWME,bfi,train
H8QxQPyZqwo,bfi,train
DhXYO91kll8,bfi,train
U0R6dv-6PCk,bfi,train
9gR6VgXSckg,bfi,train
-bOI5DYsCnw,bfi,train
jP7C3nDxWK4,bfi,train
jYAUmawLWIs,bfi,train
u2F3c-WMqsk,bfi,train
4OibTaBELyE,bfi,train
5y42uKfK7J0,bfi,train
aKlJFLkKuLc,bfi,train
muXfXquT_uI,bfi,train
CF8Ug-zRuMA,bfi,train
keNeq4HwloQ,bfi,train
l3Azd6qxLo8,bfi,train
ALU3D3E8J_k,bfi,train
HatL_wztQT0,bfi,train
KfQzmooPqPU,bfi,test
FVMyR9DyUTw,bfi,train
IkkYWT3OfuE,bfi,train
fqi5ld5aZdM,bfi,train
DmyjMRR9Vhs,bfi,val
HMZgMM_696Q,bfi,test
bsPyidXPcsc,bfi,train
nTmcZKHYdiw,bfi,train
cTXA_xOQP6g,bfi,train
B_a0MrOl8nE,bfi,train
x2Xob1bFGwY,bfi,train
6UvbLcwHHfs,bfi,train
Ck9C8bHTSlE,bfi,train
yzkl40WNrxE,bfi,train
ZtYyFkL9GWQ,bfi,train
LKDCU5cqao8,bfi,val
7SIpZgRC2bs,bfi,train
au3_2Yl5DqY,bfi,train
_noy1rVbG4A,bfi,train
ExpenW75py4,bfi,train
2DoDcutxouk,bfi,train
EatDt_6ZdPs,bfi,train
jlztUp61gKk,bfi,test
xIXGMx1KVM4,bfi,train
vGkIlZitXig,bfi,train
RpvJVhvz3UE,bfi,val
0VrGPCHAzvo,bfi,train
443RpZT9B2Q,bfi,train
bSvDEGiVD10,bfi,train
SxbftHdkWwU,bfi,train
_HQNvbE5oY8,bfi,train
ksnqJbx-cqk,bfi,train
BSKFYLOznjs,bfi,train
QVUF0fQ3SD4,bfi,train
eHD3b_uffbk,bfi,train
vMEFptJQ2ng,bfi,train
JMuz8EgKPh0,bfi,train
eTmyDRCF-Pk,bfi,train
rqzbzTeShbg,bfi,train
1Kg5J9kSRnw,bfi,train
x5dhajgFgU4,bfi,train
Mj9iFa6XRNo,bfi,train
AB4K-ssK34k,bfi,test
yEmK61SjyL8,bfi,train
GMm3S8j16BA,bfi,train
IHii72gb2xc,bfi,train
NZU96q6-rQA,bfi,train
RqN8Agyyki8,bfi,train
7HdJWAAEeqU,bfi,train
AeS0GZMoH6A,bfi,train
qy0SGVuNsjs,bfi,train
NClsLcqXlLE,bfi,train
Xa-cxZ5Ltu0,bfi,train
KVBnF8kFlP0,bfi,train
yQstmCS9Vhk,bfi,train
2MvNTmjzPqM,bfi,train
hTY13ezCy_E,bfi,train
9WGuYTAy7gw,bfi,train
UDbrjyR3jUQ,bfi,train
axTZx1FXonA,bfi,train
1lSFF3N8WTo,bfi,train
wgOS-AFlI2E,bfi,train
zlVi-Wkv8Xw,bfi,train
UrD56yHEcw8,bfi,train
S6cJcQV_Lmg,bfi,train
UNLuUDFl3Gw,bfi,train
JjLPV3eWeWs,bfi,train
v5I2UbUNoww,bfi,train
Kk1181mlBsE,bfi,train
HjrvFGKt0Lo,bfi,train
mMnuYoc3sYw,bfi,train
BbSNar2uF_s,bfi,train
PruD4fHslgA,bfi,train
LC5zM6oVsxg,bfi,train
4i6Rnr2baoo,bfi,train
4q887jUKyeI,bfi,train
6Ssuac7DVB4,bfi,train
fsF3XPbqQIo,bfi,train
GIKIy7lAY30,bfi,train
r1HYaP_lhfA,bfi,train
amLGErRYVGE,bfi,train
Aw2HWVh63os,bfi,train
MIRybhrjgwU,bfi,train
hNHlv2CEMEw,bfi,train
rEa_YUemhIk,bfi,train
5ENSCBfRuqk,bfi,train
iHPGYLlv6IM,bfi,train
xVqM2ZW2OYM,bfi,train
Spx3aHsOOAM,bfi,train
lTW9f6-1FeM,bfi,train
cQmMF7K3xJ0,bfi,train
JRAEAPkspZE,bfi,train
mFNI9RxV928,bfi,train
oT4en4rZYk4,bfi,train
eJZIK-56aIY,bfi,train
SDfapEi4MNI,bfi,train
sfxdp-KTnmc,bfi,train
L1V5CciRLeQ,bfi,train
w_WDxoPx_IM,bfi,train
aqu5xfKrxLE,bfi,train
FjB0uvIyZRY,bfi,val
VmF6lXikZ9E,bfi,train
7rQAABMYyig,bfi,train
FmU0pm8O0vE,bfi,train
FgliJwNYBxo,bfi,train
nEDiLBtW_zs,bfi,val
WrGUQNXVe2I,bfi,train
FTz6OJ7y_V0,bfi,train
5k_Vmve-ruI,bfi,train
E5n1QiYj_1g,bfi,train
mInf3UMQUPU,bfi,train
Qg0Mspqj2TA,bfi,train
Ic-iLqf1M5E,bfi,val
ofdD7kP-b1o,bfi,train
HrtbIitFue0,bfi,train
rmlIOhcroig,bfi,train
wqNMQ0o0u7c,bfi,train
Kuq0G9Gscc0,bfi,train
LtVZpoTlfGg,bfi,train
NBSevjAxcvA,bfi,train
d4jlllbs5Y8,bfi,train
TOI0SSwU46U,bfi,train
asyYF73Ml8Y,bfi,test
fiiCH04JJtg,bfi,train
ixvuf74F3vI,bfi,train
4VccN4rPTVc,bfi,train
l_alGiWdOLU,bfi,test
WqzjTC5ShBQ,bfi,train
J6z61P64mIE,bfi,train
0RBloTezggU,bfi,train
UsAegIrKAdg,bfi,train
Uop68nINDD0,bfi,train
0cw4rELLAtc,bfi,val
Y6r2skhF2Uo,bfi,train
EF3IpHuLNn0,bfi,train
zViO2voqDdE,bfi,train
HDtomVneKMw,bfi,train
OvWbV1ec-0Y,bfi,train
7nERdEHjDMY,bfi,train
XSxOhkqKpUk,bfi,val
uJJLvManNOQ,bfi,train
mVDWrkVR_UY,bfi,train
QET5rde4bjM,bfi,train
h8skAYBJzsM,bfi,train
aUmFKOjodzU,bfi,train
QjbXrFlsBhw,bfi,train
7mSBdjhAMfU,bfi,train
oEOJnjL6vKk,bfi,train
svNPu8CLQJM,bfi,train
GAmjEtnHrNU,bfi,train
hr34K0tHpWc,bfi,train
vXF5ProLM9E,bfi,train
5GTLBiZbuV8,bfi,train
x7-zjrwuZF4,bfi,train
t0osgP6GXw0,bfi,train
T6FrAnvN0nA,bfi,train
0NT2PcOIEjI,bfi,train
AjMmGaoHY9c,bfi,train
ZNzX-5gqTVk,bfi,train
HRF1OIahxgA,bfi,train
HbVIDy6t8Yc,bfi,train
E0wWjPlxhrA,bfi,train
MQujm8Yq6Yo,bfi,train
DsPbbK_hG7E,bfi,train
M3k4BTZC1TE,bfi,train
zhaRotTlfw0,bfi,train
rd0XyLVukQk,bfi,train
QCybLq6nGqw,bfi,train
9YWAGxnYBvI,bfi,train
Yq7i-lirPoo,bfi,train
RdcJDGNElKA,bfi,train
xa2RuEGNtbY,bfi,train
xsJvO_LXlKA,bfi,train
g-_dyQpE0qE,bfi,train
BbvfjLrcQdk,bfi,train
XZ6isCJtJ44,bfi,train
mPFh2py3uwg,bfi,train
fb5prmIPKMU,bfi,train
H5E-J3dCU-Q,bfi,train
gR0UL5K5LUA,bfi,train
XWDHCteqac8,bfi,train
emjmiGCMW9U,bfi,train
m8Vqttre61g,bfi,train
9luF1bV9LE8,bfi,train
x7QWL8Yy3pc,bfi,test
-0g-0avlp2Q,bfi,train
ZNN_JCndiJg,bfi,train
U6vOAw9f4Mk,bfi,train
douNXnk8Fu8,bfi,train
9n-LZv6Ll5w,bfi,train
DiZiJ3Kv-Tw,bfi,train
4PBp-txm2Z0,bfi,train
7XcUIoebTKw,bfi,val
Oj30AjW0zQU,bfi,train
x4DFipAaDaM,bfi,train
yHM1vrYq3hA,bfi,train
6Y4NKrE1byE,bfi,train
g_of0XuzKoE,bfi,train
Hk-cjxelFpo,bfi,train
7J2njfZKW7I,bfi,train
9WhWm71SDdo,bfi,train
7vwAwoafQGo,bfi,val
7aFzVhAJCE4,bfi,train
IJQh7_St24Y,bfi,train
KtJpn0JjNso,bfi,train
GwKdvrwAHbg,bfi,train
kenMW1ndpVc,bfi,train
PXbXlk30TUI,bfi,train
W2ACu4-zBrc,bfi,train
akQ6ckRrD0U,bfi,train
_QxCXKtxjZ8,bfi,train
ITZO2d0RLR8,bfi,val
uQgIv9dcET0,bfi,train
2JKr3rTQBfU,bfi,train
ILBPkE4Xrt0,bfi,train
W-GlJDxbnQU,bfi,train
irq8jGtlxgk,bfi,train
nQCk-lfZg8A,bfi,train
KzZsYKngjrg,bfi,train
eDbfaNSysK0,bfi,train
ds2-wVcTsAE,bfi,train
2APVII4Eu1Y,bfi,train
VWwFYdJeFRM,bfi,train
zTnBedbOhz8,bfi,val
I0c5htOnhV8,bfi,val
kuRn0GuhhB0,bfi,train
MbZpSZOd7t4,bfi,train
PS6bp6SxTg8,bfi,train
oRbYKGYnf18,bfi,train
HK0OJEaabtg,bfi,train
fqW0Fktb1sE,bfi,train
wDNJLzPDSwY,bfi,val
O7LBbsKOm88,bfi,train
dQnG4cDumY4,bfi,val
dm2asVpodEQ,bfi,train
x0U7MWk27m4,bfi,train
mqsJ2wLRUQg,bfi,train
IVijLZBGxPw,bfi,val
y1doG_-rW4w,bfi,train
EaZQRDGMQS8,bfi,train
1nX62PGqsLg,bfi,train
Y3dMg6ZdQ4c,bfi,train
CIF44gZ7X8o,bfi,train
7nym0yG35HU,bfi,train
AhqmM_EIG_8,bfi,train
msF_wuhaFRY,bfi,train
mSAN0GO6eFc,bfi,train
Sy3pgmx6Cpo,bfi,train
M9FkJ5NE5KM,bfi,train
SxM13AeenZ8,bfi,train
grnzDtozmlc,bfi,train
CAnwMGjDmFA,bfi,train
4fPZet16PrI,bfi,train
qViJyEbzrzo,bfi,train
koJzrXBtx1I,bfi,train
8Vo3P3P_lAE,bfi,train
btNmIcBfFB8,bfi,train
CDiK5nBzHc0,bfi,train
wHHbcsZ_tV4,bfi,train
dE-Xnp6vRxU,bfi,val
FfRVzreLA4Q,bfi,train
xB2u_u3XKXs,bfi,train
nSc8Fr-GWro,bfi,val
DMACyz5KPb4,bfi,train
zWIdOtKUp7U,bfi,train
7cDA8dhzqPA,bfi,test
sufED5YmQPI,bfi,train
Q3Y1Kqv4loo,bfi,val
WhOTuFzKbO8,bfi,train
m9pACQo1YMk,bfi,train
zmmq9M1FTrA,bfi,train
7ptj--hEMFg,bfi,train
eHdtIpanoaM,bfi,train
AQQ3JHmRhVo,bfi,train
z3iNtwdAJ5Q,bfi,train
SZOYT2yK3n4,bfi,test
GfLw5NdksHo,bfi,train
paGNO0LpRjo,bfi,train
PA1FwOYB6_E,bfi,train
SXAyH-CAtSY,bfi,test
khKbMjpnlA8,bfi,train
xfwiTaXo77k,bfi,train
el1B1G7tUlU,bfi,train
sCilzND1Q0M,bfi,train
skApkpQa0bU,bfi,test
h0-y5J4aW40,bfi,train
sCiaZmL8snA,bfi,train
urmZ6Z4p5LQ,bfi,train
nyrezqtS6fM,bfi,train
aHZlOtqhDFk,bfi,train
rS6G4I6iRec,bfi,train
U30Fi-YPp18,bfi,train
dieeGDYcgtE,bfi,train
9nML3vj6fts,bfi,train
Y85eb-CVF_U,bfi,train
eJvN5O5FHU4,bfi,train
Jce5OIB67r8,bfi,train
L1AxyQ8Vz6o,bfi,train
_mQhLWFjtik,bfi,test
3IVgyoof7LY,bfi,train
N-BWbA8-9Rk,bfi,train
-uDGInN7iE8,bfi,train
fySB40dU1BU,bfi,val
2H-e7fFu1lc,bfi,train
MLBrRU3-7Ys,bfi,train
yGVe7tNkhQE,bfi,train
2XbN6SmS_-E,bfi,train
GRoROs84-DY,bfi,train
WO3soOEFbw0,bfi,train
Olv7wzzJt_Y,bfi,train
bCAOsGoC8SU,bfi,train
refS7tWWCwE,bfi,train
UIfKt8msAqs,bfi,train
Kqw879wWwQ0,bfi,train
XFo3qw_gkpw,bfi,train
1QvbJ1KCYfg,bfi,train
1U-7ZyA4R84,bfi,train
O48G2Hyi2XY,bfi,train
i9aNhLCVob0,bfi,train
qa7cdgJdKQA,bfi,train
UezK_LM69Po,bfi,train
svH4eaBefEY,bfi,train
w2beMWtzqhg,bfi,train
qZj-3Zyym94,bfi,train
cdgK0gUa4qY,bfi,train
fzHILYYx_Bs,bfi,train
0gI4_nB_qM0,bzs,train
2iKdkSBSEsI,bzs,train
kpYI_Ox0yv4,bzs,train
aGIA0k7iq28,bzs,val
M-VEJBxxuE4,bzs,train
FVM5d8FmQFU,bzs,train
qhooFDOzLm0,bzs,train
nRQpFKu1t3Y,bzs,train
uJ4B0PVNF8o,bzs,train
8QBkVhFMA1U,bzs,train
Tok7iMf-Vps,bzs,train
JlCryuJndbU,bzs,train
ohfWZPMam1c,bzs,train
RtccCJWGazw,bzs,train
WfUdMaoHF3w,bzs,train
VYsjEGQ93Q0,bzs,train
RnAxdbL5jYo,bzs,train
WnBrAYzlrJQ,bzs,test
l63tXJGuprc,bzs,train
Zc46xclcp1Q,bzs,train
Fob59KOfdpc,bzs,train
VtdOU_gcaj4,bzs,val
Y3edpsoO-dY,bzs,train
FqKjbeKyyyk,bzs,test
FNDlcWlGse4,bzs,train
XWoxgoACCjg,bzs,train
k4VnaVKb7_E,bzs,train
0yYeNubOYIk,bzs,train
lY_XJWJGTl0,bzs,train
gBiGSZQICB0,bzs,train
Zblu0QnMTik,bzs,train
-FK82_n1avw,bzs,train
mxoSLB47cFk,bzs,train
ycqbvRmo-lQ,bzs,train
6WcJQ2drXS8,bzs,train
HKOFyvzuFWE,bzs,train
Qr1q8uEtUT0,bzs,train
BUbcmrr01Fc,bzs,train
SZdchlZ-7M8,bzs,train
KnWgEBM7RIU,bzs,train
2zsAnbq18tg,bzs,train
cPgUXsDUMd0,bzs,train
7ngnv8OjYfI,bzs,train
-3L_7QmUmcc,bzs,train
aYmoCjukxlI,bzs,train
Ddzba3bWgXs,bzs,train
M177JQ4Q_sI,bzs,train
dMBzaj9JzI4,bzs,train
ErJGvE7yqD8,bzs,train
3oZt43Df-94,bzs,train
npvKC2Aj3Ps,bzs,train
qWCUQITbgeQ,bzs,train
6ta2BibLRcE,bzs,train
Y7mP3fRQuJg,bzs,train
uIVbkGus0po,bzs,train
87bb0IfcA30,bzs,train
XeF9UDzk_JQ,bzs,train
mS0no1SipZo,bzs,train
kndFfzHpmfw,bzs,train
0iBb8vwq65w,bzs,train
0Y35kk3HLrM,bzs,train
AUkYuwaIcg8,bzs,train
ZrIxLU17Zz4,bzs,train
GfvTSfBkzRY,bzs,train
Acs14z5_q-k,bzs,train
kHoAcn2vO38,bzs,train
TktB4whwBr8,bzs,train
TTjufl6qATI,bzs,train
BuOTgTgbiV0,bzs,train
kpbbSR2Ewe8,bzs,train
sN1CreajfT0,bzs,train
0PAgNw_gguE,bzs,train
cHo63ST_n9s,bzs,train
SNKN1lrn0JA,bzs,train
LA7YQKQgSy0,bzs,train
N4aQ9fJkr4Y,bzs,train
udFcngbxKJs,bzs,train
Pr4O0Q5krYo,bzs,train
jUms6H8_2G8,bzs,train
b-429yCww-w,bzs,train
AhndcW11yqQ,bzs,train
tSoYvVXGlMo,bzs,train
AJ_LnR4p25o,bzs,train
y35jJWnwUrA,bzs,val
QEbXNmrZNpA,bzs,train
QCUQR35wcl0,bzs,train
2iB_MPv0arI,bzs,train
dD_mLWQHD1Y,bzs,train
KFhMJ9-ZtRs,bzs,train
s0VoZbBFTG0,bzs,train
WB4J7-3HcKA,bzs,train
xQG4XeEIYek,bzs,train
rCIufXE6VdQ,bzs,train
zxnuoj75Eco,bzs,test
xJknpVugsFo,bzs,train
RbE3d58PbLs,bzs,train
O6oGxJH_Qbw,bzs,train
taSc9IvYO6s,bzs,test
2Z7pxZVdvbg,bzs,train
xp612pfAdGo,bzs,train
sl96T90ymak,bzs,train
Esgv4Gi5Zmw,bzs,train
SsOESxnv_co,bzs,val
I3y_HVl4WNI,bzs,train
LHsWRZ2zysg,bzs,train
8hxMZ88a6fU,bzs,train
BJ9UvnM_F2A,bzs,train
svLaIS8S1UI,bzs,train
cSRRgWYp1U0,bzs,train
jIKLAu2pPbY,bzs,val
MsZwpmHZ5Vc,bzs,train
iW7BwwAEAkA,bzs,train
m0-R4y6p3Tw,bzs,train
sJMRInzqRbg,bzs,train
JacaDnnt-mI,bzs,train
hAIQsyZRQJU,bzs,train
pNLeb0O300M,bzs,train
rb4kADBsEBc,bzs,train
yvGREMlBOZk,bzs,train
QJVOkIH-Wqw,bzs,train
NvrGyWl_Va0,bzs,train
r2bDvK6iTlE,bzs,train
CLZujUcGyZA,bzs,train
DXiB_yaYGJA,bzs,train
OHFy8CHwvAE,bzs,train
SQyHWDK0l-8,bzs,train
8ElJfXlrgBE,bzs,train
5cPq5nOUJuA,bzs,test
exPEO8ACqPE,bzs,train
7d83hsOUrHc,bzs,train
-q7NDlbEsYk,bzs,train
kXsbwNTXzZk,bzs,train
lbHk3JygFLc,bzs,train
muCzTMDU09s,bzs,train
fwIXv0_Ex-8,bzs,train
1D49E3q-34Q,bzs,train
_bRlpgrtCAk,bzs,train
NnaJ-4UnzF0,bzs,train
zdCkAIcKnaY,bzs,train
oQi7U-2HPtg,bzs,train
8LYEFRZ3Rmk,bzs,train
E0WBKOjxwBQ,bzs,train
DQNR0IlW6hQ,bzs,train
Imxkd3HSQQI,bzs,train
1HYWsKXZA-Q,bzs,train
aVB2hZKGvMM,bzs,train
BImSFBwXP3s,bzs,train
tubNzuwMiPg,bzs,train
f0bkQEIP8Yc,bzs,train
gwdMOxSNcl8,bzs,train
KttDZBw4P9A,bzs,train
WrVC0g5tpbk,bzs,train
-ZRsEUScOdE,bzs,train
IFhvU3oDKnY,bzs,val
9CE_xQMn7gY,bzs,train
DKFlROFbQAM,bzs,test
QaSzDIZn0LE,bzs,train
7DR2XCZP1ZY,bzs,train
lFT0_wcfAbs,bzs,train
9G8tBj38Zts,bzs,train
ZLELlNxjVQE,bzs,train
3pp-XUSu_Do,bzs,train
WkdvXiG_kLc,bzs,train
NeQsSj8RBrI,bzs,train
iNvog8-5eL8,bzs,test
tmxdIX2DPIg,bzs,train
90TxcTKe2x8,bzs,train
DMLacK_njbg,bzs,train
-AFfqWTMRx4,bzs,train
ZySfa3YjVHY,bzs,test
5j73v8EwP_0,bzs,train
Q2uAVD5iWeM,bzs,train
MZ0NBTdReF0,bzs,train
Asul1XViUY4,bzs,train
4gk_eH56FlE,bzs,train
qeAOjG0thnM,bzs,test
dR0GM6E7uZU,bzs,train
kwwlt_nb11I,bzs,test
PVbD9MvwRqo,bzs,train
_zjUiCPp0dY,bzs,train
ZJ1E2kgEU2g,bzs,train
wMUKFS5O3F4,bzs,train
bkMybu8dXeU,bzs,train
7UbKh03iIG4,bzs,train
hlknHYp2WOs,bzs,train
aEFJb-uWl4I,bzs,train
Xc6nzI2rLSs,bzs,train
XjZPDEVWlxQ,bzs,train
L-a8x4f-6rw,bzs,train
NLP5rjT7qnQ,bzs,train
TzLmYimd1Gc,bzs,train
aJARJoxtYRs,bzs,train
0E7LogdLj2s,bzs,train
Lj_U8JQXHDM,bzs,train
PlOvKVxCpso,bzs,train
ezx2Z_16tiE,bzs,train
vBFvnboDJMo,bzs,train
1dLeHhIDUb4,bzs,train
nEDqCKm9Zbk,bzs,train
k4xWeJ-_vJ4,bzs,train
hq9VgC6JMeU,bzs,train
BV-zJLhpLrQ,bzs,train
BN_LjkDM6rI,bzs,train
brTV3dk5wrc,bzs,train
3GAS66KMVOM,bzs,train
y-KF3-vn4fU,bzs,train
bxq2xosQe_0,bzs,train
OHemAE5pfpo,bzs,train
A-ajosWDzEo,bzs,test
mXOKXQmeFJY,bzs,train
fxlWv3heIOE,bzs,val
tg-S5ozbxyo,bzs,train
PSS6s_dPTQo,bzs,train
-3GUQmPyOWQ,bzs,train
uuqWOVWhI58,bzs,train
NbscWE5AgVU,bzs,train
_JoIQoB9rkc,bzs,train
5avyYcH7wn4,bzs,train
89A7DN1jUcw,bzs,val
L8K4GNTMZrw,bzs,train
99yZgZ0qbvM,bzs,train
-_O_F1RTeGs,bzs,train
VI_NQQ5V2aA,bzs,train
O0gZXu5RP6g,bzs,train
du4LqOMqUuQ,bzs,train
n9_g2mC0mig,bzs,test
3P3H56kL7v8,bzs,test
vcaJYAF3i3U,bzs,train
U0S3733b4O0,bzs,train
HQ6twvKMXEk,bzs,train
Js6opfCfsmA,bzs,train
DkZUAr3WWqs,bzs,train
mo-w8Bwcapw,bzs,train
Ci8Ol8ms6k8,bzs,train
QNf9sO3f5ZQ,bzs,train
2N4a3mnWzcc,bzs,train
bN5S2_kUFbw,bzs,test
G5DnxPZjes8,bzs,val
_Yvwvuv8d1M,bzs,train
3yHl2hUM9Lk,bzs,train
BBal1D7TaEo,bzs,train
lGG178PqFm8,bzs,train
LLM0jbQHurE,bzs,test
uLhCy4JDjSM,bzs,train
NpeLUo3saZ8,bzs,val
GfaHrrlP8Vw,bzs,train
-MvbALSY6ys,bzs,test
8tYoHm6lYeo,bzs,test
U1rEIF1bSlw,bzs,train
Tg9pNG5K0rk,bzs,train
-Mu6gzmeUSM,bzs,train
d7I5bQv7Oa8,bzs,train
hm7CtZIon_s,bzs,test
WVvs9gFsBQU,bzs,train
3NevCeDVm0o,bzs,train
h7R4S0x8u74,bzs,train
800Gv43asaM,bzs,train
EuFp9BQe48E,bzs,train
l3henRW1HEo,bzs,train
c0Zkqbj1evo,bzs,train
0qNmQl7adtU,bzs,train
1dJJo63fKRw,bzs,train
1_eH7_iG42o,bzs,train
4P3qgKgCUSo,bzs,train
vwjUFq7RBrU,bzs,train
KF5WKyyi8Qo,bzs,train
uGzQ8c5hfn4,bzs,train
QwpDdgHNR5o,bzs,train
v7EzAsuAnrU,bzs,train
tT7n9oFzsRQ,bzs,train
kLKW9gK90sc,bzs,train
8ZL4a-npoGU,bzs,train
-S1AtooEizk,bzs,train
F2oSR0xL_gw,bzs,test
JlrU1GQ6UT0,bzs,train
fkJNcU3GK8U,bzs,train
wVAkgjoaw7M,bzs,test
j4OU-73F9uA,bzs,train
2R8woMdxsoU,bzs,val
EsxPFfgNlY4,bzs,train
9terpSb5uXc,bzs,train
vtrvw9OdbPM,bzs,train
-BuZC-_nf5U,bzs,train
m9mZ5qRJRHQ,bzs,train
W9OU06An4O8,bzs,train
cB99QTt3lTU,bzs,train
M6MLYEZanjA,bzs,val
nxKwQZ6BmQw,bzs,train
YjuVEZE7-aw,bzs,train
4ziccVbhO1M,bzs,train
LzBWodAK9dc,bzs,train
c1BF9YhjLgY,bzs,train
7meTiOSHigE,bzs,train
A9sDTI2epns,bzs,train
XhKZq-r1YJE,bzs,train
WxnO1cS17Gk,bzs,train
KwNTK-GCaYU,bzs,train
E-pF2-Fs_-w,bzs,train
JGnL9AZr4dE,bzs,train
DoenUd1_QGQ,bzs,train
xaAe9kQiTBQ,bzs,train
kfF72Dqqv9c,bzs,train
wB-opBldZnU,bzs,train
Z1YSw24dub0,bzs,train
OaR8i5PP470,bzs,train
Ii9qoXG3bo4,bzs,train
cr2qt9CRmGM,bzs,train
i6Qwf4SR7pY,bzs,train
IIXPTNX0l58,bzs,train
XPvYAb4aQSw,bzs,train
-H6PVw6DGs8,bzs,train
o3UPfTgd-Yg,bzs,train
U8Yq7IP-Ngw,bzs,train
DHS1IQSx_lY,bzs,train
beFcxMIa1bc,bzs,train
Jp_vDrJUhiA,bzs,val
60uIkQlBK2k,bzs,train
KgVKJcF2KhY,bzs,train
y6ytZr_dzkI,bzs,train
5SCYIJ3cIxs,bzs,train
rFu7Dr5VXpk,bzs,train
L4KEU4IcxY4,bzs,train
HDxmFyTk7V4,bzs,train
kxjvrfSfI-M,bzs,train
iFeDsG2GVV8,bzs,test
4zKSJZZILHM,bzs,train
S4ou_CRQ3D4,bzs,train
_1xP3ul9Gf8,bzs,train
C5_riSyWZjE,bzs,train
jAyKCaXrN_Y,bzs,val
h65nScHi2pk,bzs,train
Bz6t4_Mci08,bzs,train
b7cMVlUzy5I,bzs,train
1I5Eab0-mgU,bzs,train
c2GSltZzp2U,bzs,train
owG6kI1mOTg,bzs,train
6Diaz09Lf6E,bzs,train
clwTDMIo1eQ,bzs,train
BYgk6ECNhT0,bzs,train
-kbtjMgc91w,bzs,train
KE8ODL18bOY,bzs,train
b2DsFLsK2rI,bzs,train
dPYhZuGR_0g,bzs,train
pYHZj14_uJE,bzs,train
C3O2pPJvxDc,bzs,train
wJTcUX5z3Ug,bzs,train
nu3kby_Zp6M,bzs,train
DwecWmXTE00,bzs,train
zBsXFSlRAos,bzs,train
GZ_f1HMcpco,bzs,train
6SQsP1uzZQM,bzs,val
d1L-p9P7irg,bzs,train
D4hy0ULnw7U,bzs,train
eO3HvGjhZuA,bzs,train
Or3YCMWQ3vY,bzs,train
ree1-lYQvWY,bzs,train
QWlb1GWXUtQ,bzs,train
YqTaMQOmpRA,bzs,train
ZWWFQjFpHqQ,bzs,train
UADWhxuhOGQ,bzs,train
cB_sr0MZSZM,bzs,train
cixtAGLchlI,bzs,train
DiZ4JTN0wec,bzs,test
PKzhayoX41g,bzs,train
WGRjKWzxPpw,bzs,train
iEyFkcGT72A,bzs,train
GVCggwQz3U8,bzs,train
zZhXthM3x4Q,bzs,train
Dush6i9MR3Q,bzs,train
Nxzz92NUoa8,bzs,train
MZ4BgXlVEhI,bzs,train
UMX7CnMKqSk,bzs,train
Kxt12orszMI,bzs,train
cBYrp_svq2w,bzs,train
o3pno6x3vA4,bzs,train
BP43CxmUyPg,bzs,train
ZH3npyMiVPU,bzs,train
yl9rW-wzclo,bzs,train
SQ8kTXbCBKo,bzs,train
hcOQBpl8Hc0,bzs,train
hOkBrQBweLM,bzs,train
DVCNvsaNIWw,bzs,train
iygNPi9jdnw,bzs,train
7G7fdGilj1I,bzs,train
7z50-1ZdPFo,bzs,train
aMwkyFGtwQ0,bzs,train
c-qn7spR-Ao,bzs,train
G2oAsXbNfL0,bzs,train
sPE9xxy69t4,bzs,train
DFzI90YSk-I,bzs,val
CwA-zJhxcqk,bzs,train
FtxBFBN4J4M,bzs,train
Z2gFy0JfrLc,bzs,test
1ai1UTZUYBs,bzs,val
hpmdlLNwkJk,bzs,train
9ov5cuKAPw4,bzs,val
j9DvVKMxPi0,bzs,train
1AQJ2z_ij7I,bzs,val
P-UeecW3p98,bzs,train
079lNHNhsjQ,bzs,train
jNFN-NGihTo,bzs,train
8zWt-FJgMGI,bzs,train
7VAx9r5iyKY,bzs,train
3IypdQQvLos,bzs,train
xUz7eXOh9AE,bzs,train
2QN3ZksowD4,bzs,train
SUuEFPqPhwE,bzs,train
-Hq-ysaxP4I,bzs,train
YnK94o8ZMqk,bzs,train
k40WbarOoms,bzs,train
BmqnX-zFrdk,bzs,train
farlAFnQzEI,bzs,train
OJKyRC8E4rU,bzs,train
Co7QhphNWq8,bzs,train
BJmM-_aiPDw,bzs,train
NZcOEa3Kxss,bzs,train
HOya5qgjzGI,bzs,test
ygNUfqV1Je4,bzs,train
11DuGvZlzc0,bzs,val
FfUYNrI0Otg,bzs,train
kvEMN50pdZ4,bzs,train
aUTM6QpfR64,bzs,train
VGzjRzcct1E,bzs,train
p17et-NQQoM,bzs,train
0ItQtFZczwQ,bzs,train
VSG-cnFkh7Q,bzs,train
moseEqgZxo8,bzs,train
ghQgkCxn-pk,bzs,train
AOhmJLBc7us,bzs,train
4mPJDrR1ZUM,bzs,train
-SClbl--fVk,bzs,train
1qUsfQdZcvI,bzs,train
txHNYKsDcGE,bzs,train
SvpdsJdC7F0,bzs,train
9FpbozE86oQ,bzs,train
eA3-SqUEhwk,bzs,train
7_7zNKe-8xQ,bzs,train
hNeWBzseO-U,bzs,train
1T2p2Cmw6Qc,bzs,train
NQNw-KWEaQ0,bzs,train
PqCXStH7sgg,bzs,train
YB7HEQi2spQ,bzs,train
f2Y_wzXcudI,bzs,train
TadpKkRUMVc,bzs,train
oXtGEL_UP78,bzs,train
1jcQJIcpWbs,bzs,val
WD5bjeYe0kY,bzs,train
LfbSrXgUVeY,bzs,val
T1kLrB1336Q,bzs,train
G7P4eyQRYZE,bzs,train
ERGBPpPNvb8,bzs,train
VOcpwaRfuW4,bzs,train
XFfE8LQPd0w,bzs,val
nlPMcjYHTRY,bzs,val
aynlfl2-8VA,bzs,val
x-vu2T5FBFQ,bzs,train
CX_paUM2l44,bzs,val
dhh_4qsBxUo,bzs,train
HhhgY1vfpVs,bzs,train
Rub5F43MC_c,bzs,train
Njy-ducLZtc,bzs,train
E06rqgV9ZxA,bzs,train
6C-ixFTr99g,bzs,train
n9VjDL8EmPc,bzs,train
ocyMsbPyNNI,bzs,train
Ix681_P32S4,bzs,train
s5zVKlunTTw,bzs,train
thVAUBI1Au0,bzs,train
F68tvMfTHEc,bzs,train
GaLucBjbXr0,bzs,train
ydT5ZlSeIwc,bzs,test
4vSzsawyRuA,bzs,train
aO6NXWmNRS0,bzs,train
iJx3mw144oo,bzs,train
USaLGN_D270,bzs,train
N7R4PvpMv4Q,bzs,train
VG7i-tXWVTs,bzs,train
TIrDT2f-LAU,bzs,train
XcRnIsmP4jI,bzs,train
8I75es45UXg,bzs,train
tWQgS54HCPw,bzs,train
DGrm6RF5dZM,bzs,train
uPylEj8vxOQ,bzs,train
NOcc7B50lZw,bzs,train
jxiN4zhOsNQ,bzs,train
Gvt-dfa0SWU,bzs,train
ajeWUfTQfxk,bzs,train
FK8XScbfXK4,bzs,train
Rul4BOwND_U,bzs,train
b8LRGYQmND8,bzs,train
HJyvUfAyhSI,bzs,train
OM2RtlOMb5k,bzs,train
JD1P9HiWUa4,bzs,train
mN3DmJWGeTg,bzs,train
ZNDCOrBRSfs,bzs,train
efudeZSsMs8,bzs,train
3qlWi7KHah8,bzs,train
7ZRVFthuiUA,bzs,test
sg9tedyCYQI,bzs,train
KWA8-TxsEH4,bzs,train
hx0o8XEC7xM,bzs,train
7ig0wCl9nSM,bzs,train
ee1y31dQhJ4,bzs,train
xS8vWyledSA,bzs,val
6QML-yslIM0,bzs,train
2skVYf-GBp4,bzs,train
snOyHCid5t4,bzs,train
l2stiI0zSGs,bzs,train
PGCXsE5tTXE,bzs,train
dcOqFNmNYDs,bzs,train
c82sRaO1YY4,bzs,train
rQdZS2lMqCM,bzs,val
W_VLKm9GbvQ,bzs,train
OI1rBkude5A,bzs,train
PJC8uPWj390,bzs,train
xCz-gRWJTAQ,bzs,train
KoBvn8schEQ,bzs,train
CuCYtmZ3pGY,bzs,train
kXuemET2T9A,bzs,train
T6qJTay-BOw,bzs,val
8otakNELh5I,bzs,train
mXRZJUg_2Ss,bzs,train
azkFf3ajOBQ,bzs,train
Q2m1y3G--tc,bzs,train
4CbxJnofkuo,bzs,train
5XwyZHzaLzs,bzs,train
sa0vbe-d2RU,bzs,train
UsTO4Hw-EqM,bzs,train
xcEEmlUxHgU,bzs,train
J68PdRp2k3s,bzs,train
v0JJhHrvw4g,bzs,train
FdeHtOTtzJQ,bzs,train
wVGPOqIUBE8,bzs,train
2CYLSVtLCOw,bzs,train
e4IxGgsvFvo,bzs,train
UyIoj_ZYhvI,bzs,train
TU5S5WvDlco,bzs,val
eDedUWW2jL8,bzs,train
hRCbvJA6_2w,bzs,train
Cn9eJX6os0g,bzs,train
RB_9287T7AE,bzs,train
fOoA-jr-uN0,bzs,train
KwHnckeZ5Jg,bzs,train
hZd6HLwVBn8,bzs,train
0p3ar2p6vlo,bzs,train
GrZNyp1vIi8,bzs,train
WV9cJG6qvr0,bzs,train
TKwsTazHedA,bzs,train
wuyqN_b_0DA,bzs,train
jqzzOfB57Ww,bzs,train
dp-9vBIrXlY,bzs,train
v2PeI-U6b8M,bzs,train
0ErYwbsL6fs,bzs,train
9FgYiv7CDUo,bzs,train
GpxSgsKYvC4,bzs,test
N_BvoIt3abI,bzs,train
qyZKzN4OLhk,bzs,train
Ign3E2gCIZo,bzs,train
vvbXsH035cM,bzs,train
iQ5jVOnPue4,bzs,train
o118hoh8WfY,bzs,train
El5sj7U-Nnw,bzs,train
BzZMj688UoY,bzs,train
d-7NiOiC-3A,bzs,train
98AuShAxgwU,bzs,train
s_Cb0VkY_Xc,bzs,test
S5wr0ROzqjM,bzs,test
upaiEjNl-1s,bzs,train
YTPKf2wF7hs,bzs,train
ackpbcCx5ok,bzs,train
Geo-XjpQsWw,bzs,train
pnKvAY0aS2c,bzs,train
yWQTLu4Czwc,bzs,train
d72RERSa--Q,bzs,train
sxNdGFR2NxA,bzs,train
luHXvP59gkA,bzs,train
YmgRa9TL218,bzs,train
71gEqA8RRkU,bzs,train
0WQB0_aOMFU,bzs,train
GcLyRXNP7gU,bzs,train
mwpfTeoQLgE,bzs,train
zr_BZ3H03xU,bzs,train
xfAytMyAuP8,bzs,train
z2ga-cnui-U,bzs,train
ebdaAaJRCus,bzs,test
_U_VSoY5tSM,bzs,train
WrXEfplvvfE,bzs,train
wkbL-o80k3s,bzs,train
3qugFhkv-os,bzs,train
sZSYqotAd7c,bzs,train
WotUChaIUxc,bzs,train
Mp91QnvbmuM,bzs,train
HTH8_Xr71ns,bzs,train
h8hfrLf12l8,bzs,val
ihrlnswBr_w,bzs,train
OBcnHsYuVVg,bzs,train
X-JmQsqyXvA,bzs,train
IzQWemYvtGU,bzs,train
_qquIXSgcxA,bzs,test
ik1XyMXqI-E,bzs,train
4Abb4pwDvpU,bzs,train
yrXSFDW0He0,bzs,train
8n0_x9mGQG8,bzs,train
Aesj2NIxI_k,bzs,train
ybggS7o3pLU,bzs,train
wlRVg7jy-ak,bzs,train
IFGCryL7qZg,bzs,train
jmSeUivaMQ0,bzs,train
2IS-VAW_A0A,bzs,train
Khz5nL6dV0g,bzs,train
u2KWvHMJods,bzs,train
pO1yFoiaJRQ,bzs,train
x-6ufUghVEk,bzs,train
askWH0XTc9Q,bzs,train
K7KDMafF4-M,bzs,val
Zt0DXDb0VWo,bzs,train
9wJx-50SVZo,bzs,train
AT1TgAYL7N0,bzs,train
d_xp7MYJYLg,bzs,test
Jy43AxPKaCQ,bzs,train
Q-DoncmuWP0,bzs,train
ZUbm-CwH8ao,bzs,train
3H2Nqshg01M,bzs,train
I3TJThuLe78,bzs,train
HqEvcAzI1s4,bzs,test
kK0zRZp3wps,bzs,train
mDM7kjvOCWQ,bzs,train
r9kEixb6n_w,bzs,train
ArfSs2HfSOw,bzs,test
_io_LCPOI9w,bzs,val
hyQEowecz5w,bzs,val
jNqEEbaoUSE,bzs,test
cr5yjitI2I4,bzs,train
9NMuHKRv3EM,bzs,test
zQWvg6UtqU4,bzs,train
TAhZXJIdPqI,bzs,train
SMIuN_1IJn4,bzs,train
5f5SkN1K8a0,bzs,train
sTcw1FtZLiM,bzs,train
Iz93zB02Dmg,bzs,train
rzK7J_5_5eA,bzs,train
6r1uKYJACiY,bzs,train
UvqWOutAgRk,bzs,train
rDL6Fb67Agc,bzs,train
5cpy2pjav0Y,bzs,train
VCtK7Vbk2Ug,bzs,train
bfUUH-fbVrA,bzs,train
n2MJWag5nW8,bzs,train
0PVgjMFVp5k,bzs,train
byx50bl7HBY,bzs,train
qh9U2bJCcuE,bzs,train
xZNwuDxF6yc,bzs,train
VL-Wpn1FlZg,bzs,train
XeuEvn-RhWg,bzs,train
CTh5xHmu3vA,bzs,train
4fhd864K7mc,bzs,train
aEngYEjkkwY,bzs,train
VGeWnNWRPvg,bzs,train
7zFzvdrrEks,bzs,train
Y37hXVCF7bE,bzs,train
I6P98PDHep8,bzs,train
iO5Rb633V0M,bzs,train
F4m3EV5eMVY,bzs,train
5ER48LkRxV0,bzs,train
ndqMr6HgvUI,bzs,train
K7VYkNIzm0Q,bzs,train
keVx54ZNQXM,bzs,train
FVbuB5dwZLc,bzs,train
46ldvgE3bQ0,bzs,train
yTOF9CXmqFk,bzs,train
hp8qhoPS-5s,bzs,train
-yHZG8uAPl0,bzs,train
qJjfCAl9cvg,bzs,train
sJrcX_9bzCc,bzs,train
RhBC2VRAP2U,bzs,train
qSgOMwi8pyM,bzs,train
qmCB6YTA30Q,bzs,train
u8vrBlLk2WE,bzs,train
UzoE-8h2erg,bzs,train
oKE9XEjAxGg,bzs,train
ei2gxa47DqI,bzs,train
VzoJaFSpnKM,bzs,train
HGdmdrycM0M,bzs,train
XMTfyQDHEDI,bzs,train
uYG1R9dAR2c,bzs,train
79bje7bat5w,bzs,train
BzUhynIQf8s,bzs,train
CY5uIz1gpVM,bzs,val
PIIWtgPFElY,bzs,train
ab1UpJ0y05Q,bzs,val
0tZU0qzvaQk,bzs,train
9awbLkhXPj8,bzs,train
g6qCnEfzd5I,bzs,train
2aU2-bX3M2U,bzs,train
ilGyzRVP6VA,bzs,train
mVpoTiChXrg,bzs,train
RCRg2ZYLPyY,bzs,train
gNVoYtzfP1g,bzs,train
LtPQKmyEbMw,bzs,train
ZaBYIefVvUg,bzs,train
U4G5F_WFG9c,bzs,train
8XcQpNrX1ng,bzs,train
PBi9iceOuGI,bzs,train
yeCF_joxFdY,bzs,train
GOTLe50qbA8,bzs,train
o9zVJvO_Su8,bzs,train
4flDGx-2Icg,bzs,train
YAD8z58SpKA,bzs,train
nljJEsP_eqs,bzs,train
Rd25YK-6ZZo,bzs,train
yc8SS2Ms7HA,bzs,train
Z6S-9lJHWKY,bzs,train
PxIPvL9Y6mk,bzs,train
UN2Rk3GfzOA,bzs,train
p1iffIamE6g,bzs,train
1fjKGq04sOY,bzs,train
eDCTZ1r4W4U,bzs,train
WMhBbV3c6W8,bzs,train
tiHJbZSXsf8,bzs,train
2kBaNfGQrWc,bzs,train
31rmG_Ib5R4,bzs,train
7lYxSeX1hKk,bzs,train
LnkKWyVY3fU,bzs,train
foJFukbOr14,bzs,train
EVQby1EhN7g,bzs,train
CwxEtPomLbc,bzs,train
uj0_pAOCroI,bzs,train
xKVH_CaLUus,bzs,train
I8jmOYYYlRU,bzs,train
Hn7orHZ2mU8,bzs,val
S6tS3vWBjx8,bzs,train
MJ5p02WJo98,bzs,train
Q_dh9B1S1fw,bzs,train
3LDeH2kSRgI,bzs,train
yg7HHKNIxjc,bzs,train
BHKA9a85Qg0,bzs,train
XWIDxoUvkB8,bzs,train
g5uOPiDrse4,bzs,train
CfkJ-AMQ6D8,bzs,train
wXLnULRkAoE,bzs,train
AjAXDZinQSE,bzs,train
Rn3Z-wpQChk,bzs,train
jO7-AQMwnhM,bzs,train
vyjRxlQ8tmQ,bzs,train
WQOxPSNQPj4,bzs,train
eahod7ljKrw,bzs,train
d6gfyOCkkeE,bzs,train
qpt-Y74E_sQ,bzs,train
J-KbEgnGEro,bzs,train
TksJSPHiAvw,bzs,train
Ep__GZziqaI,bzs,train
uatv69qJoRM,bzs,train
YAUuBSHPSzU,bzs,train
a1Y6vvaAx68,bzs,train
-Jrph0Fo4Jo,bzs,train
blPcR4t4ZPQ,bzs,train
DD9hCb7pQs4,bzs,val
RE0mE9eTTD8,bzs,train
jiCZnYdB6GM,bzs,test
MwJwLeHhwQc,bzs,train
NumSeZAn0lE,bzs,train
M5MVNaXAM9A,bzs,train
WeJQo0gga1E,bzs,train
CTMe_X8HRnM,bzs,train
j7VMweU3gls,bzs,train
tWyF0mPTKSQ,bzs,train
9J4tDywaI5o,bzs,train
0dMeMRAscqI,bzs,train
9jQ6oFWLfUs,bzs,val
ijGyz_EKSm0,bzs,test
4uIUKN0VXn8,bzs,train
UQBRa3icaAI,bzs,train
LP96L-vlRXs,bzs,train
EY24ysfsMe0,bzs,train
INpmd50OJI8,bzs,train
2pCbHqwBwZU,bzs,train
AcGB9ZESz4Q,bzs,train
1DUcMmgRAVA,bzs,train
gzADUfgy_dU,bzs,train
q8BmIrqpRvs,bzs,train
TVBOR2sv5ZA,bzs,test
9OLwg1maK1k,bzs,train
sJGZ5N6ejYA,bzs,train
lfIvv2ebhrM,bzs,train
GO_st1NqdUY,bzs,train
ra9ugjqFJy4,bzs,train
2vSnXTJ3Iwk,bzs,train
uwYynl8FbJQ,bzs,train
Y70TyVtPnsk,bzs,train
0t5D1LI2MWk,bzs,train
2hJKAN6mUpY,bzs,train
_05ccQzd248,bzs,train
yTGEdfELypU,bzs,train
uNG5m4q2BRI,bzs,train
H734RtUhxK4,bzs,train
Nc5LayL5vAQ,bzs,train
05qgsOpazSo,bzs,train
FokOZd-uAhU,bzs,train
P9AYl7lqydM,bzs,train
08_kPzEVVbw,bzs,train
zUoIgmtRbzA,bzs,train
asZTpzjemsE,bzs,train
H5ngoWrPWjU,bzs,train
XZ7BvZlI2Xg,bzs,train
mq5Fb1uZEHA,bzs,train
d4uBC2_i9Vo,bzs,train
cM1TjC2Xqd4,bzs,train
chA-xG0e2zw,bzs,train
LfKqQnaepIw,bzs,train
BpPehQFGT7M,bzs,train
kd9uylx438w,bzs,train
NSqYuqxWykg,bzs,train
3tS0v9xTKEI,bzs,train
CqXay0fcs9U,bzs,train
pMceYE4MtH4,bzs,train
ifclPfqki_c,bzs,train
A1-UpxHsDs4,bzs,train
GOxHUvglkyg,bzs,train
eT-7mT8AI1M,bzs,train
eNy7Ut6Cg94,bzs,train
_hDXkn1D-1M,bzs,train
rL2IUgEP7Gw,bzs,train
bcWrQ9Fpp6E,bzs,train
CTvv35e9L7Q,bzs,val
AECWBYsaCa8,bzs,train
W7r3GokOoSk,bzs,test
PO7l93HpvEI,bzs,train
jtnn_QVPBBs,bzs,train
QKKA0wknD28,bzs,val
1lDQ3WGPKV8,bzs,train
SQEBHm1vdPA,bzs,train
cReOohwTS4A,bzs,train
YC2f7zJ4rME,bzs,train
FK0wgZKf8nQ,bzs,val
6tlESnMLfvM,bzs,train
f3KZUX55bso,bzs,train
m-peMTZvakQ,bzs,train
yDUr7e_I8zo,bzs,train
9B0DNkZo_Ig,bzs,train
QHr4O6pxVbY,bzs,train
66e96i9VtN8,bzs,test
6W2SsJlXNKw,bzs,train
DjjLvE819tE,bzs,train
62hMTSaVcnY,bzs,test
_HfuUmZjdpg,bzs,train
dxE8XkpsaCk,bzs,train
BgiPctIxXMw,csc,train
hEmk8Y_EhaU,csc,train
abd8HRdfKwE,csc,train
2Pme66KeRa8,csc,train
-ZwA4KRBBeY,csc,train
vat_QpDyrTM,csc,train
JArdholvF54,csc,train
0lJ4YzReuO8,csc,test
G2yzlQEAgdc,csc,train
8RlndqSgTUw,csc,train
V64QJiaIbGo,csc,train
HT_T9_Dsu-I,csc,train
QzqR047azG4,csc,train
iN2i9dDozy0,csc,train
ZmwaxNYuEG0,csc,train
E6kLsy6ImYo,csc,train
TwFamBbCJnE,csc,train
Z9gG1PcKEp0,csc,train
aG_eN_NPID8,csc,train
SUie9bByaSo,csc,train
jYjVk-OOIBU,csc,train
zIcNgUZtC0w,csc,train
q3jQPcEg5Nw,csc,train
Scypr_smeb0,csc,train
cblkggkDzIo,csc,train
Ph996CGGkOw,csc,train
oATSLpbQRpk,csc,val
yWSeDPOamrg,csc,train
kusX1l8IQCk,csc,train
o9ugTrmFaJs,csc,train
tIEHnsK_0lk,csc,train
_iy7PgszjCw,csc,train
g0Ml7Xa1L48,csc,train
s8km5I3IFYI,csc,train
GgNfXn0vPfI,csc,train
b9PP1YhQ4lo,csc,train
psBqjynFcYU,csc,train
1CCZSZOU5gg,csc,train
jjDWSgoO0Uc,csc,train
hXxtR00Bbok,csc,train
DOJ0ihQcC90,csc,train
A6ErOfPIDHQ,csc,train
EWXk9fORXl0,csc,val
vbde5SeQ6JA,csc,train
67Es9Z15RUo,csc,train
rLSfhCq1LDw,csc,train
16lQn-p5AxI,csc,train
qtPYORIMi-c,csc,train
6l5AZR0xKcc,csc,val
mxQpBWsztTU,csc,train
xeNDGPWCl7o,csc,train
F5oMTPZXu0E,csc,train
MxsR9g16HB0,csc,train
BVnkOLrZsUE,csc,train
ioFPzRhka1Q,csc,val
wUp96wTk0lQ,csc,train
rMV0spFhyyM,csc,train
67mtNKoAN6E,csc,train
1Z6uaVkayNg,csc,train
1cM64nP2pEg,csc,train
DKWhi8fE0iQ,csc,train
u1_0HeINhpo,csc,train
SUYbiE5C0hg,csc,train
MvdsVUbayvo,csc,train
v9IqKwLltg8,csc,train
hQ3nyaWdK2A,csc,train
KzXyLZselx8,csc,train
iSWvqfftCEg,csc,train
gencDC6Cr2s,csc,train
FNeE517J-MM,csc,train
AN5y-hYr8wY,csc,train
Dc5Jts1dVwo,csc,train
dPi6IMd2Mn4,csc,train
WQAPNkhhKNY,csc,train
n7tFTX6bFow,csc,train
rg6slxdz-jc,csc,train
7rhStTySAwE,csc,train
M5iMjXCQx9g,csc,train
C35Hk0JoZ3A,csc,train
dyht9J6-zh8,csc,train
br1XAN4g_AE,csc,train
kjmDF4YoWzM,csc,train
xoXbX3uvP-I,csc,train
kpJsw9xyIKI,csc,train
elEeYJEp9jc,csc,train
AjuROJeRbqw,csc,train
sbsI_5dDA2o,csc,train
9nzwr73M5AU,csc,test
1jgPvZd4UtM,csc,train
UOnx7VrwTxg,csc,test
_Ily550Nb8Q,csc,train
D2_LtPXbMbM,csc,train
Ww-3U7uonlc,csc,train
lEOc62ZrKnM,csc,train
i0hOGfgcHN0,csc,train
sa-vPmJOGkY,csc,train
K7un5Zi8hB0,csc,train
CLp7MqZUcRs,csc,train
jyDsTEVEr1U,csc,train
jyEKWzBv_vI,csc,test
iAItwLRjZgM,csc,train
3tN18f5DzqA,csc,train
tRjLzTMZtfs,csc,train
3xp8bwLdma0,csc,val
asTwpfvpMwA,csc,train
RgJHBhuO8lw,csc,train
UOqHGwS1tyM,csc,train
TU6gdj3iMxo,csc,train
SbsnXNukMGM,csc,train
_M_33-xrYWE,csc,train
e2PeEJLf-6k,csc,test
RoWd-VE8zVQ,csc,train
LH9lrD8rwb4,csc,train
dLwbmPOE1AA,csc,train
h90eUiPwXxA,csc,train
hvsvzVXjBtY,csc,train
TDn7c3WN9wA,csc,train
bhepNc1Xo5Y,csc,train
4irS5vUBmSY,csc,train
99tKgJF0Kis,csc,train
v51rc3mEf-I,csc,train
1sPZ2lDg3VE,csc,train
CcR1vwiU59g,csc,test
0XW0mlHhy9s,csc,val
Uhljj8f-JV0,csc,train
TXdoch80Wnc,csc,train
hJb8t8mtPdM,csc,train
6Wm6sqkgmgg,csc,train
otGe0zU3-7s,csc,train
1BhSzQIla9w,csc,train
Rp0JwfGvl9M,csc,train
rJ3TOZ_QDr4,csc,val
KX4U_6eZYHw,csc,train
xn8OFJYdozY,csc,train
K24ma6tBEGM,csc,train
Mv0UIVeFAKM,csc,train
VyJdFqK9QXY,csc,train
0QMdPNTJNhY,csc,train
fMQypfVSn04,csc,train
hxJzb9y8O_w,csc,train
arfX9TUNDtk,csc,train
-cZB_7a8Iow,csc,train
YRvhQhbLJcc,csc,train
yigS3OGFCZc,csc,train
_gPll3VMwCs,csc,train
dI4rOnUX3v4,csc,train
KrcNnkMvUGo,csc,train
L3yxbNE4Tro,csc,train
saXniddNRMo,csc,train
2OCbagQPJpU,csc,train
_lQ5qsVUmnU,csc,train
vBgoX7AQeA8,csc,train
Iy72orrZ8Zc,csc,train
jLbkJD2u2SM,csc,train
7OTTbRp8Suc,csc,train
1Vtq0dsM8DI,csc,train
IlAJk4LukkI,csc,train
HWesa498jLc,csc,train
DXAqmdcNjLM,csc,val
dHjWt90_FvM,csc,train
br548zIQ95s,csc,train
3y5SAPUSvGM,csc,test
KkE-t4CIuO0,csc,train
_0CU2RjmFOs,csc,val
xnuH1ufL_uM,csc,train
wSMFGywLED4,csc,train
ebBMSDRr06k,csc,train
Q-wOIjmigYs,csc,train
7gDfVKm1CWw,csc,train
-d4-K8N58YE,csc,train
JKsVyFk6B1E,csc,train
LunSUXKDSDo,csc,train
x12MuCD7kVg,csc,train
t1M9uSkJ3BY,csc,train
ZJ4eflqnAFU,csc,train
i6nuYmKUHE8,csc,train
vdQvZECxQZk,csc,train
iBrFd7sUxYQ,csc,train
sjpvXy5uxVU,csc,train
sDh3q4km5a4,csc,train
gfrxgmpCrpw,csc,train
RCkq7M-WgVA,csc,train
4g3MHG63MjI,csc,train
6RHtMxbuHDg,csc,train
J7r8o5zq9kQ,csc,train
EmuUD64Jius,csc,train
v0Gvok1ImLg,csc,train
r8KsNq4fzN8,csc,train
WlJsia_ytSM,csc,train
mkamDORRbak,csc,train
ZWIamUBJ_lI,csc,train
hO9uhHKlSSI,csc,train
GHeV9fyZLLM,csc,train
OBq7GfByxII,csc,test
VexhhecMnI4,csc,train
5Vt5TTqZODM,csc,train
fxo8jPy5nzo,csc,train
hScjjQ6CpSU,csc,train
7no0Rj0NZ2c,csc,val
kfvEu90g05I,csc,train
KkoiSAhdCKE,csc,train
a9JJ9FuMYWc,csc,train
wC3kxUuqECo,csc,test
fw1a6_wziJI,csc,train
8KKWvubHFHY,csc,train
mmvexVO2Rms,csc,train
-mTNIBk5KuQ,csc,val
1HxHUIpll_Y,csc,val
8r_A4yVzlmY,csc,train
6ds0svfbn4E,csc,train
hhnFv5idYOo,csc,train
Arx7FhOyGhs,csc,train
gOp2hbIgWfo,csc,train
rUMgyC8tiN0,csc,train
I4X6KoZZZMA,csc,train
3gKy-jyk7NQ,csc,train
a1Gog6mRX5Y,csc,train
GN1Ha57-OeI,csc,train
WIkz_OuQS48,csc,test
24zrjfe4Bt0,csc,train
uHv03GdhbnQ,csc,train
ucFmZxpF-SU,csc,train
yp5xkscfbKA,csc,train
rfipsB5w1hk,csc,train
op0v97boCG8,csc,train
DpUseou0-qk,csc,train
ts4VPe93Dw0,csc,train
D3b4wmWp66c,csc,train
JzQJfpensSw,csc,train
2Lz3YR32kc8,csc,train
fwNNaocFdt4,csc,train
3jEf-6w5rV4,csc,train
N6vPCy-h4zo,csc,train
F4SZeSHUu0g,csc,train
t3ZE5VlWX2c,csc,train
xx8IkglUu58,csc,train
s0QhGZSAS0w,csc,test
FpDhEekuPD0,csc,test
-qNJLeJgIl8,csc,train
Fw5m0F-bEwg,cse,val
0Pn81dBkjzY,cse,train
G-HYmXSRCnw,cse,train
4arcw0NS9GI,cse,val
JLpnTKrhCfU,cse,train
Lm9M1q3VrQg,cse,train
jRjRHcYgml4,cse,train
Z1IlJjIES00,cse,train
VxBSqy_Usxg,cse,train
HiotbN_O97Y,cse,train
d0TZR-fiRjM,cse,train
lbl7RvSgqHs,cse,test
6lHhNhjVgyc,cse,train
5SYdVZ1eRck,cse,train
yfDRQwN6urM,cse,train
3JAzO3XG4yo,cse,train
zj2Dt82R31E,cse,train
DPhANA6H7sU,cse,train
Ie7oXbB7Gkc,cse,test
a7N9XaYcN0g,cse,train
H03qH6jX0CQ,cse,train
eezCX0JQjRk,cse,train
lc67UzqGTxY,cse,train
w1Lu8DKR-_Q,cse,train
aPeseC7ctL4,cse,train
uKMqceFWPZA,cse,train
PNAZ4dsXsVE,cse,train
fCxCQitVdPg,cse,val
Nkqi2Y5OqrU,cse,test
vFPXbDDtmSA,cse,train
kJ3_S5ZlLf8,cse,train
_WKpisNZqEo,cse,train
f2o-yGVNthI,cse,train
-utS63IdeGs,cse,train
rXgshd1Xtrs,cse,test
a8wa8k0sIc4,cse,train
rtWdguvAh1o,cse,train
_7FlJHxVyGk,cse,train
THt7pQBTQKM,cse,train
gzQCFuK4j5A,cse,train
_6o6QxnvxiA,cse,train
Ftd6RPKRVEU,cse,train
e9KEPuiAgf0,cse,train
Q0DY1KLJcVw,cse,train
IB1oiHkh8jA,cse,train
tSgTCODnFCI,cse,train
B3S07wcuro8,cse,train
IBnKGj-4gz4,cse,train
kB-oW-kq728,cse,train
11e4XNfd_uU,cse,train
mXRf5hVlBBY,cse,train
CDsPWlpd2L0,cse,train
zV6-pa4rbtM,cse,val
MTptloFmyHs,cse,val
EwUcSv1O0dI,cse,train
u1dwfps1NXQ,cse,test
AD9HSZ66Zlg,cse,train
6VPtw5Wj9SA,cse,train
8rJdYUDW4mc,cse,train
MAviUYF5Vhs,cse,train
6xayW_1n1tw,cse,train
X-k4FNdivck,cse,train
Ibt2jfdE55w,cse,train
zKiwfyXfWlE,cse,train
qyrXpC_IH-Y,cse,train
3kOoxxZnsqw,cse,train
GwEKSHINmYc,cse,train
IMkKg0ZMTDg,cse,train
3ZgmV1NCt5Q,cse,train
Zpjz-eBkcEQ,cse,train
lz7vRSi2pF0,cse,test
aGIBrcQNCws,cse,train
cHzHB1m3_4Q,cse,train
a5E72-goi90,cse,train
jkxRZ2OPgX4,cse,train
pb9S08AUiD8,cse,train
YDgTXzBTVJU,cse,train
1yvFQEPJKSY,cse,train
aqHzwUB9_mg,cse,train
44_JVS4X1oM,cse,train
2YnF6eBZnGQ,cse,train
SShwC7h-1Kw,cse,train
k8OdF_vtuT0,cse,train
RhgREs8HpWw,cse,train
_xYEtG-v1Vo,cse,train
tV1-tKLuCdU,cse,train
4LZzW6Lgi7M,cse,train
qW4AaHgWavs,cse,val
dXXClMIkibc,cse,train
mfi16HFLLqo,cse,train
oRILnAmAi2U,cse,train
_ctKK0lTB5E,cse,train
-x728yK_fsA,cse,train
et2fj03mVyo,cse,train
tQXhPdJmOmU,cse,train
TOD0jtAV6DA,cse,train
kOSfxQ78vPA,cse,train
MN6koC-ewkg,cse,train
SyJ_H4ZQ2Ks,cse,train
TckDsldPRk8,cse,train
oUzeA_Gpnq0,cse,train
SWkJauv-5Gg,cse,test
xpbXxUaN-Ig,cse,train
9N-juBA-0ug,cse,train
xM7RyeNKXRk,cse,train
fHi79BaoDKw,cse,val
m6fd2uuVIU4,cse,train
DEkg35yjQ-E,cse,train
RgougtQvAUY,cse,train
fv_3WqnWDFU,cse,train
Yehpg8C6k8o,cse,train
zdIiNK5tKw4,cse,train
HAfNluCffNE,cse,train
eoN6-D0w-B8,cse,train
WvLoOWsmjZQ,cse,train
3rQtH7HI3OM,cse,train
nPvszdSDVhA,cse,train
DJBqa7aJRfM,cse,train
jOUMv1QK7l0,cse,train
ZaptOteAv-k,cse,train
Sot-_y61oFc,cse,train
J6D2UlmiZys,cse,train
VYVzIFwTtdc,cse,train
K5VflNuUOE4,cse,train
ucmLE0S4Fv8,cse,train
YLNojh9DOX4,cse,train
NzSH3mk63Ik,cse,train
WBIfQPI0nM0,cse,train
tOyxZWaWKa8,cse,train
4QfUOfge24s,cse,train
sweuNKyEAy8,cse,train
7veNzhsphyc,cse,train
01OcXouXRlI,cse,train
lCGFvHok36U,cse,train
QBCddXwxrEs,cse,train
1764rTxY5n8,cse,train
ml2YR9AMjWI,cse,train
XHpXTmKV6o4,cse,train
VwvPBr_MRMk,cse,train
VF7yrELkh7A,cse,train
nzdrWjPR0po,cse,train
VyN5KRbw2b4,cse,train
PKIOVfhtGzE,cse,train
i-g4WeN2JU4,cse,train
-_GO_U2P-H8,cse,train
mdGCmmqtio4,cse,train
cUBJZ-o4HsQ,cse,train
as0rCyfEvpI,cse,test
lAl01JQ3xVs,cse,train
_QBxdLZc8E4,cse,train
C0E_7UbkYrY,cse,train
yDl11xm32eA,cse,train
t7vVSVhsmKs,cse,train
YdUxVpZ0OfE,cse,train
TUamScKdr3c,cse,train
P2JQxsl--yw,cse,train
2YQJqEP3e7w,cse,train
teD-jDEycqE,cse,train
_f8wejvvII4,cse,train
iJCn2xRrDtE,cse,train
DeIrd-jk1As,cse,train
4bLPNM13xo4,cse,train
hYLoreDA1pw,cse,train
VtT9t24umz0,cse,train
piAW3wk-6oI,cse,train
xW6o6IFxcn8,cse,train
MEBDH7_2Bso,cse,val
HoUV9VqGAmM,cse,train
PtrFWD306mE,cse,train
lnT7IwUuLF0,cse,train
PeFAjXK7hx8,cse,train
BOwjFHDpXrE,cse,train
oovKRDw6fng,cse,train
mCkeyK-MiMg,cse,train
h_QlKgw2Ho8,cse,train
WH5OH0TOsM8,cse,test
SdVeuQz0imQ,cse,train
83bFYHYrq_w,cse,val
GXNItqNi57g,cse,train
JAeakQR8wo8,cse,train
dzuaplVbmWM,cse,train
k5IdYLHF59M,cse,train
8wW0e3gLLRs,cse,train
rTFlCqvrTE4,cse,train
LszC5ybyNfQ,cse,train
mRn7RESBZaA,csg,train
1mxpXxGienE,csg,train
kw1Gm4fkMM4,csg,train
ThL90mgKK9E,csg,train
IOX-FwxFXMk,csg,val
ZPsAji6g2Pk,csg,train
3MjggJ1mMOc,csg,train
jMI0DQSsHAg,csg,train
aKNh9w2CX6A,csg,train
hKjiMll80Ac,csg,train
kQr18wnOU9w,csg,train
-d-_G5lf9G4,csg,train
DBdHcsFXXiA,csg,val
6VqsvbLYa-o,csg,train
56Jr3kK2BSw,csg,train
o9J5uEAAM7M,csg,train
LrPAERKTAiY,csg,train
3g2YyI5_-S4,csg,test
N2-S5QcY4NI,csg,train
Sw6-n55msW0,csg,train
bARzYSoex3o,csg,train
_zWkYHEJFb8,csg,train
h4moiq4SGkQ,csg,train
zA9HCSHev0g,csg,train
U9v_6IpxRhM,csg,train
-eo3jPm7y1A,csg,train
8sGu-HosTYw,csg,train
vaviqsUYhTQ,csg,test
40xa1DejTKM,csg,test
hwnTUCknh_U,csg,train
RGpLTceBOdI,csg,train
ew4KRoAg-Lo,csg,train
kHN6hEweaWs,csg,val
ru4PJreD3po,csg,train
HL_dZDIRSos,csg,train
VRIHeJbscSY,csg,train
TXI1I_QB6aw,csg,train
evUh8zAHoSY,csg,train
0fIQd-KvBBk,csg,train
VbWSsO1QtSo,csg,train
5CM1Zo1T6yw,csg,train
kb2thmNBOMs,csg,train
qA1CHaOuZuY,csg,train
dyVYDYAVUAM,csg,train
q5lw2AauK84,csg,train
PBaBVA-8WnQ,csg,train
q6K9U9o3_8k,csg,train
J6Wbc8COFEc,csg,val
GtEouz4qlfA,csg,train
Zh1euwI4zkg,csg,train
mm5ki5UGl64,csg,train
ssoVtnazQLY,csg,train
rJkFLtYK7tA,csg,train
ET5AexG6wwU,csg,train
9c2CYnAEs9Q,csg,train
g0eTl4-vwyc,csg,train
WRSAj9LjYlY,csg,train
uG5CdOkgaaM,csg,train
k6neXO6LhRc,csg,train
cU0e_hZBJII,csg,train
I5tpJooFEUI,csg,train
8jSKxh5m45w,csg,train
C2jiMw_ZZV4,csg,train
izIZrBXDEKc,csg,train
Ttp9F0_dqFU,csg,train
Jr-YGR22BJQ,csg,train
VOPpiIewyHs,csg,train
gW3eW_e9TGY,csg,train
8zFbPU0L73c,csg,train
PIR8HO9umXA,csg,train
9UwlhTA3r-Y,csg,train
CI0Wmo8K9uQ,csg,test
aFiXgn0VS9s,csg,train
DrCn8PF0N_4,csg,train
zxjCnKgWEuY,csn,train
qxIA_Womx5U,csn,val
Ri_Q_oXGKpE,csn,train
89z77v76lJM,csn,train
3eCHLBvX4bM,csn,train
gUu4u8tbkPU,csn,train
3j0Sae2n7F0,csn,train
6YGMDNTZPE8,csn,train
Gziwbk0pDhs,csn,test
w-3CiE3xxV0,csn,train
v0CWV_BSszQ,csn,train
prrjx2aZw34,csn,train
X2WEOST9aDg,csn,train
sc9hqOtbBZQ,csn,train
PbUwyBm3Ggo,csn,train
pClUV-yL8Dc,csn,train
N7A0s7CGM1w,csn,val
OMVjlKi4DYE,csn,train
R-LHV6OeOP4,csn,train
fqYJ4Npe8-4,csn,train
L90GlS-9XGE,csn,train
Ek4vO4If1GI,csn,train
y1SyINtiLWM,csn,train
KhXsY0t_HF0,csn,train
wwqNybF8uMQ,csn,train
jtYDwjE883I,csn,train
RcYYJ388Eaw,csn,train
4TEd-VdBPzw,csn,train
Ky2n_iUrYEc,csn,train
gMWOww83U3o,csn,train
1rug_pxMLS8,csn,test
4m0qL6Z4tFo,csn,train
HpAC0HqWCxA,csn,train
Beef4UPtEG4,csn,train
v2C3IjRkgxQ,csn,test
yOiZiCWQ-j0,csn,train
ZycTu_fzFi4,csn,train
mgCVmOwIVns,csn,train
IZ-SybmJyMk,csn,train
a68StMSrqcg,csn,val
SlhEXH8f4w8,csn,val
wRwIsRfVXec,csn,train
2AaWVTnXFgc,csn,train
-6D0VCXti5w,csn,train
y1HsCdMC54o,csn,train
PysP_KXdEgA,csn,train
spWFIgJkHKg,csn,train
ZmUMWJ_lauU,csn,train
2__v-Rnjb1E,csn,train
0i9ThEjHnqE,csn,train
VIp3a_WyhgA,csn,train
jyRVSyzz6l8,csn,train
iboO33Uh6pc,csn,test
_cH3yRPrICk,csn,train
35q_X_9sI9I,csn,train
CTbxBNyF6gc,csn,train
mEv2kxdRFZc,csn,train
8aNjixE3NAo,csn,test
e2m87twi5G0,csn,train
OWa4Ntp8UKw,csn,train
LaJ3ixTt65s,csn,train
Q_PVI_pjtdU,csn,train
Sg_4Wf1xLe4,csn,train
aVmi6pNug8o,csn,train
dV3w3tmtQ5I,csn,train
Qf028XI_cEQ,csn,train
2vvkiMBa1fE,csn,train
6gUzcd19rS8,csn,train
eJkFVXUkghI,csn,train
g7x4ZUJUau0,csn,train
FqmL48rjgyo,csn,train
Uv-DCPY6Sys,csn,train
4wHlY-BXT3A,csn,train
x5XWpz8T66w,csn,train
IL9NKOk1O3o,csn,train
7QKQ5lvDb38,csn,train
k12WHQEMMlA,csn,val
Qcz3184FQQg,csn,train
JFlcf_pochY,csn,train
qr6Yci1cZD0,csn,train
8K2O45hdnck,csn,train
iWfFVvk8CNU,csn,train
UvbHpfy015c,csn,train
DpK9aWl6fdU,csn,train
PI5PxqQr280,csn,train
TORP9OIJx5o,csn,train
e0bvAiYV43c,csn,train
8rewNmIyzbE,csn,train
sIq_uZPvyxA,csn,train
j6H3MAfGAmo,csn,train
esPH96f8lFY,csn,train
qV6GQds9hAI,csn,train
M1lM3BjyTrM,csn,train
6fv5-9uSDVI,csn,test
QyB8XkssAdE,csn,train
wGTqSUqMAXQ,csn,train
yW0llixGz0M,csn,val
5_Y4w0DoFT0,csn,train
jLWBsgo9pug,csn,train
T2JEet3GHKQ,csn,train
qTKNW0F8ZS8,csn,train
I1fRAnAC-zE,csn,train
9GmkRbW8QRg,csn,train
GaEVDHwZ8IE,csn,train
-Fvz6UTN38U,csn,train
GFc37-L2bYg,csn,train
vkK1tzEdkmg,csn,train
LmTtGLZxKog,csn,train
nn_dS-tlYEw,csn,train
T52fldluowQ,csn,train
p2CgjGjUCe0,csn,val
dPTVEKrAW0M,csn,train
yRXCBXjdicQ,csn,train
icEBI216lgA,csn,train
1HaysyoDxN4,csn,train
2LKsWeZJmDg,csn,train
P3gUMFvZuvo,csn,train
hhp0owLwza0,csn,train
O7hXxYH2vho,csn,train
E2XipOnoM_s,csn,train
ErBBtZnWwWA,csn,train
duy_8rFav6Y,csn,val
P0AnFI7MJLI,csn,train
A-YLUo06aqw,csn,train
-vGz5K3xkn4,csn,train
rfKs8nLD_tA,csn,train
C2EOns7FJTA,csn,train
nSXtpWwdoCU,csn,train
OSYSRuUuAhw,csn,train
b2zbBcBN-jI,csn,train
_KXtYHiJq1Y,csn,train
tJBoqzekeU0,csn,train
vEyQabByYoM,csn,train
sijEHy_4xwQ,csn,train
WJ_mP0HE8GA,csn,train
35g0uIXH5dM,csn,train
5XWh-gZ5aLU,csn,train
XpBBvX33m0o,csn,train
XqyGxkopRkU,csn,train
StIXV_-EAck,csn,train
7p0vgXGi4RY,csn,train
z6g6emsvd_c,csn,train
ZUxsRJYOmnM,csn,train
aYo6sp8AuLc,csn,train
BUalSgPJAiI,csn,train
NcYziyu_c5Q,csn,train
cBGatcfoBo0,csn,train
J6Lp4MMPR6o,csn,train
Vfr-knlCGXk,csn,train
bgkq1jOK2y0,csn,train
WFE4NggQdEw,csn,train
9tjb4ACIM3s,csn,train
C34OehH4TYQ,csn,train
DDhoLtdSdXc,csn,train
LFYZa8-BRCU,csn,train
1eTLKHmSpO0,csn,train
j9btQAv70NM,csn,train
q1S3Ek4ZINo,csn,train
e8MMlBNygsM,csn,test
JqqjP5yQEcg,csn,train
RLq2GnE7TbQ,csn,test
7GzjqNUX7ys,csn,train
y7dPbB-X4Os,csn,train
wnsUdYB6F14,csn,train
yoHu05J_uxo,csn,train
9RbGt5T_ZB0,csn,train
69EVTKKVz-8,csn,train
HXqvwiuTWN4,csn,train
1TOXv8FxKg4,csn,train
x1xi3rAE4m0,csn,train
0zfCTPpHKX0,csn,train
kbIGzR6HKbw,csn,train
qAU-B3FX6ZU,csn,train
w9qGDWzTlBA,csn,train
boJ-Km8Xa6k,csn,train
Sg1Oi_0ExBY,csn,val
3wwMDmTfBEo,csn,val
w85s7Ln9tFw,csn,train
GFuigPTpPD4,csn,train
BqiUPeYVElY,csn,train
8hyikn4rBbQ,csn,train
ImvSasFSBAg,csn,train
3b875GTTxNg,csn,train
2I66jUbWpeA,csn,train
CuqTNVURzTY,csn,train
HMtd6qULsGE,csn,test
-uxMzcZ6sJU,csn,train
AIUdVol6MWM,csn,train
_N0iHm7Aoyg,csn,train
4YxDy-RqU34,csn,train
nPMODA-fz7Q,csn,train
ofhDWcPmLQE,csn,train
G7ERcRJZp6c,csn,train
YcKZcN9btyU,csn,test
YTIXg451akc,csn,val
Yp7OY-Rji94,csn,train
I97YNyOeneM,csn,train
s9LMuzsqZWA,csn,train
ZW2gK2jR-TI,csn,train
mW00_b5rK6g,csn,train
h3qaj4gj-Z0,csn,train
8DyOBPvxOzU,csn,train
BobrAk1DlzI,csn,train
cbx_aPSIAiY,csn,train
ONQL4Dlo1LA,csn,train
YGMoeITg8YE,csn,train
AGHcLzVUbhs,csn,test
04SZZyPFz34,csn,train
f4K3TvIMoTE,csn,train
sOy0YvrYV4E,csn,train
jEFJvR0wec0,csn,train
g2ZtZjbzhVU,csn,train
RSvY0sWmF4Y,csq,train
brLeRhGM9a4,csq,train
yfOk0siGP84,csq,train
SAW8m1oo0FM,csq,train
Xwaz_aK9iRY,csq,train
BwdF1YvcIKU,csq,train
niWKswaaN9s,csq,train
jj6khiBlO0g,csq,val
fMG38CojEhI,csq,train
Br1n7m7eWT4,csq,train
hdmlYpJ9XHw,csq,train
Nr1qb-idDdI,csq,train
ZLZd6saT88k,csq,train
l40YrAeWinA,csq,train
tEwCYxdH-Fo,csq,train
vw8IGti7a5s,csq,train
Bprl5sbSq78,csq,test
YFdp4y2RGfQ,csq,train
YiLsY3m2rP0,csq,train
x8dQidhcClg,csq,train
cyoNgivuIqQ,csq,train
mPrApS7mzkE,csq,train
eiP6dwN6juk,csq,train
VUAj2FmXKRg,csq,train
y3rJXQouEX8,dse,train
497-ZmsOf10,dse,train
tACD7Vzs5Ts,dse,val
XjxE0fCgdps,dse,train
dqC9Qydnek8,dse,train
fxlfy9P9BwY,dse,train
3zmNQ6m1A9Y,dse,train
YL9lBeTbqMQ,dse,train
eiOum4WpjPE,dse,test
k1bnyBg2-iQ,dse,train
pJTcOZUfkWo,dse,train
_hfJCnnCFbY,dse,train
mPaOOp5LLcw,dse,train
x6VACTYpLj8,dse,train
L_SVuO53xLo,dse,train
zCprhqTWlmg,dse,train
mVOef_2GBnY,dse,train
-g2jrmiqDPY,dse,train
bTc1iDdbzfw,dse,train
EmoKA8fhpCk,dse,train
aX9j2w0tFJg,dse,train
wcMhmz9VEW0,dse,train
bv-SyNm3AOE,dse,train
ZiqzF-VcXBU,dse,train
oo02868GWEQ,dse,test
T4TxFuDgMGs,dse,train
7Mvhlt67SKk,dse,train
gzn1rehoCBw,dse,train
g93P_qnaXKI,dse,train
8fHkLpUyFd4,dse,train
2SM8P-4dNz4,dse,train
NdQ0GDs5Vyk,dse,test
z5BazBOXOKA,dse,val
qHMEn1pbiyA,dse,test
4IjTad2fXs0,dse,train
jS2MjweX7dQ,dse,train
yKkP936oUuI,dse,train
xGJcw_xKry0,dse,train
VqXd7psip-g,dse,train
BIWgMla-EF8,dse,train
Vi44_ZdvEY8,dse,train
yeifsf25gT0,dse,train
uFSTJtXffmg,dse,train
kXVp3w-vQOA,dse,train
8Dgx_khkreY,dse,train
7PnIXcBBbCM,dse,train
FVXbVeu0cyQ,dse,train
C-Pb8UJ6Lb8,dse,train
x9ndN2MvgY0,dse,train
hHzFqM2PUII,dse,train
2le9gvtYyUg,dse,train
-uWykFVrywA,dse,train
upX8v5PfESI,dse,train
2M1urj65FyY,dse,train
qma2Wn8Yokk,dse,train
qaABhsMO2QY,dse,train
d6lcIChhEmA,dse,train
FlpJP8DenRA,dse,train
YfQg8GIT47w,dse,train
xLRHB8TxYXk,dse,train
ioYR1Zihodg,dse,train
irzi0kFaFB0,dse,train
IIoFaC5oCAY,dse,test
hOPMEGnxDO8,dse,test
C2lPAHEgdSw,dse,test
pcy9qwz4acM,dse,train
lIUzq71nFWA,dse,train
6FE5vlIkl88,dse,train
-lDjIufQY78,dse,train
8skkZNJ-RfQ,dse,train
DqWX3IOprf4,dse,train
oH4-WFQPgrY,dse,train
xE0-jiYtODs,dse,train
dug0lXcIVj8,dse,train
OxHo7f3PNo0,dse,train
yUP6okWJaCM,dse,train
mxC6IfW4Wjk,dse,train
nfTVNp4-Sx4,dse,train
Xt8DP9TNB1o,dse,train
EfsIrWHG7f0,dse,train
ay2jULZABQI,dse,train
9OsudvxZveY,dse,train
DYUOW4Foi70,dse,train
GEuN2BaA-ow,dse,train
Jy4Ah8-4PqE,dse,train
xEtxx3jr0jk,dse,train
BF28iR_M4bw,dse,train
IPTwdwqfQEw,dse,train
t7s_rOIcZto,dse,train
OnDxytpnQmI,dse,train
Iu-d6IgDXuA,dse,val
RepbkiVD8AM,dse,train
0GRDMyQ3q1o,dse,train
IqVn2ab1KR8,dse,train
0LOKAPkPCEI,dse,test
EbQZ2SBsvh4,dse,train
PVx4mghVMns,dse,val
wj_zaS-1EWo,dse,train
83-z2xzgEAg,dse,train
sF9Sr6otn8Y,dse,val
EKShyy8J0Jw,dse,train
Z0FSsu71dlQ,dse,train
IOjsze_lcZE,dse,train
EDWucOMCSUE,dse,train
xKcrTpWZijU,dse,train
FdU48xz3tfQ,dse,train
u6tsOV4djZw,dse,train
JU6JirPhvgI,dse,train
h8imDfyv8EU,dse,train
lYoLQOTTlgI,dse,train
vaR2sh1rVVc,dse,train
UNYx_ycl0Ug,dse,train
q624z5nO4jA,dse,train
wejv2RxAIZE,dse,train
zwqx2iDiDSM,dse,train
8rmu5PRvPfE,dse,train
2GBkRzN8Pvs,dse,train
llvgIjzxJ2s,dse,train
gZRM8jMQSIc,dse,train
qJ9VGP8UVc8,dse,train
1tgw0xZ61E8,dse,train
V_odcONVnys,dse,train
D1VentmNcxw,dse,train
LqjurbJ7FQ8,dse,train
3c-XVTDblAI,dse,train
HN9F8tE9CDI,dse,train
7uOofunDBX8,dse,train
iw8lIoMN3dE,dse,val
qBIB74_ddX0,dse,train
WgQkUEvcopQ,dse,test
4-Ag0ha5Etw,dse,train
YO5-34XGSoU,dse,train
rf9EYmyw5Pk,dse,val
0ZptC3QKJ4s,dse,val
z4kgqgVbPIY,dse,train
R_ZNLnoR5TM,dse,train
0uz8nNPRRG8,dse,train
P9ER3ADmjxE,dse,test
ApSo3HcAANc,dse,train
BMDboJcGbR0,dse,train
XWANYaSOleA,dse,train
RLSyYQx9oI4,dse,train
MJckL4zG-sQ,dse,train
ThyCKWUJxUs,dse,train
gO_K5PBldsY,dse,train
EddUx3MZVgk,dse,train
ilFDKDhDu9E,dse,train
miYyyGnIDfg,dse,train
t7h4GFOPRo4,dse,train
dK4xWqGuXDI,dse,train
Ffttdx67Rw0,dse,train
eaea4FkOf8s,dse,train
nd8HMKoLhHY,dse,train
85GfTQGIjhM,dse,train
jrksZL8i-oM,dse,train
l0Y36w2Cscg,dse,train
k3WQLSIMpoQ,dse,train
_KRT968Dvi8,dse,train
xMiZ4qVaBHY,dse,train
nG4-jIPLV5I,dse,train
utrAz27gNW4,dse,train
gn4rxDykMD4,dse,train
ggahHaf27f4,dse,train
MPlXWjk_52E,dse,train
XmaCzXe4ZQI,dse,train
Ir9xkiMj0uU,dse,train
-JP7hyAR2mE,dse,train
qDcWwt5__nM,dse,train
74USo3Xsk0I,dse,train
GtLrhJa8akU,dse,train
QKOBeCZ90TA,dse,train
z3BBMQ7t1aE,dse,train
JVqVoHSr5pk,dse,train
lsriQxiEqKw,dse,train
sTUk19QP-jQ,dse,train
aNs92k_OAVY,dse,train
xYiGjJpUcg0,dse,train
QrzBIZiVezk,dse,train
UIgdBswF400,dse,train
0LRJ3gNW0Wg,dse,train
3U11gDBqvrs,dse,train
9KIcmE7XEUk,dse,train
VCByI6mvvLo,dse,train
w5Qv0PAW1NY,dse,train
aXavTqYwbTg,dse,train
LzOYpIKYWMo,dse,train
hk9fbAvW82Q,dse,train
lyb_qnzrEfE,dse,train
zEeh0mtiSGM,dse,train
8nulEXrGBkU,dse,train
pCl1b8Jwy4g,dse,train
XGDVFUn62A8,dse,train
HN6fR01--U8,dse,train
19vKXMV5iDc,dse,val
BLVgnqqB-ao,dse,train
eD4BID_OIWw,dse,train
G9ZYnJav4cE,dse,train
Ohx1FHtTvFk,dse,train
rCcpzg_5uGM,dse,train
bamS22dHaAo,dse,train
zbT5npMa5b4,dse,test
gaa-0WDb7zM,dse,train
hEmbsvckDaM,dse,train
2nnKVMdAclA,dse,train
2depIphZYkg,dse,train
Supln0AySUg,dse,train
rx1-PNU-3fA,dse,train
Q8ehCCDlxzI,dse,train
N7i8_tEzlH0,dse,train
TICt9CgEnbc,dse,train
SrWsSZPhGNY,dse,train
NBRsWwwt2q8,dse,train
OHt7Cg1-U-g,dse,train
YHiJCjC5tdI,dse,train
Fq3HGo4lcmI,dse,train
k1o63RICXM8,dse,train
67fGShivCAc,dse,train
LP7mK_5MYy8,dse,train
u1ZGKVMLbXo,dse,train
cWdtnhmAvkQ,dse,train
j7YIhHkSJ-0,dse,train
1Qkq1mbDkbc,dse,train
nZL0B0ZAzdc,dse,train
1yS7Ew8IpuE,dse,train
TCiHX0_xGfY,dse,train
fXi4XR3DvMs,dse,train
tUBo3L2uaPw,dse,train
sNb4lwYNa10,dse,train
2eFyGAC4l_s,dse,train
RBOvoDEWg1M,dse,train
f-TGQvrEdT4,dse,train
jQyP9soRC0M,dse,train
zIbcddo9d90,dse,train
io77iWPCGRU,dse,train
Ebs5lhMnTBk,dse,train
9S247MC7wtg,dse,train
HUSmgvCd6Pk,dse,train
ds-T8IQ59AY,dse,train
uV0f4KbIT_g,dse,train
AvoBmESOxIk,dse,train
txwn1MgmLmk,dse,train
0DL4hEVFJAM,dse,train
A4AZpN05DRI,dse,val
wOF53r2-zkw,dse,train
lbFqd8DmWyQ,dse,train
Thkjcrh41k0,dse,train
5uAyQ4EkbcQ,dse,train
4iax6N9qZvg,dse,train
YBSWgagYbEo,dse,train
fkqN-lQ-0w4,dse,train
PNrnnHd9z1k,dse,train
nZII8b9JKMg,dse,train
FTWna17uEAQ,dse,train
lZe7hWRBIwk,dse,train
wontcQ-dnoE,dse,train
6U-faiubh44,dse,val
i5_ElxSItlI,dse,train
NDXRiFpXyOk,dse,train
ITxEE80d-yE,dse,train
3Wuk6XbAK0g,dse,train
xfHCtVJoS78,dse,train
B6GyfnJrz5g,dse,train
bYkXaKnI8H4,dse,train
psL_6zx2Lcc,dse,train
YBkSZD_KsNs,dse,val
wnAiR3XDV-U,dse,train
e69b_zay1LQ,dse,train
B9K8vi3udBA,dse,train
OO-J_IT_4s0,dse,train
uHONscbt_oo,dse,test
AYYgM4xYMtY,dse,test
ytcRZFmGveY,dse,train
Ik9xsy0T6Ks,dse,train
c9OGDfE5nVo,dse,train
0mXlVK5EYA8,dse,train
W6gns7goLIg,dse,train
miufMQdGa5M,dse,train
zPovOud8UNQ,dse,train
SrfIr198nbY,dse,train
a759F9sTD5s,dse,train
WbB3Y--y8_4,dse,val
BDkOmCkV_L4,dse,train
6DfxYoYV4UM,dse,train
DzHnV5JQo0Y,dse,train
0d5ZJDw8vxw,dse,test
JCBRZz7JEpQ,dse,train
cOXzewFoO04,dse,train
rgLatt7qP8A,dse,train
oBsZhdD5XpI,dse,train
XPcyBau66w0,dse,train
tebuZQE2cuo,dse,train
fdNC0U8lf7s,dse,train
Xw9j0Af8QMs,dse,train
T6XLULaplfk,dse,train
FQDgp6ei7jY,dse,train
O97OIxe0J9M,dse,train
COAnJctiAi8,dse,train
0brLYddJh9A,dse,train
odrlLJBLnRI,dse,train
QppyO2tSrHU,dse,train
DB1oKJqQ3RM,dse,train
QELRhmtYV7c,dse,train
6XmVxASocM4,dse,train
f1UPVb2pQ1s,dse,train
sraSCUmwOdM,dse,train
3qiR9yH9mnc,dse,train
NgWzMHhpfGY,dse,train
eW-bH9_FjPs,dse,train
MkWu-UgRugE,dse,train
_RObnTVx0hE,dse,train
p7xkRKJyOUg,dse,train
bXeK_xDaN50,dse,train
k9fCIpReWx8,dse,train
p0a1HeD_n1s,dse,train
rUumCtqBKL0,dse,train
gFhk_J1GgGw,dse,train
adkTvnX5FDM,dse,train
NPzeOdAIcxc,dse,train
sZ7lcNNXPmw,dse,train
a0gL4w6-_jE,dse,test
MszEiTc93ZA,dse,val
4ZBbw3Ag1EE,dse,train
6gP7w_F4uO0,dse,train
u9zunK7jr7o,dse,train
qLOngotg-AQ,dse,train
3N69lQ4T9Po,dse,test
wYBtPRhW3Vw,dse,train
1f4JzjmGhN4,dse,train
DErMQBk2aoE,dse,train
-dXeVXA7ghc,dse,val
d_dpkL0khss,dse,train
FO7dV9UlWhM,dse,val
3S1c8_mS7X8,dse,train
1QpSovNRZPI,dse,train
BUh2pRqCji4,dse,train
46McqyjaMhM,dse,train
TYzuGNa8I8g,dse,train
afZ81uHBB0Q,dse,train
9JceNEElTGc,dse,train
_ifutT6XPJs,dse,train
t29KtfYYBfA,dse,train
AKRth77D7ME,dse,train
S0u9ktV7618,dse,train
P-tPqvuwIU4,dse,train
fWzxGu-SiAU,dse,train
kRMQOapIMhQ,dse,train
wlc-kcnPztI,dse,train
XJwPUXrzSA8,dse,train
Y82OusZwC10,dse,train
v7_NHmG8bhs,dse,train
CAugUg8Q470,dse,train
gHSqTMf2i_M,dse,train
D7WqaYSS_Zw,dse,train
tSuHz5vPTR8,dse,train
US63-TbcDws,dse,train
gIbmKqSTvlQ,dse,train
51cq9uijDJQ,dse,train
NsoU3gL8IjM,dse,train
3XXhm8arWv8,dse,train
CoSh4EvZyDY,dse,train
zStnHtOZx-8,dse,train
xZjCx-DrHh8,dse,train
SbPOntnF2Gw,dse,train
OQbQArFNELk,dse,train
yHI8cYUkl3w,dse,train
J7fy88GTLKg,dse,train
kPeCHBjBydw,dse,train
cKjZXQM-g10,dse,val
cGsakDI2Dyc,dse,train
_hTyMvEJK9Y,dse,train
YNg7Kny2CsI,dse,train
VujuYLlOIuM,dse,train
pmttVnfn2pw,dse,train
OnGlcozbjTI,dse,train
qO5GIR0QoPs,dse,train
LOiDMI3ugTU,dse,val
MnpB3OlymdE,dse,train
DdP83naq11s,dse,train
-i-if6pK1u0,dse,val
g3qV0e77FLI,dse,train
E4qI8Xh2jiE,dse,train
OjecLc6vwAE,dse,train
IClynZh71Sk,dse,train
JrkKhKXqkj8,dse,train
HTmUpawxgnc,dse,train
HyRNKydxtH8,dse,train
OqG9dGADLS8,dse,train
6TaX8bC3x4w,dse,train
bTOh2uv_hbw,dse,train
7J0_VnXrVlg,dse,train
SH6lXNrazio,dse,train
ISoZ6GUNV3k,dse,val
8UfsCWBnIYw,dse,train
lFLlBR-RUlk,dse,train
s4456BA2fXY,dse,train
-2bwibIKsc8,dse,test
O1ZRGpHHM_A,dse,train
xUG96dNeA5w,dse,train
H0HXEGv6YJI,dse,test
G5lBdHA_J04,dse,train
aj7fOhIdSPE,dse,train
d2pG-NmtYCI,dse,train
GBzpIrlSrx4,dse,test
CrMb6I8O-Eo,dse,train
8NkW38gDun0,dse,train
JkWdygCh4hk,dse,train
ri-VyiF8OOI,dse,train
kmLTS0HOmyY,dse,train
LqOZQTLyZVc,dse,train
VZNMMYcYAgw,dse,train
TFLkJPEBXLc,dse,test
EW364lAcUv0,dse,train
mtIV0X3fNmg,dse,train
y37ozNckYOU,dse,train
YME3UP9Zbm4,dse,train
EUdSLQXUB8w,dse,train
l3XOMmmWMGY,dse,train
cqrxQoIIoE4,dse,train
NwetgkWfgtw,dse,train
8r4JXdtLdf4,dse,train
ICEGfftwV1w,dse,train
8crAVbd8Yms,dse,train
p8s3mUS1xes,dse,train
zrtvYJi6Uxk,dse,train
kCoJmrAxcTY,dse,train
2KjEHnLBJZs,dse,train
n_Eb80tnxlw,dse,train
jfiUlmQdoNE,dse,test
yPaGVcWflVk,dse,train
1oWqMrdIHIA,dse,train
95eFTILK_ew,dse,val
samc69jhRqw,dse,val
OFPj7Bg0hU0,dse,train
Qcg4fi2yN4M,dse,train
Xh2OsvWzhrc,dse,train
TtPYLofF-ng,dse,train
1JLsNVEbwYM,dse,train
0Y5vMbD0YpQ,dse,train
l2wb4PHYTfY,dse,test
YKtmuHUsJ1A,dse,train
JGVTJKy0SeM,dse,train
h2Kg-f2M9DE,dse,train
odtOwMZj8LA,dse,train
i3Hw_b86WLI,dse,train
oyNdiz5kMuM,dse,train
jEr5l5Vr8-w,dse,train
Gxh_cA4MWro,dse,train
JVwUZrOV99M,dse,train
wZu69Y4I5sY,dse,train
pWYou9GEkvY,dse,train
fVAXV-teKtE,dsl,train
WKeQ9eM8KT0,dsl,train
irZGEiMnrGc,dsl,train
SsjZ_wIMIZo,dsl,train
QKBSwBICK6I,dsl,train
uoRoWyoY7C4,dsl,train
62u0ZJEJNhk,dsl,train
xywt0W2Mppc,dsl,train
zwWsouDrLfk,dsl,train
7SaYoLAiA0E,dsl,test
xPV-JWt1y-I,dsl,train
n3m5GVg_JEE,dsl,train
OTdOnSXXmqo,dsl,train
P6WNFb6SFzA,dsl,train
ud0FFySRWJw,dsl,train
vnuHgTzH6z4,dsl,train
kQohrY3R8eQ,dsl,train
8b4QadQNbVY,dsl,val
jcZDr--SdK8,dsl,train
nr8G4Y8h1bA,dsl,train
ZKykiAUHBn4,dsl,train
AwZ2MbVtQEQ,eso,train
8OrKPAADYu0,eso,train
KgkX7H9xm4I,eso,train
QfsyBniNXGI,eso,train
W7ZqE2Kb0v8,eso,train
TCWVKot-n0Y,eso,train
vapoQYKx6q0,eso,test
gvDRAQSD3-4,eso,train
SM0EGsfYbmQ,eso,train
AKK0mKVGfts,eso,train
HlbR9SbjIW0,eso,val
K9vt9xH20eU,eso,train
0QPUlDd2nwc,fcs,train
GyraHg4Y2_k,fcs,train
-pmadxCBFgU,fcs,train
dnOeT1Vu0Ok,fcs,train
VP7ejTAr1fk,fcs,train
9zZ06N58BC8,fcs,train
4kQE2K-orCM,fcs,train
NHT_QhysAzU,fcs,train
9RmBaZ8GTkA,fcs,train
bJYPmq4mP0Q,fcs,train
kNmelVQuDlU,fcs,train
2KsnO-LHsoY,fcs,test
sgYEH20QmRo,fcs,train
OW_2yhtRd6U,fcs,train
g6WEDGWaW90,fcs,train
TwEpUOsvRjY,fcs,train
gr3ZW933Gfs,fcs,train
vo6xPV_--qQ,fcs,train
KE-V9WihcLk,fcs,train
JzMvg5Qz1Zo,fcs,train
jlI3hwtXTqI,fcs,train
ArWCghsEdEM,fcs,train
RMNLYzZwSRU,fcs,train
H-Y7ca36pqs,fcs,train
peBvWZNIe9M,fcs,train
dpVFPlBYiZY,fcs,train
9z-L4oGN4LM,fcs,train
0f_WU978JdU,fcs,train
mN4B1wBm0yk,fcs,train
u2MxMIrby9A,fcs,train
GfZ9kSvCOdI,fcs,train
DSFsGtUagdQ,fcs,train
AFdX6ILWTzs,fcs,train
BOTaJ5_5FLw,fcs,train
d3LOrvyH3Vk,fcs,test
jP5xLih42qI,fcs,train
glm2hdOtNgI,fcs,train
75Kv8o6WsLU,fcs,test
MXCpNmMWC3A,fcs,train
Qq9m8rrSKh8,fcs,train
o03LDBO5guw,fcs,train
1MBQtSRpMOo,fcs,train
idjLWot8dfw,fcs,train
2xLlYZeTtgc,fcs,train
mektS6-pPQU,fcs,val
d2_nmYKQYGk,fcs,train
TUHzID2YXGA,fcs,train
uq_J7V1CNHE,fcs,train
0ykE6imLSEI,fcs,val
BLkc4QawrkA,fcs,train
62XpBQ2_f-8,fcs,train
Th87t8oAENw,fcs,train
PaVp83x7u34,fcs,val
jf6xwQe6jFU,fcs,train
2zR1bjXnEn8,fcs,train
pBdYtcFVVlY,fcs,test
gUpsQV4aJBc,fcs,train
x-pDd6QGF7g,fcs,train
fOZF-PCISIo,fcs,train
irqC_c5QLdw,fcs,train
zfzLTJEetlw,fcs,train
pS6xVn_DqSc,fcs,train
c9eHuu5yB4c,fcs,train
NvmI1Q9ON9w,fcs,train
ij0-zWOJGfw,fcs,train
-3cXA7loGdM,fcs,train
QPGQIawt-eE,fcs,train
PWrFx_atJjY,fcs,train
aCGLXBwQM8I,fcs,train
QWZc9uuJS3s,fcs,train
w-0HEntXVHU,fcs,val
xM_aavDjkG8,fcs,train
msRfDgvMaWY,fcs,train
G4RKOo8C1Ps,fcs,val
lcYnO5219FI,fcs,train
NKLFr-ifKI0,fcs,train
BfqVRbdPw44,fcs,train
4IPjbbpmi1M,fcs,train
a_KRNNXWZyc,fcs,train
wWdZru80bJ4,fcs,train
6f1SHpSIcxI,fcs,train
uhGUWL_kJcE,fcs,train
EnmuACGTduA,fcs,train
jsMW-pFs10M,fcs,train
O-JIvMxoAc4,fcs,test
ajJj00kJqmY,fcs,train
QKp-SKXTxMs,fcs,train
YIqcoM02_yM,fcs,train
LfBfDOhlgSc,fcs,train
434P1sov0ZE,fcs,train
FNhbQWR3XTU,fcs,train
KAv6dpXwhnI,fcs,train
sSSBt3opqi4,fcs,train
r-kmd7KCX4w,fcs,train
rvbcbfMTa8A,fcs,train
8LBVW33T6nY,fcs,train
VNrD-3JToAA,fcs,train
FRH-z7sd3Ww,fcs,train
bKjxTEmxmqw,fcs,train
_w6YxLne_iY,fcs,train
5SCAywirWMs,fcs,test
K3cI1Vw-e1Y,fcs,train
OQhlRSTo3bk,fcs,train
JBxBb1p3s_g,fcs,train
89AIX2IkVag,fcs,train
shAclNotiyM,fcs,train
_n4kybbU2-g,fcs,train
J5AB_JATJVQ,fcs,train
aW238OaDce0,fcs,train
Epielr1m_q8,fcs,train
MbjP8X6sAq0,fcs,train
8SXp52rGZxU,fcs,train
HNWfsYV44ks,fcs,train
HCXYySOMF7g,fcs,train
gcmySJSials,fcs,train
r5EeMTFJvBM,fcs,train
GbfwIOH97HM,fcs,train
kXKLBfcDzaw,fcs,train
y9wecxN7yQ4,fcs,train
VteYvwjRUmA,fcs,train
AbujfU2p7ik,fcs,val
K3VtJFBwT5c,fcs,train
ajSs-vs9SJI,fcs,train
H_zOvfs7R-c,fcs,train
RXWwX7D7Bmk,fcs,train
7aj0Upm-dio,fcs,train
j3j5_wjjTtA,fcs,train
6Gnms0gaQUk,fcs,train
ygs5GBSumO8,fse,train
sy5JxTUcG2Q,fse,train
W69xSgeUbzE,fse,train
5ksvbJvnBv4,fse,train
8qnwpTIuAOw,fse,train
-PRRlMEVnrs,fse,test
0e_Ahhm_PSg,fse,train
0y1Q19q9sGw,fse,train
p86m4eaAC2k,fse,train
oZJI94B8H1I,fse,train
Ba8eYbqkZFI,fse,train
u89e7NuucPY,fse,train
IOrjnNk0abQ,fse,test
EkgWf8MNZNo,fse,train
TMN3eWyVj9U,fse,train
cFJ3tpsA6UQ,fse,train
bHTgelhLh3U,fse,train
jzXpnnc6Wqk,fse,test
NSnIl161yHQ,fse,train
fpCQXMoX26Y,fse,train
6wOIQDb6iCw,fse,train
8tvila_QYT8,fse,train
M7nTMGPhh30,fse,train
XtFKNN8DMyA,fse,train
8WoHPTILDAU,fse,train
17CC9qUiXeQ,fse,train
FI0zpb-aSsM,fse,train
Z_2anBPKu1A,fse,train
odbzH091AxU,fse,train
E6dGdXEYigc,fse,train
pz8Vf2q2eSA,fse,train
0hHWljN9hYU,fse,train
dES4lZIAY_A,fse,train
8dnG1i4QiHw,fse,train
RoonIEvQl4Q,fse,train
AUND9_nT-So,fse,train
Lw9D_OvzwkE,fse,train
6EneumHfxB4,fse,train
C-_RijYDHy0,fse,train
CQq9PLiM6yE,fse,train
I4TnStlGpLg,fse,train
ZDWCDz12kL8,fse,test
pcL7rp4ftk4,fse,train
LHOCgbNVprs,fse,train
GlbyC6vLBuc,fse,train
5BsGXayWtMs,fse,train
7Akv-lbKPbc,fse,train
skbx6st0ay0,fse,train
hUTJ8zjB-AM,fse,train
cP7fd_kg91w,fse,val
haKfngiTyH4,fse,val
K818LzZRLyM,fse,val
jb9aUfzMNSc,fse,train
RMtbaOWrhJw,fse,train
xgibMb8s1Y8,fse,train
bOBc82ZQxhs,fse,train
yqHKi8rL4JI,fse,train
u-6A0QnP47w,fse,train
IIllWVLzr1I,fse,train
4IYGkYZ7zuM,fse,val
GhH1N0MmCQI,fse,train
9WxgYeSvaq8,fse,train
Lch3DGjsfag,fse,train
lflyNo9pZVg,fse,train
z1tsdQdk-E8,fse,train
tmgL1t8yflo,fse,train
wxlUKhJvBqk,fse,train
6Zds5o7s5oY,fse,test
o_7f49BVRpk,fse,train
CeiDxDGxNVs,fse,train
aSRn53dDkAQ,fse,train
HMPsYW5jg0U,fse,train
G-q_OhndBw0,fse,train
n560At1McBk,fse,train
X7PbWWuV0Lg,fse,train
GX_HOPopol0,fse,train
IqWSA80ZLQk,fse,train
KFtwolWhY1A,fse,train
hA6nISi82AM,fse,train
Er4kaxVTZIg,fse,train
WMP6sFtykL4,fse,train
KhgkUtLqqek,fse,train
I_Tw0XIsGE4,fse,train
qadglWruVN8,fse,train
bJrBLSG5MdI,fse,train
bjc8JJorfZA,fse,train
LIsAsrs7Oog,fse,train
alZqoHuwk1M,fse,train
VUc3DksHI90,fse,train
HuiCG83uS7M,fse,train
L5na1G9qkyM,fse,train
6djxRN7PBsc,fse,train
6Lm78I5uMyo,fse,train
iT60zD7Co_0,fse,train
viODv6v_4sw,fse,train
efz-KMv-38s,fse,train
ly3JAFze9pQ,fse,train
P9qJHuzgywc,fse,train
0Uxd58Ca9RQ,fse,test
EPDWPGSQdrs,fse,train
-698sDxHgGo,fse,train
eA2tRyC46jQ,fse,test
z0oq5OtysdM,fse,train
A8vX0B9ofgE,fse,train
uuHejj0hBFs,fse,train
rsRXn2phijM,fse,train
dYcuPXkfEpc,fse,train
Y6KGP7DSsLs,fse,train
ytTj5NwdERA,fse,train
LFislPOZsmA,fse,train
5O03PhcIbdI,fse,train
9N_3hWXbnt0,fse,train
w2oXABLnOdE,fse,train
nfrjdwOg928,fse,train
Qout4pMZ-oA,fse,train
FFT_nMF4dxs,fse,train
GAC6pYqrf8E,fse,val
35yk4HizHII,fse,train
s6I8QDA-S9I,fse,train
Mxf3ZPXnnHw,fse,train
Y0Ipz3YAP90,fse,train
65xp3-b1XO0,fse,train
-hu6ISYmmKY,fse,train
Wyoslnhq2_Y,fse,train
ADgl_IwTm4o,fse,train
VyK0rzpPnIc,fse,train
5282J9GZ5T4,fse,train
yv6VbJCUbQ0,fse,train
Cqyw3BG9rI0,fse,train
-eDjq-tzRek,fse,train
RpvorguBzxA,fse,train
L-hrvNCb19A,fse,train
TPsvexOIbdc,fse,train
h1jz4ZGL_qg,fse,train
4JGKtdrwSfg,fse,val
NHNN9V96ePM,fse,train
po6shX_jKT0,fse,val
FD4GhC3vDUg,fse,train
VKtNHqYZYME,fse,train
yFRRrtihUAk,fse,train
hA4Af-4P1j8,fse,train
sD6veRACgSk,fse,train
_pqONyU-24o,fse,train
igyBWu_3OKU,fse,train
p--0dUtUYHI,fse,test
z9rKVbcfqhI,fse,train
AprmEctIBo8,fse,train
NPnr41AN4ko,fse,train
JNRXJ9_dmG4,fse,train
JoNSjjML7hQ,fse,train
KF0jBQxVEiw,fse,train
YUjb9UJPV2U,fse,train
ulmWh5NewPg,fse,train
sW5lmKuhhtk,fse,train
TQmWDIp_3XI,fse,test
EUTxJXknf-c,fse,train
uuDlUJ8ArSg,fse,train
EVsjO7fGUvY,fse,train
0Y3tIbERjGE,fse,train
wxyVOh92-pw,fse,train
fnXKfbYJc-8,fse,train
19JqhtSQ_Pg,fse,train
Mn9-H0D1DZc,fse,train
WYeQ775HbwI,fse,train
o1MrszcLaDA,fse,train
PZ6_6PDO_80,fse,train
X2AZIDgGFT4,fse,train
njgxAJxsb9I,fse,train
WRLEZIJxYBg,fse,train
BClAzVT4K1U,fse,train
MqNe3tJStxY,fse,train
zDZ3TtbqHxo,fse,train
pgQDJ0PBA4U,fse,val
s_EDe_ThnQU,fse,train
eyP0kEQJrSI,fse,train
mFEvRYiYG8M,fse,train
953B06TO2Cc,fse,train
m8q7z-TGzAk,fse,train
myvS0uLlzy4,fse,train
7GRfpVA3Bk0,fse,test
HWENMV3dYBI,fse,train
9DftnwURobQ,fse,train
0I_A-O2Cgs0,fse,train
1HwPk7CjApQ,fse,train
tzZ4jh-ExF0,fse,train
6DcnF5DjiOE,fse,train
_uZoPEuePQE,fse,train
KNKqOchl0HE,fse,train
qh_ZTwf0l-c,fse,val
mi2I3qCyAfs,fse,val
6m95WIAA1e8,fse,train
tF3rvY8bT0Q,fse,train
wtKgy6Lj9a0,fse,train
gkAqsSzuqIw,fse,train
iKoDeF3j8M0,fse,train
GxVVTXiSrz8,fse,train
ZuE3O6xUhKY,fsl,train
ij2DOv1Cp-c,fsl,train
OIo3LJljpvg,fsl,train
efqlFSodX2s,fsl,train
_5OQvKIFeNs,fsl,train
ly7H5594rDI,fsl,train
ZuX620kyId4,fsl,train
hudKJEh55fo,fsl,train
PKv2rgHsRK8,fsl,train
-czsnsVRJtQ,fsl,train
wF98dJ7wJHM,fsl,train
B3bUx9iruYA,fsl,train
PhqS9gP_o1A,fsl,train
fAMMKghAWos,fsl,train
uQUFWuLp8Ko,fsl,train
qLkQUi_s3Ag,fsl,train
oSaOXWgTVsM,fsl,test
JKcC5SjM2dI,fsl,train
I4AM5_3EHe0,fsl,train
GcZpwT9pCI0,fsl,train
kfTW2jHMoSc,fsl,train
3c1oitHacL8,fsl,train
eds2XQm-vlc,fsl,train
GdwlvEP7eVU,fsl,train
ouCpFmtuya8,fsl,train
4nRyNlIoiro,fsl,train
5E7GtcKwDQM,fsl,val
wmJjDbDkJwE,fsl,train
S1BfAz802oE,fsl,train
BpOpER9GBnc,fsl,train
8E9oE39Q9Ik,fsl,train
wR0QzWpTHT8,fsl,train
on9psE5R6cg,fsl,train
s_aAn1vieHY,fsl,train
_A6ct5NT73o,fsl,test
7EBPIW72zEE,fsl,train
LXjXvcVTEmY,fsl,val
8LydUxCMX6A,fsl,train
zkxYMf5Dnfs,fsl,test
qi9jC7FjmDE,fsl,train
OWjtCPnqu7c,fsl,test
ULn7gBmo0Vs,fsl,train
7VxXxOmEQTQ,fsl,train
_3ePj9rC7A8,fsl,train
B1zTsO0ZSr4,fsl,train
Cswg8dH2HUU,fsl,train
KunwAYmlCNg,fsl,train
utKzSTEJYWg,fsl,train
Ucfe-VZEZEg,fsl,train
vaI3qSAOuAE,fsl,train
h5AjGIZMsTw,fsl,train
huftRkAJAAE,fsl,train
wQzdzl5P8aE,fsl,train
MpMTBSLLmLE,fsl,train
VtbhVk_iQWI,fsl,train
vcPREDWSX_E,fsl,train
ULE1e4hT4j8,fsl,train
qoNA4-pXxLs,fsl,train
BNXRESsQn4A,fsl,train
8wLDI4TLgfw,fsl,train
YyXCsUioxnA,fsl,train
TI0rbC-_9ZE,fsl,train
JChnY0yh-98,fsl,train
lk0M7PkXkXU,fsl,train
wH5LrtuzI8c,fsl,train
kdpTDYwXTxQ,fsl,train
vfgP318cIwo,fsl,train
TTfJU__XE8s,fsl,val
S-pyCT5MW6U,fsl,train
GBAInIWpRTU,fsl,train
n5tMskHNeDA,fsl,train
g7Lnvhfdbys,fsl,train
3PxWgNhzS94,fsl,train
w2kWPhhFRn4,fsl,train
g5-6zppsvGk,fsl,train
-c4LzEp5Otg,fsl,train
1X2UTb5BMrc,fsl,train
b8cDt3_DDno,fsl,train
asvjZivJ6LY,fsl,train
c3yMDIazanE,fsl,train
MLwlYfUHcDY,fsl,train
S7AanaX63ZE,fsl,train
SLUP1teiiAs,fsl,train
b5cBRvRwnvs,fsl,train
w6CQtk18OcE,fsl,train
n7rWIQ4iyDo,fsl,train
cNJiRcG5ILI,fsl,val
uRcvdkkJMG4,fsl,train
r5Tku_cwFaA,fsl,train
AiJmd5hbEAU,fsl,train
U1gJ9fAN8Rs,fsl,train
i4KNfjxqv_c,fsl,train
ufwgljM4UF0,fsl,train
nt2mT-sQs2I,fsl,val
TVmIjl2392k,fsl,train
hhoo3Ykr-JU,fsl,train
5GvasaVN5zY,fsl,train
7KvnVK80D2Y,fsl,train
Cx2DLHBlcYI,fsl,train
5PswEXuKLlM,fsl,train
JQg4T1Qs9Wk,fsl,train
T3DCoq4Eckc,fsl,train
fjLFgBqjq54,fsl,train
Tp74kjATtvs,fsl,train
RkcVPf-vUy0,fsl,train
QacPFeHcLbY,fsl,train
wgtf4GdaKUU,fsl,train
wuXR7y2vgzs,fsl,train
T47kEm73p3k,fsl,train
0dOqJgQLR5I,fsl,train
2LKTfFqJVBk,fsl,train
aonGxz-M2gg,fsl,train
-c-ydg0rvZQ,fsl,train
xTXxTFV7vBM,fsl,train
F27Xq-XFbGg,fsl,train
ZSlbLmTTYLY,fsl,train
YZYKS1qx7OA,fsl,train
49v4uy54Fks,fsl,train
Lq2ULlopIn4,fsl,train
WbhiW2FMl-g,fsl,train
PRby3vAkJIQ,fsl,train
29f94AZjMkE,fsl,train
7s5Hdffypa4,fsl,train
gV966dOeiPg,fsl,train
MJTh4sKPQJM,fsl,train
uBLrBQiiZvU,fsl,train
BXgu7fGar3E,fsl,train
iM4Lw5cgEIo,fsl,train
K7GeY0Lcgn4,fsl,train
WQErptFw21c,fsl,test
vyZt3BrIWzw,fsl,train
QeOjFABhZBc,fsl,train
cCbkK1d5H5k,fsl,train
LZLWN1lesQA,fsl,val
hGGaR2HUQVs,fsl,train
ws4pF7lWlCE,fsl,train
Ku3A4amaYa0,fsl,train
bNDEBu5ng30,fsl,train
vVFa2uTkJGA,fsl,train
PGlXsk4H3R0,fsl,train
gi_XeL2uyh4,fsl,train
ujUIweVVukM,fsl,train
so728tlOel4,fsl,train
IAkLR6VkMUo,fsl,train
S__4L14HOkw,fsl,train
wQXrjN_gsp0,fsl,train
vZD3DP0RPSQ,fsl,train
jaCHvoyQfPI,fsl,train
CJ2aNfVtk4E,fsl,train
vaHSb2jqIqU,fsl,train
el2OMf7_ex8,fsl,train
koHYkFQl_ZE,fsl,train
PiiIQMV3VIk,fsl,train
wlASr1xDlWA,fsl,train
rrzUuMY6WO8,fsl,train
S1UusNtRM9E,fsl,train
oPSFRuVgE0Y,fsl,train
EekeJDUlhL0,fsl,train
2-bs77VC19c,fsl,train
xWko9sRKDEU,fsl,train
6RcAv0CvI00,fsl,train
IaWrIGbGP-U,fsl,train
CpTUAAwPC9k,fsl,test
b4O9FnwArGo,fsl,train
aIf4G-Qb47w,fsl,train
Gyf0u85MFN0,fsl,train
XNC4iOnQ690,fsl,train
XCqbKvCIqNo,fsl,train
rMLD9PCnCYw,fsl,train
pn7ve7K7pPU,fsl,train
wx_DsP8OBGg,fsl,train
jxrDlG-L_aw,fsl,train
ZBC8TUXG0MI,fsl,train
cdrmSwmkSds,fsl,train
cqH0qVTPnvI,fsl,train
l4M3cq6AJPw,fsl,train
Bm-XK39WYKI,fsl,train
OJfbZbiQwsA,fsl,train
9TCio4iTtB8,fsl,train
96Tnoh21DmE,fsl,train
whexEV-AlYs,fsl,train
f87Z_-xny8w,fsl,train
0D1uqPP74aA,fsl,train
n-_Y7v_YBHg,fsl,val
shV3fzq9xnY,fsl,train
Ujsxz0OsXMw,fsl,train
Y_jrYVsTzMA,fsl,train
bXzkI2B2DIQ,fsl,train
TUFko7oVgyA,fsl,train
fYj7l9gpQ-A,fsl,train
CQNrJALc_Jw,fsl,train
NVNBYW2oKwA,fsl,val
jxTMwowBlts,fsl,train
7o3Ebcnw3sA,fsl,train
upnQl2nj6CU,fsl,train
XF1wtWo6KFE,fsl,train
zQGSpgal3FQ,fsl,train
laDShjXjiA4,fsl,train
5U2ZPBkLbp8,fsl,train
LSiIsIRgOqY,fsl,train
luk5AJ3aGGY,fsl,val
xCOUJXFvmUo,fsl,train
TC3PcdbYpcc,fsl,train
_psbR5MZ6q0,fsl,train
e1g_yJkiPQc,fsl,train
TsnyEWFlzZ8,fsl,train
vyapTDrzz6Y,fsl,train
XpMtBOzTSaE,fsl,train
NOKArLdaIWQ,fsl,train
StBPTr5VfSw,fsl,train
raVHjYG8wE0,fsl,train
YPBqjOOn5eM,fsl,train
U_UlGDiETq0,fsl,train
0TbEtaP__Oc,fsl,train
r4pyUrq2hiA,fsl,train
7-2ui2v12BI,fsl,train
TariIPNuXj8,fsl,train
u-i9llpWM-g,fsl,train
n683kuX7WeE,fsl,train
fy_FdAA2X5Q,fsl,train
zipjsPyoSCo,fsl,train
4gJSmOluTa0,fsl,train
xBGz6te-vlM,fsl,train
rmfKpuQCgYM,fsl,train
U5A9lCGcmxs,fsl,train
3ktTZuSYAVY,fsl,train
lTvDhfVONRM,fsl,train
0Tvq-jiew6M,fsl,train
wNILIS1W0jI,fsl,train
VUNLzYV-nd4,fsl,train
4pNpUr9SzZ4,fsl,train
d1uPPOIXxI8,fsl,train
1CvT9X3jYK8,fsl,train
jJa37tURB1g,fsl,train
QYQRzbHSSsg,fsl,train
l6S2lkf_GBs,fsl,test
hHhbirn48bg,fsl,train
dTcgdJqyTWM,fsl,train
LK78arBT8pM,fsl,train
oZDlE24KY-g,fsl,train
opj1kgJf8_Q,fsl,test
mRUYJ4AFRso,fsl,train
-RYaNDz7gsE,fsl,train
FITz_nsuwjA,fsl,train
mL2p74j3iv8,fsl,train
hthTbgtqc_k,fsl,train
e9gJbBPM3DE,fsl,train
73uKroKek8M,fsl,train
fk8nDHyT4a4,fsl,train
_mtL3bc5ql8,fsl,train
iNZGsxPElk4,fsl,train
pOJIbIuvRtI,fsl,train
nDCzmfEUNEM,fsl,train
0nxnif5oVCU,fsl,train
wZeXvx9dF6E,fsl,train
RaNRE1AWXp4,fsl,train
rPfdbDhZWyM,fsl,test
WU_MQ_Xp_hM,fsl,train
dTbseVz1FZg,fsl,train
MEI0Qqx4YcU,fsl,train
EfXp0eefjp0,fsl,train
Uw116jZtw98,fsl,train
4uo0rQwJzaI,fsl,train
tBOMRzWm9uE,fsl,train
n1eFxDyPwqE,fsl,train
VNtP9GHLMMI,fsl,train
XcRe37yBinE,fsl,train
Q3DJ16TdrCg,fsl,train
1OyU2QZFvsg,fsl,train
NruZdhD9-Zc,fsl,train
ALnyb63fzcY,fsl,train
FpX9b9kW6GQ,fsl,train
wtB-KGDlhFk,fsl,train
ilhq_Wx0DrQ,fsl,train
a5kZ8Zlo3sM,fsl,test
-VSvFp6pfts,fsl,train
57vXgLD029I,fsl,train
Va3yUawUnU0,fsl,train
xdfbtrgUup0,fsl,train
lnwRExGMLnY,fsl,train
XdX3NjC9Sjc,fsl,train
T5_1oasE84g,fsl,val
mEu5A5hKh2U,fsl,train
cFTVrYP__iM,fsl,train
zXHLglvRSw0,fsl,train
9aSdLwe4HIU,fsl,train
d1jp5VpNarI,fsl,train
B8LQK3PgY0k,fsl,train
ZCSQ5sJYSpM,fsl,train
yOKcr3frk60,fsl,train
GAaJTYqVSow,fsl,val
QhaUZYSVec4,fsl,train
x27lbCVH_T8,fsl,train
Lp2T9NmcPQQ,fsl,train
2-d-8Pa1uCU,fsl,train
SAlSWOzVD8M,fsl,test
bZFNhXhzmSU,fsl,train
IZ3z69WWKdE,fsl,train
1bU7g7CU3ic,fsl,test
Pd2O4HQWlKg,fsl,train
ltFrZr6UkS0,fsl,train
hFGHVEz4Zc8,fsl,train
9rkfwZNUGe4,fsl,train
KbHDliW1G-0,fsl,train
1WpnwwMWigc,fsl,train
R0PrDG2LrZI,fsl,val
44wYOzu3yt0,fsl,train
0PSbMloRMKM,fsl,train
kVEy48oWZp8,fsl,train
t3FUrxfMlcw,fsl,train
lu5t4GfTl3g,fsl,train
z653K3-iEC0,fsl,train
oUF4rzS8BKI,fsl,train
8qoPQsjq74U,fsl,train
F2iNOjyM-hU,fsl,train
rOleSSTvoTM,fsl,train
6GpRedGTaJ4,fsl,train
P8zM9ZQ8G9Q,fsl,train
VgE6l_c9Viw,fsl,train
GGmDbZln38Q,fsl,train
vSU9aIDylH4,fsl,train
puKe6UbCcuw,fsl,train
-8hjfnwG6ec,fsl,train
9wiJY1ncz8Q,fsl,train
AYgD_CwBmdM,fsl,train
xYbyriLdS6A,fsl,train
pfrH2h2JCKY,fsl,train
kW0p5eIYu5E,fsl,train
pRJHti9gq3U,fsl,train
RNqnusLSHF0,fsl,train
a2GJ06Srr08,fsl,train
AxNBDJroSIU,fsl,train
hT_XbznO42o,fsl,train
SJQ8ZkmWgTQ,fsl,train
noR7NXTzDA4,fsl,train
t9RE6iSCNsk,fsl,test
uxd5A1vD6M8,fsl,train
7LlqBLQscAo,fsl,train
KldKk6Ka73I,fsl,test
vbxR6jMdXh8,fsl,train
teuCe5iKmW4,fsl,train
YH5Q2Z1y2w4,fsl,train
IT7xKD6e6uA,fsl,train
CQBUHt6DyAw,fsl,train
QAby9qlWdLY,fsl,train
XkJGEWaK_x8,fsl,val
9MMGqNvatqw,fsl,train
EiLu-c0ITBc,fsl,train
c2VnGRSNQ1k,fsl,train
8Jlh2AbKXpg,fsl,train
25RAEyiDCBE,fsl,train
DE3iAON-J9Q,fsl,train
0SQk2ZCwMsA,fsl,train
cj39Y0LhnXY,fsl,train
8bRG69dsS9A,fsl,train
33q96Z_nojw,fsl,val
bLGesMgbzQg,fsl,train
LU08SPIF52U,fsl,train
klwENsyZVQo,fsl,train
78x-E4Gn-G0,fsl,train
EkJgz1ntOn0,fsl,train
qmtLn62RiDI,fsl,train
Pg3sLEVdZLg,fsl,train
RoKY4aNmqVM,fsl,train
yXSLN7vlHkA,fsl,train
0TTtoVI2Pdw,fsl,val
u9MisMzxfrI,fsl,train
WiWPfESF1ss,fsl,train
p53Tgbfre2k,fsl,train
P7kaqj-2TB0,fsl,train
eJ5J1yrEIPw,fsl,train
6-ut8hJ8uJM,fsl,train
TXAIV81E2o0,fsl,train
ALC0zzq49j0,fsl,train
DmtL3xgLaO8,fsl,train
BUsaxuR4W-g,fsl,train
utvRkFjLD_I,fsl,train
fbIEEq5gXzU,fsl,train
2ner5Hll4KQ,fsl,train
T6ZIvpezEtY,fsl,train
N3dynv9AFSA,fsl,train
z41iVRH_ym0,fsl,train
F2DE9OO5338,fsl,train
-S4MDp2e7qE,fsl,train
fACeJxLlHWg,fsl,train
IfN6HLZwsto,fsl,train
4e_f9016AUI,fsl,train
nXPYli-kdkk,fsl,train
E8a19Ov4Fwc,fsl,train
Nr97BP2dA9w,fsl,val
A4PFr9axwdk,fsl,train
oSeZi_bW5sY,fsl,train
2spI1KdjqBI,fsl,train
KoLUu02I6lU,fsl,train
RrEH2rqSsvk,fsl,train
MRym7li4Njc,fsl,train
aLc3dKHl29A,fsl,train
2wKDIgQnaMY,fsl,train
QuXeOWQYpxg,fsl,train
rfHyYpNpy70,fsl,val
DPLdflWDb8c,fsl,train
mycpl6Kwdzo,fsl,train
9rpx44neOFc,fsl,train
Yl1hBFFd_Kc,fsl,train
H73FKbryvLc,fsl,train
9ASYWUvIQ8E,fsl,train
KxHVLeYKAk8,fsl,train
EZ7NR9Wnwfs,fsl,test
f8dxi_gxmsU,fsl,train
-t2XgvpazbE,fsl,train
uZQfkS2vVdY,fsl,train
70lYvssuVIY,fsl,val
yLXId2Myh9I,fsl,train
m8a2FECjjYA,fsl,train
RwibxWxYMrE,fsl,train
dcecDgRjk8k,fsl,train
BzUi8epbsTk,fsl,train
9sU4R4T3WqE,fsl,train
jbbyMHDlpWo,fsl,train
rj4rqcsxo88,fsl,train
SzVlgBjn01A,fsl,train
6WIkVegHA1s,fsl,train
DC7fh7Sqxqg,fsl,train
WXZWOOfn9bI,fsl,train
-lirMkbiKTU,fsl,train
Di4eXsFPjfU,fsl,train
B1nc2e2wZWI,fsl,train
vQZmPx-sxjg,fsl,train
LXwsRpe_nco,fsl,train
wmuWr1YE9a0,fsl,train
lxiwSKpUc48,fsl,train
9zX10Zlc5H8,fsl,train
w64FZaYBXfk,fsl,train
heaymhSksYs,fsl,train
3A5JkGsw37c,fsl,train
_Ndv_yLvvxM,fsl,train
vDP5r5dIMfM,fsl,train
V3fq_kTfmpc,fsl,train
55mfNtJ_xj4,fsl,train
0cXL7hm4ssE,fsl,train
P7ICKFq9EkU,fsl,test
MAvUOsS_sS8,fsl,train
2m5kSD1q48Y,fsl,train
V4j55eGL4PA,fsl,test
bGPqr2y_Bdw,fsl,train
_0W6AF0Csg4,fsl,train
Cd2t9uLeLN8,fsl,train
J4wry118vOk,fsl,train
bFD4oQmQsy4,fsl,train
bdiGvkpkseo,fsl,train
26mHJ_jCawI,fsl,train
e6NCEcIr8JY,fsl,val
RnqmONjmHOI,fsl,train
dKYvCF5GqjI,fsl,train
9_17Zo9IcBE,fsl,train
79CaTgtUmAU,fsl,train
fGnjOXX2Izo,fsl,train
8aFNCpky3Yw,fsl,train
FzNYth5998U,fsl,val
zCjXO_ks4LQ,fsl,train
D9omcU5eAkA,fsl,train
PFS6eVaoz0k,fsl,train
D-bVrHsjhhM,fsl,val
s-tTqFRuK4c,fsl,train
3zb5iB3q7k4,fsl,train
SkduOuR4THg,fsl,train
o7RNsDf0VHE,fsl,train
Pbu2-g-N4d8,fsl,test
65NA2KnjxSU,fsl,val
_SYS6zWiXsY,fsl,train
taZu3VYqKqc,fsl,train
oPaDKB6sqHw,fsl,train
b57oTDMWbOc,fsl,train
SyBW-vScVms,fsl,train
h3_9hbuEtWI,fsl,train
_a-DdqqJGSY,fsl,train
Lr8sPCHwvjM,fsl,train
jky4-5-x1ug,fsl,train
JMosyp5sMv4,fsl,train
bfJI7X6M7hA,fsl,train
KP4du70tu8k,fsl,train
0mwEzpqysps,fsl,train
xvr95ROWi6s,fsl,train
wDZcEsEa6H8,fsl,train
YCcDJMIh1Ug,fsl,train
LH5Vq-QN_xc,fsl,train
hft8FlYxQkY,fsl,train
V8Ar8B3jfU8,fsl,train
esUBPYdM3rI,fsl,train
ddAEk4ePuMc,fsl,val
cf_kqwICk28,fsl,train
8OUOkXbtqL8,fsl,train
gRN_bQf3q6k,fsl,train
NnJ6CmpxrkY,fsl,train
4qDmxOcRHeM,fsl,train
aU3BVIV6zcs,fsl,train
VEyY9pvC9RI,fsl,train
wK51CHA8QYA,fsl,train
_pty6HZogr8,fsl,train
j7pyMCvMEfU,fsl,train
I9K4UFbwzPE,fsl,train
qqimHpYn4yc,fsl,train
x3wQ_CKZeR0,fsl,train
-hcDU3KF-08,fsl,train
BD5ij7PlNI8,fsl,train
w7P1wTk6LJ4,fsl,train
IEJD91V3IlQ,fsl,train
cD71wPG-i1o,fsl,train
Lg4vC4EuX3o,fsl,train
ff4e_72UoaM,fsl,train
JrX5vN0v0EQ,fsl,train
mMYYofrHQSc,fsl,train
r3sn-9TlME4,fsl,train
BeejojGhOLA,fsl,train
8bszz7LEbNE,fsl,train
bJM89OKa_hQ,fsl,train
6h720oQXI1U,fsl,train
LjUFcrKblmo,fsl,train
_s-7TeX7QqU,fsl,train
Qq7GeGQu2_E,fsl,test
wSc3fmYDBRw,fsl,train
lKVYF_GDBPY,fsl,train
LILb2fjhxTA,fsl,train
YaKs_0Whg-8,fsl,train
XaccjwOGBWc,fsl,val
0md7jPo7S_8,fsl,train
ZCx0eiXbpm0,fsl,train
v4a6YMmb_Hw,fsl,train
1AC8-czxUCY,fsl,train
o1NHnFgjLb0,fsl,train
xGoIoiMd1OY,fsl,train
hOvfUhgl6hU,fsl,train
2gJfdAKRO2w,fsl,train
mLBG-3rT-gQ,fsl,train
iMQWoIWCc7I,fsl,train
Fp5b1-drSww,fsl,train
iAIn_8Hu7Iw,fsl,train
OHnP7fpkVHQ,fsl,train
q8fFdMRSTFs,fsl,train
DvadgDh0wVI,fsl,train
2f2Ftovjlo8,fsl,train
Bmt8a8KEyNQ,fsl,train
hnSXJuZzoGc,fsl,train
w9GCttcXMSs,fsl,train
XmgEuNcXBe4,fsl,train
OVQb0Ms9oLM,fsl,train
7ASaggOzTx4,fsl,train
x1ZLpiBJvbQ,fsl,test
FAt7wj8XIyE,fsl,train
pc9zSpnmnvQ,fsl,train
Jq7K2MPSF30,fsl,train
hTda-38N2kA,fsl,train
Axb1QrfTfxw,fsl,val
FGA7I4wFyd4,fsl,train
Uf5e4Kfz418,fsl,test
qPwIQSnkStE,fsl,test
0UiiziPt9F4,fsl,train
plAF7I1FJsA,fsl,val
DhMkqUS4LWw,fsl,val
JwizGKwCzF8,fsl,test
ltG-0hJkkhk,fsl,train
V59nOUWlxSE,fsl,train
zcvXfnEaF84,fsl,train
yAfVh2ri8no,fsl,train
eIp76Ch4ctI,fsl,train
IYkVHagkk2I,fsl,train
yv3UsnhBuoo,fsl,val
scsz3iOJYgg,fsl,train
TgLKFezO9DU,fsl,train
9qJycdw5jJw,fsl,train
UfaHz8bl1PY,fsl,test
9qPJ76adE2w,fsl,train
yUQonkZoYLM,fsl,train
zMjdqAh9K1g,fsl,train
wDwaAI_2qs4,fsl,train
dJ-d4I_2MuI,fsl,train
x5uAaMI1FiU,fsl,train
NeurT-sAbIc,fsl,train
IMKV4El6nMU,fsl,train
bg0NH-P3JYY,fsl,train
THyGnNxGqtk,fsl,train
hR-Bd3X__K0,fsl,test
QobC-3nGalQ,fsl,train
hkB5NGFCJ1Q,fsl,train
NM1xqv6XgNA,fsl,train
je8B01oNsW0,fsl,train
3bNnEcUgfy4,fsl,train
m2EqAz76hNM,fsl,train
qtk9njVMWkw,fsl,train
2xjF3SB8n0Y,fsl,train
POXR8ayawWQ,fsl,train
ngtDPdi2Mpo,fsl,train
bx9mm-K2u9g,fsl,train
dXyE6dBzj70,fsl,train
f8kOhrqa0I8,fsl,train
m5yhyS5VLCM,fsl,train
zFfxyd3mdk8,fsl,train
Lxqus_DHg0s,fsl,train
xijPWdvMzSo,fsl,train
tAa_t3Ixb0I,fsl,train
7IsBc8JPIrs,fsl,train
B9zo--KqRwM,fsl,train
r7_r1MISkk4,fsl,train
py5YEwYEvmQ,fsl,train
bGQ7s7Nn6xs,fsl,test
XfRZJfnQohY,fsl,train
3zVYORHOQBo,fsl,train
AbCmcyCBWmM,fsl,train
9tMXJCQGeyw,fsl,test
bXnsxObF4d8,fsl,train
m7ndONYvZlg,fsl,train
PEb8XwjlNzA,fsl,train
4xoD8O_GTPc,fsl,test
NwPyJ94rBhE,fsl,train
RdXsJWrvKZw,fsl,train
Q3ROKNkKJF8,fsl,train
ZLeuQBAmle0,fsl,train
IlOEgdsFVNw,fsl,train
6PcVJz0733U,fsl,train
VDBGaBZ23SA,fsl,test
1TcU2DK0U8Q,fsl,val
czLl2NFxj6M,fsl,train
FDRxx-GANEc,fsl,train
j9m3nA3muu4,fsl,test
wU0wUxvuPgk,fsl,val
FR_8aXwElvQ,fsl,train
iZradCpbsjg,fsl,train
8-k4P2HJmdQ,fsl,train
S6yuOjcFR7k,fsl,train
i1W3pZ567Bc,fsl,train
iqTeOo0jVYg,fsl,val
oD0Rmjz8sWI,fsl,train
JReEIcv6mfs,fsl,train
blzHrWoY8U8,fsl,train
dmUpoqUy1G8,fsl,train
Jqa_15F3toI,fsl,train
QhrRCLPZJd8,fsl,train
vbqXusujniM,fsl,train
g7ZgFd0dsDI,fsl,test
3WUQcrKAk78,fsl,train
4mE6tTupTWc,fsl,train
M54jNPQbwSY,fsl,val
pylqhyzxMqA,fsl,train
yHmRb7Nq0vQ,fsl,train
OOljptiioOA,fsl,val
obSoPJbA0L0,fsl,train
VEUbGZfF5D0,fsl,train
W5k-3w70V4s,fsl,train
7w9ZvAu5tMw,fsl,train
2ZQbAkOrJiQ,fsl,train
e7zMt9mu9Tc,fsl,train
vm22ZQOpjQI,fsl,train
alHVOQ4YIkc,fsl,train
zlpDeHsr9mc,fsl,train
yq1D9Pm5xtQ,fsl,train
VIow1yZ97KI,fsl,train
Gf3W7BYf_pI,fsl,train
B1X1KNL-gVk,fsl,train
nm3mq95vrzw,fsl,train
d_yf1iXdmls,fsl,train
j6UcSXYguGc,fsl,train
d0C2R9Agxfg,fsl,train
zYGmL6ZfVYk,fsl,val
3-licuEOEcM,fsl,test
iC20LQZqqV0,fsl,train
GpWjCg-luxs,fsl,train
F9kse82I0L0,fsl,train
GO9_8GvirS0,fsl,train
6Er3mFhcPuA,fsl,train
wb9YSiSThM0,fsl,train
uykQ_TZSN5o,fsl,val
exIBjOmrC0U,fsl,train
yc3OuQq8y0A,fsl,val
881UM73OTS8,fsl,train
ahtAXB0Kt6I,fsl,train
B8HxE3MC0Ac,fsl,train
nphk4kshGRo,fsl,train
Qs3w2uAh0Jw,fsl,train
EA2OK5k4Lp8,fsl,test
lihf5lpCD34,fsl,train
iCCNEa-p8VQ,fsl,train
Uss5Xz8nKKM,fsl,train
l3mQYM7uELs,fsl,train
QcxulgIKACU,fsl,train
s-eQFUWNmvk,fsl,train
PObhuhQjAsE,fsl,train
snuuBvZq0mM,fsl,train
xzIGJvSdSDM,fsl,train
PVf6KZkbjRg,fsl,train
xbadhFBz_DQ,fsl,train
PvD345MXwV8,fsl,train
juJ_M1h0CCM,fsl,train
KG3LNav9yF8,fsl,train
mo9HsyNTXLE,fsl,train
R9zQ77qZnMY,fsl,train
8WxekRLS86k,fsl,train
loiR1_5BYac,fsl,train
nwlTcMXot3g,fsl,train
VVV1V9EHCPM,fsl,test
q22v0yl6WjU,fsl,train
KHqMAG_bPSA,fsl,train
XU3czrIyvow,fsl,train
NCOe0tsjJZ4,fsl,train
bnI_2Xtq6D0,fsl,train
FgsZV5E5n6k,fsl,train
b8YLoz13CPQ,fsl,train
O16VseyqaYI,fsl,train
4D1tQLQYnpA,fsl,train
o0nUMa8zFv0,fsl,test
ujikLI2PrCs,fsl,train
aaA7huB-xP0,fsl,train
siF1FyMeg8o,fsl,val
V4qQSX3rlCw,fsl,train
0mlv4bOMghw,fsl,train
14W7LphO2fo,fsl,train
OGWLiRfU_LU,fsl,train
a_lcF3g51Ng,fsl,train
1d3pYo5Vd8c,fsl,train
pstqOTFZYLM,fsl,train
5GFnqwPZwkM,fsl,train
U2AmvZb_40s,fsl,train
1PcTODUZrLE,fsl,train
g9ktdS5vrxw,fsl,train
E3HTOmjR9V0,fsl,train
ju4fciZiwWA,fsl,train
irn8plwcKUg,fsl,train
n83R3tJ79PI,fsl,train
IWw7EwZN5Cw,fsl,train
c24hcJryyR0,fsl,train
3GbHpxODBtw,fsl,train
omK4qkdQcww,fsl,train
WkTYKzqMFrA,fsl,train
HJATW6WsC1Q,fsl,train
EHDK9IcPgtk,fsl,test
hFHm2zbE-cA,fsl,train
AL9BNgKnllE,fsl,train
JsWAwMhw1aA,fsl,test
Ra-5O1eHikY,fsl,train
y-Eg8jbrgjI,fsl,train
bTdDSkhXjXk,fsl,train
uRTrwMKaAU8,fsl,train
4Ofzs5HjcZs,fsl,train
EEq7uOIKgNE,fsl,train
LKRqy7mDLjI,fsl,train
AEYi8DKVcI4,fsl,train
zXn37-1Ptw8,fsl,train
NVS06Ut1SnI,fsl,train
bf_ePfigFuY,fsl,test
oAXGrzbF7_E,fsl,train
j1PbcbKzQP8,fsl,train
8kYkeQgPFLM,fsl,train
usYpsDc26Vg,fsl,train
TFF4lbjoI0Q,fsl,train
2jpvenK_kSk,fsl,val
3eNBdjBRRG0,fsl,train
d26_OThsEYc,fsl,train
3wufcv5uM00,fsl,train
ey_UFmlus-A,fsl,train
oFQl3NeeNow,fsl,train
vtdxa_PaGAE,fsl,train
KDLkF0nD5KQ,fsl,train
f5RWTyPMXUM,fsl,train
GmP9f7addsI,fsl,train
Rar9hriS3LU,fsl,train
42-ZeCZsAmE,fsl,train
TgylgE5xdSs,fsl,train
EiBoLfKNLy8,fsl,train
V1Q8wUhCSz4,fsl,train
JJqAleASZzw,fsl,train
cIRllVLdq0w,fsl,val
jpFSlltxm_w,fsl,train
Q-eyeFYbOhA,fsl,train
7Co6mRmLDAk,fsl,train
96vboZxKP6k,fsl,test
NMLh9eoQFZ4,fsl,train
hGKVBugcGNE,fsl,train
cjKfskzybDQ,fsl,train
u_z--1Ku5RM,fsl,train
s_RpQJnpZCA,fsl,train
GQU8E4wgaIA,fsl,train
WsVc-QY6h7g,fsl,train
PDUpiQGouQg,fsl,train
6ygKvAltjaQ,fsl,train
ChXXzwaAr_U,fsl,train
ggJmxTr-DgE,fsl,train
HmUI0HhQnqQ,fsl,train
sGvyOCeWnS4,fsl,train
_O6MSItYJ_w,fsl,val
gqhWeQDOONM,fsl,train
lVjHvKY5mYA,fsl,train
wo3cx_sFKs0,fsl,train
2DbjL0mCtb4,fsl,test
jVAVpyEcYgw,fsl,train
D7kgTFULqpk,fsl,train
1lxt_wDrex4,fsl,train
nDpY3NVAc6E,fsl,train
KuICuoGAyoU,fsl,train
JkigPpXwYxY,fsl,train
_X0kYt-rbcQ,fsl,val
voYJS3zLrvc,fsl,train
VhJ_hE4iHaw,fsl,train
GN8LxHMVdhE,fsl,train
4ilWbYeUzcM,fsl,test
9t7XvVEjGSg,fsl,train
tz7BPOzgs7g,fsl,train
EQMyYij8sXE,fsl,train
EiZ6gsInm7A,fsl,train
VniK8F86PWs,fsl,train
ilLiQ-R8lRo,fsl,train
NWP3tvviGYY,fsl,train
GzHNqbQm2kU,fsl,train
7hDOvxTD0Hs,fsl,train
Q5x5ARTrPaU,fsl,train
tQqGlqY4-Ew,fsl,train
CXMGNpfH9NA,fsl,train
O68cw7J9B-k,fsl,train
Joy2bkwtFes,fsl,train
1nWDIC2eiVY,fsl,test
P5TDB9dvL24,fsl,train
F9LYAuyXv4o,fsl,train
rnBRRWo6B-g,fsl,train
yJKZy_XwZTQ,fsl,train
_eJzgaFOSZY,fsl,train
Iq5pIM0PTEQ,fsl,train
3Ipu8nd7_ZE,fsl,train
r0FoIgux_UM,fsl,train
74i9KCT32TQ,fsl,train
225rwy-ia0M,fsl,train
MFAQBFLpUyk,fsl,train
wD0yhzBHChs,fsl,val
b5pymZp7gQQ,fsl,train
rTwINRph_Jc,fsl,train
dQWKm5Qinxc,fsl,train
0dHzmjbjMzU,fsl,train
x8Aec_yW0yY,fsl,train
x9u_pDRJjok,fsl,train
RakbrAb4I-Q,fsl,train
rEJUTyekWQo,fsl,train
KcEEdmRqCvw,fsl,train
EwMcxWnmrT0,fsl,train
rc0sXsiV9_4,fsl,val
9ile1eTSC2M,fsl,train
qhlYJpHjD5o,fsl,train
t_HlkIDE6ms,fsl,train
f4zbB29ckco,fsl,train
xkAb8VUIUw4,fsl,train
IcB6gblEcc4,fsl,train
98qIwaNc4_k,fsl,train
RAovL-ZQfKc,fsl,train
ZwM0egACJLM,fsl,train
PEF3X_FMs2s,fsl,train
XcQIFdGZNDM,fsl,train
Y4dojx_eVpk,fsl,train
XREZ7OiJRDg,fsl,train
MGBF6yY6D3A,fsl,train
AtItM_rls9o,fsl,train
wa4Ot6WeRXE,fsl,train
KA9w8WBOWWs,fsl,val
90lUsAYz-JY,fsl,train
Ejh8H5-3P9E,fsl,train
fsuxw9Q_VZ8,fsl,train
lYkkzgKRzhw,fsl,test
xcNq2x6d9S0,fsl,train
cYYlyGNJUzA,fsl,train
LWKK6pvfQn8,fsl,train
5t60cnuSHyQ,fsl,train
A3zu__f_RhM,fsl,train
AhEB0h1fozw,fsl,train
dNBqxTjyQP0,fsl,train
D0wS0K7l4zs,fsl,test
VIWDgJph9Dw,fsl,train
pYbU-2fT0mY,fsl,test
me4UA36CN5g,fsl,train
LNNQy4huT7c,fsl,train
BLpDMHbvLtQ,fsl,train
0I9_6wF5vDY,fsl,train
EuL1zJ8LLl4,fsl,train
-cBsQpU9kIc,fsl,train
IE2hiTtHldY,fsl,train
NbKPh2Rbho4,fsl,train
eN9A-0hTFWU,fsl,train
7sq7QBPX5KI,fsl,train
XXI5rwx3LuQ,fsl,train
e7wWgDF5FSQ,fsl,train
fQEk0Qpbvdo,fsl,train
fqIAWbp_Yw4,fsl,train
J2Jw1quTFI8,fsl,val
LGZzyhE3iJ4,fsl,train
Rf6egwQKXzo,fsl,train
vjidiQXI4zM,fsl,train
3XCV4j3QM3o,fsl,train
6nv5CjQXteA,fsl,train
CGbuGQfi9_k,fsl,train
kR_eG_zitUA,fsl,train
SRYLuOb2lTY,fsl,train
ypucqRv369Y,fsl,train
zkjUTTyQ_2U,fsl,train
uZL60qoHTrk,fsl,train
1YZEeL0ByG0,fsl,train
lS7S_ThPcF0,fsl,train
ixQZ0oeaC7o,fss,train
6FM1Lm4uVD4,fss,train
V5IWrQV-jYs,fss,train
LE6aDL0kvlk,fss,train
zmxmEii-s7E,fss,train
lVbM2Yk9Z38,fss,train
jZtDK2H-uRc,fss,test
9xXbSl23xqM,fss,train
dLVgzUdnDLE,fss,train
t2mMOVvO9M4,fss,test
5B1E8Uqf9zg,fss,train
o9w-mF1CKOE,fss,test
sEh2t6k-4eE,fss,train
-tlL1fk-cqk,fss,train
YREV7WrrQfY,fss,train
I8XQhnguLeQ,fss,test
JsCXikFcy9A,fss,train
9FbLP36m0uw,fss,train
Pkt9vY98c9I,fss,train
hNmvgkuG2Ig,fss,train
u_WB3wc79eE,fss,train
mJ4RYoItpVg,fss,train
cZZbL51EmSw,fss,train
ZIVTf0tLoPo,fss,val
WHhITe584t0,fss,train
jNtPcdJqlYg,fss,val
PXD85YwjycE,fss,train
oO8wINnp55I,fss,train
fCd2Nv4BORo,fss,train
NfAc2pej3Ik,fss,train
wX7aDyqHjOM,fss,test
oF9FAS6Yy-g,fss,test
UY2J9h91OBQ,fss,train
rddyxj0OuhM,fss,train
gLz83jz2VLU,fss,train
pHd9n7sjfNw,fss,train
A7mom3MPHmk,fss,train
djzoOH9-Gnk,fss,train
OtszaFYdOPA,fss,train
vtRZM8CACBQ,fss,train
JjMFf_3-9lM,fss,train
h5AJLgliCME,fss,train
1OR0kmymfhA,fss,train
25qgJtVaT9M,fss,train
uv7TsRmFOKk,fss,train
6S1o-gr4lWI,fss,train
yCZrB1lSYtM,fss,train
rBCbcmwnbEw,fss,train
dppMWxCnCJo,fss,train
ld2ObyyAjp0,fss,train
te1Z9lIORAU,fss,train
fQjX6YmAjWM,fss,train
0_BIWfTHZ34,fss,train
Wi-ljEwwzEY,fss,test
721ydEA5aXg,fss,train
DeUANcMbfXE,fss,train
PTmb32TOmdQ,fss,train
IaHyYGpJUqE,fss,train
QBMhP__ODJM,fss,val
44JqacV0AjA,fss,train
IJ56t-XNHfQ,fss,train
zu49KwQwKPM,fss,train
hZbvpX21DPM,fss,train
W1yGSbPALRk,fss,train
NBVA32gv2s4,fss,train
IsKUkV3x2ek,fss,train
4Qh-iqjHBaE,fss,train
zWpW5qHVz-Y,fss,train
0dWhsYiugi8,fss,train
VHboFh6WjY4,fss,train
T5_7RCjlw1A,fss,val
-kLJVXy-Fuc,fss,train
SOQQD0RX0B8,fss,train
tQBMJVNsnkI,fss,train
Ct8nuaQOGfI,fss,train
vkygrhawE_E,fss,train
2QS9-UmhzMQ,fss,train
1ox54KP3zWg,fss,train
lUKUTlI1Ba4,fss,train
qGILxpGulWo,fss,train
mDUHBd9-vX8,fss,train
ZwbAMubzUE0,fss,train
sQflVC8QR_M,fss,train
fWsXo6VQ18E,fss,train
UYDj915meug,fss,train
mtWv5e3TPmE,fss,train
fZM7nQgTnRY,fss,train
Aqk1NA6G7hE,fss,train
TmT-N0xgTC0,fss,train
f0Dbag15_LQ,fss,train
stRa2qOZMbY,fss,train
DwquPfCae04,fss,train
HPQKWb9CTws,fss,train
8wDQ9MJN8ZI,fss,train
X-X19pEigQg,fss,train
JYYIwOD8ftQ,fss,train
FzI6oWD6Xbk,fss,train
vW8xMLOcIoQ,fss,train
9EV3biZUJpI,fss,train
p0FB257Hgww,fss,train
JcnlOkm3ufA,fss,train
7tT-KiNMArc,fss,train
oPwvJsYubCY,fss,val
yqAyfaIeCiI,fss,train
3F1hRWFq6O4,fss,train
zg5StrbY_k8,fss,val
OMGs2zmCj6E,fss,train
wv1yKenGYW8,fss,train
khJhRacdi-M,fss,train
Ite7Vzd5FcY,fss,train
ttuv1W-oD0Y,fss,train
QRKa92ONG_4,fss,train
7RWXaZwogEE,fss,train
x4OkP8ssWPs,fss,train
jzPiRXJK4Zk,fss,train
omBx-C8LvHA,fss,val
vHfxNOXfW4M,fss,train
5SjO_HIwuEE,fss,train
shr-HuOBuDM,fss,train
Yi56YO6tfEU,fss,train
ql4rQCyiW3s,fss,train
Gt2BN7RTJgg,fss,train
tnnBkQDr9m4,fss,train
xKjFuGkpqns,fss,train
4mepB02xnqQ,fss,train
FhKtGbaBKJw,fss,val
9SeL4YfzrA8,fss,train
h4MsZdE-JAI,fss,train
ZFB8EgI2kAA,fss,train
Kuqc6kQ_Nhg,fss,train
-wVSh97Uc6w,fss,train
VDgERFG65_Q,fss,test
EvGYcvDD3FI,fss,train
AGR2DzmIooY,fss,train
uiivG3rAqAc,fss,train
c0DOnl0rdRA,fss,train
Kf4T2xgYK4U,fss,train
AE3bK70_PQA,fss,train
k7m40skwyQU,fss,train
OoQ7n5S4vw0,fss,train
siS5awy217w,fss,train
wBhNOuwEOUI,fss,val
78Oo4ut4XLs,fss,test
0tLxVFTu7_U,fss,train
p1_zV61ue6Y,fss,train
-HRykHDvJuk,fss,train
nYFjl3vLbQU,fss,train
ZXxpQh5uVLI,fss,train
Mk4Fb78n9tg,fss,train
5wZgMZ53-_o,fss,train
Gm9qfenKB2w,fss,train
xm38P18ZL0A,fss,train
PskH6GYOJBs,fss,train
qY7OdTZ8Hlg,fss,train
7N94Jv2h86w,fss,train
RJ3w5TCga54,fss,train
3Ouh7utVc10,fss,train
CUGDbeUXMWg,fss,train
c1Q0cstREdk,fss,train
507mHyJbzmg,fss,train
0ta5ZfWUPLQ,fss,train
c9YrFD0fQkg,fss,train
mTz6TWqjmI4,fss,train
JSNyi2wYQCw,fss,train
Ar4V8QoRRbc,fss,train
oisO7SPl4UI,fss,train
7FQdMd4-hiU,fss,train
QCUkm40bLRI,fss,train
jiDSOppkKhU,fss,train
JOhiTkNLk2c,fss,train
FAPE1_jgwqg,fss,train
8DRbwT45eLo,fss,train
FOrLtEYNUkQ,fss,train
vRZDE0yrNHw,fss,train
iLC7ifh-6uE,gsg,train
uhb0EH1tv5M,gsg,train
3SPJsbBg6x0,gsg,train
pJhRhJDzpsM,gsg,train
tLdsuLV-np4,gsg,train
eYPbqQjvinQ,gsg,train
k51drSrYV3s,gsg,train
K7vzDsBq7TU,gsg,train
GTYL9y0yTdU,gsg,train
qVn9hg47ags,gsg,train
cUt3ul592aY,gsg,train
b_DKKlYKseo,gsg,train
QKhPZywfa10,gsg,train
eBtrGMYEY38,gsg,train
TyI83AZFEvs,gsg,train
pY9oKFoZgPY,gsg,test
k62jRijMsoI,gsg,train
3YClAudgVMA,gsg,train
VBUXs4fgI-M,gsg,train
qjUVTjuo1gs,gsg,train
D01q_n5vp5g,gsg,train
u4B49BdC3VU,gsg,train
sqkDUnynPX4,gsg,train
tUgpjiU5KQs,gsg,train
QgjTXjaw8r8,gsg,train
UR-Cmfzo5bg,gsg,train
xEnIh2PvyEM,gsg,val
L7OMK-JEgYQ,gsg,train
MyWypoa3znw,gsg,val
h8zUfl7MI0U,gsg,train
w6Qkm0KUGdA,gsg,train
Ygg0qrTLiDs,gsg,train
j-YhO40K11k,gsg,train
p9uqcH3BmwA,gsg,train
MtmI8EJk7fE,gsg,train
Rdzxje6Q94o,gsg,train
u9abMeYkoDo,gsg,train
64M6NNvbNcY,gsg,train
zAFyS1bu2gQ,gsg,train
O1tPoFaISwE,gsg,train
4VXb5_GEce4,gsg,train
WW98GI7oVh4,gsg,train
oi36IXDGvKk,gsg,train
L3TTm1hEktI,gsg,train
aEJgIjBIHUk,gsg,train
g5TmwoTYOG0,gsg,train
9r3V455Pi7I,gsg,train
5H6tdNh5ORY,gsg,train
y7WygkEWpYg,gsg,train
B_YhVQxqyd4,gsg,train
NfMAeroCKi4,gsg,test
wjnUVN6aIv8,gsg,train
zlq3ON-uqZE,gsg,val
SWut4FpltEg,gsg,train
kwyVr3YYujg,gsg,train
YktJ8XlMhH8,gsg,train
_EaflvApI7s,gsg,val
AIdCA62izpM,gsg,train
aRo7e1q7e9w,gsg,train
JiIM1XSl-Ts,gsg,train
E7vmXUuSMfc,gsg,train
qjDC-yRDhow,gsg,train
kvsSq-LsyUo,gsg,train
V1_Tt5JYnf4,gsg,train
rZ4OMM9pSMw,gsg,train
cwWX4e_1gLI,gsg,train
4od8bOVTlcc,gsg,train
q6TVp1cWN8M,gsg,train
r3EmzQZTdEM,gsg,test
vWKgZuZWFzY,gsg,train
4Wm9h2MPrwg,gsg,train
39TtuoWrJ4Q,gsg,train
4HERfTMXEG0,gsg,train
c12YlbNRzKo,gsg,train
nLdkxlIL6BM,gsg,train
8rL3IwNL1rA,gsg,train
tvDQJYHZvfg,gsg,train
58Rzm6cpXlw,gsg,train
GWyM6f-Kq0Q,gsg,train
nDb7Gu207ec,gsg,train
okherIzEfjg,gsg,train
k2aOccwXAWQ,gsg,train
25CUXZhd1nc,gsg,train
QmCYfV_384s,gsg,train
VZrAr8FXY64,gsg,train
Q8AupXOtuOU,gsg,val
Wln5nCFAVXk,gsg,train
FEd3L1MMRrY,gsg,train
3go8Pr1vAN8,gsg,train
2OE5JAhFiME,gsg,train
gGj2DEHDOFw,gsg,train
D3zpbbOuo24,gsg,val
Wi6cNVUZf9k,gsg,train
5SQf8eejGTI,gsg,train
unjRb4yavuE,gsg,train
E4vElBJMZmc,gsg,train
BhyCz_mHvk8,gsg,train
o5XsZkRkw9U,gsg,val
qXBo-be8U0E,gsg,train
LixSNQ_Kpzk,gsg,train
ALM72rI2e_E,gsg,train
n080JYpGL_M,gsg,test
67LZjpleEJg,gsg,train
GhYWZCqwhGw,gsg,train
UFj79IGJ2O8,gsg,test
95HmLBE4cpk,gsg,train
PvscnOr0Hak,gsg,train
GgmbCgTNKQE,gsg,train
MmUonCdU5Ew,gsg,val
hAozvCTU_o4,gsg,train
VWbEcoylMDU,gsg,train
PqqjQHdxtIE,gsg,train
Xt2UYUJg1Qs,gsg,train
Wv0vCrSZ7uM,gsg,train
bOAJ8zYB-SI,gsg,train
LTqNC_fCMXA,gsg,train
41uN0mV0RjY,gsg,test
qOaP4wcRNkU,gsg,train
2LRxdB4iKvw,gsg,train
RpSG9dohtCg,gsg,train
GZAvBUb-dzU,gsg,train
9-ENVJQaYB8,gsg,train
n5CifTfqE2w,gsg,train
w984deSmkgo,gsg,train
GLMCfn5RDYQ,gsg,train
NZRUgonTipo,gsg,train
BUifDfGV2dM,gsg,train
279buG_GqNg,gsg,train
u9FTzIfWHBE,gsg,train
E_u2-9UMhx0,gsg,train
g3Bfdd-5nBg,gsg,train
wpO4tvG_YjQ,gsg,train
oXvMcXceYPA,gsg,train
DzJbuNVDx_I,gsg,train
0vpzY1pIFOc,gsg,train
ebrC46xuork,gsg,train
B6B1vAxXaqE,gsg,train
4FRZGqGWE3E,gsg,train
cgRndEIc8pA,gsg,train
WR1ozVemQ-I,gsg,train
S2PFftkiMio,gsg,train
QBthV1pawP8,gsg,train
3wJHt32Bu88,gsg,val
_2ycH1d_rYs,gsg,train
0Yfwdxpora0,gsg,train
NcxM5lVE9ls,gsg,train
woLfADy31bA,gsg,train
q34uBpRzP0M,gsg,train
d1u2hIUFvFc,gsg,train
xKQnZfdUZ-Q,gsg,train
Ek7wSuCFRNQ,gsg,val
dO6wJsUy_8I,gsg,train
rVbMr93N8e8,gsg,test
6jMUZgI4Er4,gsg,train
k9E8kyjkAfY,gsg,train
fuhoKh6BH9s,gsg,train
TAsPSXNBmw8,gsg,train
Y6jNObFu7os,gsg,train
GI9rfqPVPag,gsg,train
Ubtzov5_AT4,gsg,train
3Fy0GEIKld8,gsg,train
G7W-7YA4HF4,gsg,train
VlZ_9pkE03U,gsg,val
tCyMfnxGQrg,gsg,train
yCPmjb_ITls,gsg,train
R6XSpnIl9VQ,gsg,train
oxc3VDR-PGE,gsg,train
DIdbF6Q51BU,gsg,train
qllqbFSr-3Q,gsg,train
Lcwa6qRUG4E,gsg,test
T3zgSAGPLz8,gsg,train
sFymL48thgg,gsg,train
VHJJiyyJBT0,gsg,train
VmDovd-ZBos,gsg,train
IH9aTyDbKQk,gsg,train
nAe1Caq8A5s,gsg,val
1KwwyZiAahg,gsg,train
ONEJx6E-WbM,gsg,train
iSJ8TzZMsS4,gsg,test
7K_d85RDY_o,gsg,train
VebRQOw0L9k,gsg,train
FAIVHyaUb-w,gsg,train
zU_2bZbtnVo,gsg,train
Vpnzf1Lbt3A,gsg,train
emEjz40lDXA,gsg,train
npTip6_MV7M,gsg,train
W0KGzw1alnY,gsg,train
uytHTMk3Nls,gsg,test
uLDITj5y9Io,gsg,train
tnx2xt8U3rY,gsg,train
zNpR6ZSk7hQ,gsg,train
5DrImkaOT_0,gsg,train
NwN0FKFKujc,gsg,train
wE6VlEr2AbU,gsg,train
Fr-hwoM3vhw,gsg,train
ztG9wUqPieU,gsg,train
pTKscnrsPUY,gsg,train
A8ZtpWpyyLY,gsg,train
2GroMS04Kgw,gsg,train
phht_HTrA-g,gsg,train
MgQH-4zFpn8,gsg,train
GSPmMmR5V_I,gsg,train
uwNLIaoMLg0,gsg,train
c-jWD5jeIkM,gsg,train
qpxoy-suias,gsg,train
miZKekTspxc,gsg,train
yodx1liYOas,gsg,train
etcd1OpDJD0,gsg,train
JameJJ-AdrA,gsg,train
xlrcy2Y_W5s,gsg,train
kwgB318nsxk,gsg,train
z0nRzDQX3gM,gsg,train
8Zz0Od_Zm7Y,gsg,train
lZcufgUZu9Q,gsg,train
J5VNe-AwFYc,gsg,train
kD5tC7uvHoQ,gsg,test
ipVrvB91NWk,gsg,train
QYCh-9-jz0E,gsg,train
7s6c31IFRVM,gsg,train
M3JekI1Or10,gsg,val
K4rAudfr5EA,gsg,train
tr50CHVusWY,gsg,test
zXVXRV6Fef4,gsg,train
aI9qNbIcsqE,gsg,train
gd0bKqjSZ5A,gsg,train
1Y5OaSCzX8o,gsg,train
INmQ0V5kXa0,gsg,train
TIFUoWvcvMA,gsg,train
K7TLUh_DkxY,gsg,train
hwzDtJqfytE,gsg,train
Dw4KM6VPBb4,gsg,train
U-lclwKO02I,gsg,train
715wFB2UCE8,gsg,train
y_6yDQ_wUNQ,gsg,train
1ru8n3RnFmE,gsg,train
btPKy6E30HI,gsg,train
6fNAcB6ESSE,gsg,train
2atksLbAv5A,gsg,train
dMIRhw4USns,gsg,test
6uYS_MkxU5w,gsg,train
nWnJ3-DT9-g,gsg,val
gUF2lQlTugY,gsg,train
QB0Q5uhd4mU,gsg,train
7WwyzK195cg,gsg,train
TjJQx2EgRtc,gsg,train
HCF7_jxEs_k,gsg,train
44yCzrNVmlQ,gsg,train
PABKNHXaGJ0,gsg,train
3NEBqZKj3gk,gsg,train
7tJQieBe_sQ,gsg,train
30GtgiXUlKo,gsg,train
V66bAJ2y1OA,gsg,train
XLz0EJYkTXU,gsg,train
mO0Wo9kKUt4,gsg,train
ijtadb2ZpAE,gsg,test
ASIQ6BZU5-Y,gsg,train
4_MqIUSv5Ho,gsg,train
oRVtSi1njjM,gsg,train
JZx-M-iqtX4,gsg,train
zbDqp7rW0l0,gsg,train
g8YNiamDRUI,gsg,train
Jyb0yV7fFuA,gsg,train
FG4FW1tSJSs,gsg,train
ZuJLdJj28uk,gsg,train
7gCWX1TAJ4I,gsg,train
LbP1oKXWDu4,gsg,val
nq0q1IrNZLM,gsg,train
bmv2buX3qsw,gsg,train
9WYKOQp17dk,gsg,train
UNp14IEJIHk,gsg,train
-ISkVCptjEw,gsg,test
iyiWsgHZfZY,gsg,train
2rcV4WPJHkE,gsg,test
k9O8ECUoyWo,gsg,train
srObb5QQ5Zw,gsg,train
Tg7eS_EXd6k,gsg,train
Am5CNzrARmA,gsg,train
Qbidk0RhchA,gsg,train
qtDWr0HRBS0,gsg,train
3swWzPYzuIU,gsg,train
prZ4b8YKF6k,gsg,train
7pwcd3mdCpQ,gsg,train
_TFaEjjj30k,gsg,train
MtA5xiRAotI,gsg,train
dyMYreyRPt0,gsg,train
0r4YoVZ5rcc,gsg,train
MpVckQkgn8U,gsg,train
Fr94gtepeZI,gsg,train
4mz3ISWELHU,gsg,train
RiPKySPHZUI,gsg,train
dvhrVn_Ejik,gsg,train
l7RkcH6XaJQ,gsg,train
mGqZBu4R5fU,gsg,train
HlwKNDO2pxU,gsg,test
Q33lA0BAYhM,gsg,train
VVileN-braA,gsg,train
yjneDcEa1Zo,gsg,test
TfyEXS388Sw,gsg,train
fMLc7MAg3W4,gsg,train
-mb8PQEGk3E,gsg,train
AOFwJqSjZ9k,gsg,train
YvcnHH1OGYw,gsg,train
sp66_nzLFPY,gsg,train
K0EiVdDtLpE,gsg,train
yPlbapBVZuQ,gsg,train
5d5i9yqLNVo,gsg,train
DUTGECYU7QU,gsg,train
uOC9AoyYC5o,gsg,train
TQ8OIj_YccU,gsg,train
Fsbjafw7QRg,gsg,train
Yf6AiuHMQAA,gsg,train
cn2Lu4KhLdw,gsg,train
q3QAB_yaVGI,gsg,train
x0orRLZmfwc,gsg,train
zzYt9XmkQxQ,gsg,train
VVPBm6ORLTM,gsg,train
MgGL-ZnDOmY,gsg,train
TnBoo9nUIdY,gsg,train
kNGOPjHSU-8,gsg,train
hBj4uTkdCOI,gsg,train
JuGEi6nMnGo,gsg,train
U58bUaEOtfw,gsg,train
VBJXgEjJKXw,gsg,train
dyGJrZ2bW8c,gsg,train
Kp5epOZp0PE,gsg,train
LgMUoFriu8A,gsg,train
jCnNZVpfajI,gsg,train
8hxRempj9Dc,gsg,train
VvlgSJW3a7Y,gsg,train
XFAuxzZgBzc,gsg,train
Jn-8QrgwOt8,gsg,test
Uje5Z6ReAL4,gsg,train
XcVLeC6rnK4,gsg,train
3VBS5Qzsqp8,gsg,train
-BzaOLqg6tE,gsg,train
VICiDEQsoQU,gsg,train
fB_6TEGgR_A,gsg,train
TRRhQ6tx1c4,gsg,train
bzx6Vl5HED0,gsg,train
VI15XgG-Wm0,gsg,train
WDyfkffR2vE,gsg,train
nhzNPBWo6vQ,gsg,train
izfTLKB-140,gsg,train
JrTJxItMqyQ,gsg,train
xc7LorejFxQ,gsg,train
kkWvuoxxkc8,gsg,train
y5PeuFWvdTk,gsg,train
qNBtMalyXnw,gsg,train
J3sL7U1cdnw,gsg,train
jjIw3yBsv1s,gsg,train
QSRqnTocQSM,gsg,train
-PoXxMhkkCk,gsg,train
QSxKQHOC40g,gsg,train
5VCxVir2-2w,gsg,train
ekxVSPnmhJ8,gsg,train
vL_AtwwJh9k,gsg,train
0S4PIA5uaXQ,gsg,train
w2BsQNkMQ3s,gsg,train
2E3U0k72pmY,gsg,train
g4yit6iLsyA,gsg,train
mSH36UA0kfM,gsg,train
GrUGaPLUBhA,gsg,train
1NjZbvtZ9_k,gsg,train
SdiXtvPYzdw,gsg,train
y06xzi1WIwU,gsg,train
P-bE0coRXpc,gsg,train
ZJGwtzRx2es,gsg,train
1-OQxUfZVho,gsg,train
AuSOlVjMVGw,gsg,train
75Lqob8Z92c,gsg,train
MSbbap4vZ5A,gsg,train
22WMwB26HfY,gsg,train
cSMTVTBBd54,gsg,train
_7YKwKhUeBg,gsg,train
ATGNvTgvjIE,gsg,train
n-RRTAL6xW0,gsg,train
WcPrIJspu_k,gsg,train
Q2w7YqgzIAw,gsg,train
S-vyeMAAu94,gsg,val
XDhBLu2xdFU,gsg,train
8TLUbiTS7fo,gsg,train
dwOh4Jwfmt8,gsg,train
RSGE1vk0TLE,gsg,train
AXxhz02Mkfw,gsg,train
UAfcCaGL48s,gsg,train
QMKQlsU7XHo,gsg,train
Bv-3Ld3hvHs,gsg,train
P3hdQBqGPzE,gsg,train
sH5tcFlwaP4,gsg,train
HlTMAj2Qp0M,gsg,train
zmK7hQ-HUiQ,gsg,train
gAno0PiuIs4,gsg,test
Df6vXqU9tAk,gsg,train
YPM-_io6ask,gsg,train
P7YB_vlCc54,gsg,train
vmW29ScIdzg,gsg,train
32PXm6DWMHo,gsg,train
A6i6XmAhZo8,gsg,train
JQmjCco9wyk,gsg,train
aZHqv139jXs,gsg,train
rqJdx-D9mf8,gsg,train
kEtmP2f2opk,gsg,train
FUqFHM588hE,gsg,train
lRpCKpQym6Y,gsg,train
8AnqVZsk4aM,gsg,train
9CaTV1FS-74,gsg,train
z_K4z3y4OcY,gsg,train
_JWGCFeTsmw,gsg,train
QlKOIigRKh4,gsg,train
Yr0EggGqdkU,gsg,train
a7yRIVVAKRY,gsg,train
X9vO0Wak65c,gsg,train
-xE2HnGszUY,gsg,train
mJx6Rs4erCU,gsg,train
w-ujpwPmv0o,gsg,train
QPqtCql07Ck,gsg,train
E3J-mn2kWd8,gsg,train
d52sCYbbD0o,gsg,train
Tlu9vvCLfcQ,gsg,train
gjBOjoifNWQ,gsg,train
Rdwn0Z6L4zA,gsg,test
EzDVKMGEmiY,gsg,train
6YLzu1Ok0eE,gsg,train
fqLM75bhMUM,gsg,train
YNDqt9myAa0,gsg,train
pRysZLdyGFc,gsg,train
AQmY_A-xP4k,gsg,train
XRL6LQm1B3I,gsg,train
gWgVz6AF6Rw,gsg,train
ArJ-pN5AXt4,gsg,train
4WnA43gMbNU,gsg,train
5PFk7MJJnIU,gsg,train
UkAwzxWoODk,gsg,train
VHok9lucr3w,gsg,train
Dn2xwq8S01M,gsg,train
mcSBs6c7ptc,gsg,train
81Uva0Pd3vc,gsg,train
6bdknCklMzE,gsg,train
3wZhnQ4OJkE,gsg,train
IyxdOCt3PUM,gsg,train
zhoQGvWmP1Q,gsg,train
T4C3M-vWFqM,gsg,test
6khiB1yroMg,gsg,train
1yOn1npEg-g,gsg,train
0EuyTGaPq2c,gsg,train
1Gn8EjZx0Y0,gsg,train
t5UA-jiEqno,gsg,train
R706h-xhsbU,gsg,test
6IqoKCR1VXI,gsg,train
bbWj7TpmaWA,gsg,train
1H-7vihCWnM,gsg,train
p4uURfdTCDI,gsg,train
7T2Tit3uryo,gsg,train
TLd48pa1Zhw,gsg,train
EQO1xdz6LR0,gsg,train
S0DbzR9Lxx4,gsg,train
SkDfdb5gUlY,gsg,test
T6TojVzKGYg,gsg,train
6oH-u46B-LM,gsg,train
kcGpU5RqlgM,gsg,val
Q3RTRoQlRGU,gsg,train
XsKKC4QLZTU,gsg,train
9apXLyEJ0Rg,gsg,train
p2ILCKxntLc,gsg,train
titukb2hFAY,gsg,train
vniHzatmfOc,gsg,train
I-kEkU_orYY,gsg,train
T1yUVdkmHJI,gsg,train
A5P5LAMPteg,gsg,train
aBipQpupx90,gsg,train
IyFO3QN6yD0,gsg,train
bOC3zXmVqtk,gsg,val
o9rLzyKXVos,gsg,train
4qxyYp5ufLQ,gsg,train
h9lQiLkaBNA,gsg,train
9ja3dP29FtU,gsg,train
LkkHQUisHss,gsg,train
pncBk9yf_7U,gsg,train
uYKkpwsFY1o,gsg,val
GC8mWn3n-1o,gsg,train
_WPUi_SI-mI,gsg,train
63i1dITK8oo,gsg,train
bazLX6oKvwY,gsg,train
ii82RY5_Z9E,gsg,train
qM86Rvk0RoQ,gsg,train
6KNs8eKLZNU,gsg,train
d--urj_2-Jw,gsg,train
PMjDabTJV68,gsg,train
ypWVF-nbV2c,gsg,train
q8VIZtPQ18I,gsg,train
hyBabPMq9eM,gsg,train
0YCRRao_Po0,gsg,test
WwKpzNOi4DI,gsg,train
6oe9FqrILtE,gsg,train
Q9uxMbgGeo4,gsg,train
mQRfWa4mlxw,gsg,train
lv4paggIXIo,gsg,test
KmgyChXgbgo,gsg,train
CYwz3p45f7c,gsg,train
mRm7s9KdF_0,gsg,train
_rgk_hqdhWI,gsg,train
Pd2zMMM1NjE,gsg,train
jIyA0N_3RCM,gsg,train
GKyWjW-4TrQ,gsg,train
ZR9nU7U2lhk,gsg,train
70jhloa4nWs,gsg,train
JTl7Sr90C0k,gsg,train
DilhuequVGM,gsg,train
fAHUwdX11hM,gsg,train
iVDHh0fLRcY,gsg,train
ISLXyLOI2A8,gsg,train
lztdEcBBd9g,gsg,train
4eGaSuGMedY,gsg,train
UVY4cNeTND4,gsg,train
EEp3vw9WpU8,gsg,train
aTKeWaTussA,gsg,train
SNJ25zhLpE4,gsg,val
3LNJ4B02nGc,gsg,train
_bmgUTW7Q2U,gsg,train
_BHZLbkUjaA,gsg,train
NNWyI8Q5dlM,gsg,train
7mAQG-qoyk4,gsg,train
NDFELPgbvT4,gsg,train
RGSpUFPxUkk,gsg,train
HgyxNO8pIbc,gsg,train
t9jxYlg6dVI,gsg,val
dYKFiCMPto4,gsg,train
lcr_vEnxoNk,gsg,test
kINWuTBPn8o,gsg,train
FdVjc8XDkLg,gsg,train
XIO1FyGo9mI,gsg,train
9516-TIPvVE,gsg,train
SDFuXI6BUfI,gsg,train
ZwiHiW0Ol-A,gsg,train
S1D8asdI0oM,gsg,train
8PJJX-j_4Yk,gsg,train
shz4epfwLFI,gsg,train
AxE9tX0noic,gsg,train
dBfTLjJhsoc,gsg,train
mVE97RNhfMQ,gsg,train
sUOo7JkZzfY,gsg,train
EsVHvlE7AhE,gsg,train
OuhgP1eU4iQ,gsg,train
rUWcfafMpCs,gsg,train
1p-EfPaJKEo,gsg,train
AtAuXdPtIns,gsg,train
SPxaL0lZQ-M,gsg,train
iUSseMI7vxc,gsg,train
_IeKwm0A94Q,gsg,train
PtYdgNlIDps,gsg,train
YZRsNIi_Z8c,gsg,train
19wDw-2SqlU,gsg,train
ZSdgMOpMBGU,gsg,train
-j74v9EnAhk,gsg,val
5xhxKZl7QMg,gsg,train
XdtCmBKxnfs,gsg,train
T_HdwZStlW0,gsg,train
zdgI4eMZYHQ,gsg,train
OjeCyrccgxU,gsg,val
rTsB8ciHc1o,gsg,train
UOK_659xcPY,gsg,train
NAm33DGFn6I,gsg,train
IKtVZuAfoYU,gsg,train
iZNOFfIjYw8,gsg,train
fBk1w0j_aj0,gsg,train
V7PUX2CkRgk,gsg,train
1Pq8J2j5nDw,gsg,train
phkqBq9Kysc,gsg,train
av_DPCR-m4s,gsg,train
UK-R8larSmc,gsg,train
s8Y4zoTcJ9c,gsg,train
7R-lWo21FdQ,gsg,train
KMUweX7EpV0,gsg,train
54unjF2x15U,gsg,train
v7ZezUz8HY8,gsg,train
tue-wevJhPA,gsg,train
YFTew-7b7Vo,gsg,train
H-58suo40i8,gsg,train
dNuKsyl89-Q,gsg,train
fHZQ2wKgDbk,gsg,train
8bZuOjXsKbM,gsg,train
ZuHR73xnNr8,gsg,train
wlSo0u6tj8I,gsg,test
-glIgk03GzE,gsg,train
-3oepL-GE3w,gsg,test
6gUOKYTkM0U,gsg,val
1pX7IgExQzw,gsg,train
TjZAfvYO5fI,gsg,train
78CKwZCgEzE,gsg,train
3co3IBFonIQ,gsg,train
pT0aman8pVs,gsg,train
uujvAEO9LD8,gsg,train
ZDbFoaxfIYQ,gsg,train
UTz1DZOrCuw,gsg,train
yjIWjdEWAok,gsg,train
cG-Ci_oHbq4,gsg,train
k2EIg7ftYI8,gsg,test
cKgX3DbR60w,gsg,train
JBgp6OHozZc,gsg,val
IZMw8-5d84I,gsg,test
WKhFyaJqV-8,gsg,train
Oo2kX0xIApU,gsg,train
tOgtF9FABAM,gsg,train
QuMni3ZOFj4,gsg,train
dqTgzD7Vv6E,gsg,train
2XMOcLnDFjQ,gsg,test
baPANmF0wGY,gsg,train
EuUSRueBzXA,gsg,train
KP-2YJIkohc,gsg,train
HFENYCQcWWM,gsg,test
3UJi0K2jTpA,gsg,train
DXfAmqvCTxI,gsg,train
eCO3VkxVriA,gsg,train
6-HKyazo5zw,gsg,train
Q6Jrp_gOKpA,gsg,train
JfkPoLeGK4Y,gsg,train
gJF-W7Y7CGo,gsg,train
c1Tvr5a5y98,gsg,train
hZZXpikARU4,gsg,train
3aXX6juyJe0,gsg,train
GuHEbcIxBSk,gsg,train
2VLP3RCTgDg,gsg,train
HE_1W4o6m7w,gsg,train
D7dH6lLR6ng,gsg,train
5CtKm2tKPvw,gsg,train
1nMYQmoyUU0,gsg,test
JB8ooWtnL9g,gsg,train
m5_Vcvk9WK4,gsg,train
8l2BYjDhYm4,gsg,train
EMjxviRo5EI,gsg,val
hYDPKC5EV04,gsg,train
AxtPeDmgwlk,gsg,train
-QaaIeqaDmY,gsg,train
9pealr-9ZZ0,gsg,train
ssQKbLjB1i4,gsg,train
91Osnb9p3pg,gsg,train
FBimSUgGW6s,gsg,train
5M-wBqmubmA,gsg,train
IDPcZW_LtRw,gsg,train
_xV3Bj5--oc,gsg,train
QKXzIVnJgs8,gsg,train
jZunjEvOGAo,gsg,train
9YtJywnDbfE,gsg,val
cA7o0uPXWZc,gsg,train
FeNhbRBjwas,gsg,train
tAi04JF8JOs,gsg,val
v1D4J-VWhOY,gsg,train
EtZASw72yUU,gsg,train
o6x94ciEcFY,gsg,train
LcbrmYCJrGU,gsg,train
b4FrPUVPa4U,gsg,train
ejm5-85Q6BY,gsg,train
FVmpS7X1WuQ,gsg,train
BhlC635QkZU,gsg,train
W6wFbfYmcyM,gsg,train
DyzPFJW49MI,gsg,train
FhAfWDeJlKQ,gsg,train
YExrAoD28y8,gsg,train
WvKarD7gt84,gsg,train
VIj92rdi7PU,gsg,train
vc6ekra5jAU,gsg,train
eRFrb5yhc0A,gsg,train
vscwJU7cHHQ,gsg,train
ZFtHBd2eOiQ,gsg,train
Brvk8fLNGu4,gsg,train
MRgLk7-KoRI,gsg,train
rVmXtlihf9c,gsg,train
CBLNY-a7Oco,gsg,train
5khnprSNSJU,gsg,train
xjrNRH2HjoQ,gsg,train
8tgEr9Di48A,gsg,train
VSlEnM0pOtc,gsg,train
EXzCEHttxrM,gsg,train
hBFOCZAXSbk,gsg,train
aTb7r3zkMh4,gsg,train
YKSbqjeSXEY,gsg,val
Zjv4AzIqp1A,gsg,val
tLIELjTrFJg,gsg,train
-57wVIhsSY4,gsg,train
n18XFuTxeKM,gsg,train
CNtHDCFVyAM,gsg,train
uiquVB1ShuU,gsg,val
Lla7OePiLco,gsg,train
o42hFHveCew,gsg,train
dNoFhfwaAtg,gsg,train
A561Gtm6EUY,gsg,test
mFNDSdxhLFg,gsg,train
J1jzF16nzyU,gsg,train
__OicH2FKkI,gsg,train
aSNRqNAY-Ew,gsg,train
MAEXQ4CzgrE,gsg,train
Dmtbh-KeoU4,gsg,train
f4WAeaFkx6s,gsg,train
bNHpOlavL2A,gsg,train
meSFdzFiLbg,gsg,train
epwgYZzjrFI,gsg,train
4jBiI7mSqhQ,gsg,train
EaWTm9VoHZw,gsg,train
Ch5UTdP3KKE,gsg,train
6C8K2a55lRs,gsg,train
k6AbSrlmA4k,gsg,val
DA9Ll0O5djw,gsg,train
lhP8LCgmDUE,gsg,train
ZYsPJmiCiNA,gsg,train
DwurBf4lpYE,gsg,train
ddpbtlpjcp0,gsg,test
sFltzseDv0M,gsg,train
2ls45iWaxBg,gsg,train
lZkaQdtR6Ns,gsg,train
jicrtXqHZhQ,gsg,train
V2V1appW_MM,gsg,train
tW_FQRKen3E,gsg,train
_cpDjq01XVs,gsg,train
Pb02QnHhm2w,gsg,train
uuaZZBBhz1E,gsg,train
luWZu9LWFEM,gsg,train
nmAF6vYx0HU,gsg,train
KDQ8gPK4_ac,gsg,train
wpZLtrEVr2k,gsg,val
p2-3oI6XfuE,gsg,train
LgFLsNTNIRo,gsg,train
UWCqa3anIls,gsg,train
p3ZtY5Ibcuk,gsg,train
-xp7YXnWKkM,gsg,train
4a-ilsOQTP8,gsg,train
vAumKrNj7ns,gsg,train
QycmA4aQflE,gsg,train
sJ6uMKUwyGk,gsg,train
gLkDt166mK0,gsg,test
1j9z0ffwojw,gsg,train
b9zhnZiKuCs,gsg,train
Qn3aHY4iyKE,gsg,train
dxf1iGy0OZ0,gsg,train
2KNy04GVtjc,gsg,train
eiaV6fqDdEs,gsg,train
HecMVlYqYuA,gsg,train
7CF5m4EBDkI,gsg,train
oMvwsFRp10I,gsg,train
RJb-3TeIIEM,gsg,train
52ElIpkGf9Q,gsg,train
SnaChgTmmvw,gsg,train
fkVMzUJpKMY,gsg,train
9oZw0RUMyuc,gsg,train
XvWK6L4pb4c,gsg,train
fV7_sIUOsPU,gsg,train
RO0N9s-uWqw,gsg,train
4mnraa5YhFA,gsg,train
wSAubEroWfw,gsg,train
u9JDx77UQIg,gsg,train
DziRjEkAH04,gsg,train
PFaOeNl-RPg,gsg,train
Nn_3myeQAQk,gsg,train
gLZoxwy1tOQ,gsg,train
3lfUSAl9uAc,gsg,train
03uMs-rTCxg,gsg,test
2bP0dsIdEGo,gsg,train
NZlrJDOI8Ps,gsg,train
bDoB0YaJX48,gsg,train
TLZj2Va57qY,gsg,train
P08vJgzgumg,gsg,train
EVHjLX6DVSk,gsg,train
Dgu4ciFh9K8,gsg,train
SnSP2VSCJTc,gsg,train
DUgq5QXMZ1Y,gsg,train
fRrWkwzlUmY,gsg,train
MfSlusmzVMY,gsg,train
2zbQnFM9HsE,gsg,train
UMKR6EcwYnU,gsg,train
VxBOAQ-b7UE,gsg,val
6pivfQTtO-Q,gsg,train
RJKWmQEmcAg,gsg,train
I97jNMcAal8,gsg,train
WRkJrLg3BoY,gsg,train
6P5uqmiyShA,gsg,train
TH1Hn9gZcsY,gsg,train
6gpCHEaStNQ,gsg,train
0Z2oHGFuhc0,gsg,train
8-pjbuTNZGY,gsg,train
1pEAgiKXQFI,gsg,train
6MkTmmJ7EEY,gsg,train
xMXimKLaEaI,gsg,test
1LIqyPXXR2s,gsg,train
l3ay6Dyk3Ys,gsg,train
Ge_jiudPh9U,gsg,train
uwJefsM8yac,gsg,train
I7SikxvHYJ4,gsg,train
mjJeNhFPZeE,gsg,train
OTJfD7wdGGo,gsg,train
4TOOOIFNd30,gsg,train
sVpbkbm0AOw,gsg,train
cTvBSxDcraI,gsg,train
4lOLkitcuFc,gsg,train
z9bC2GDQ7do,gsg,train
-q9HwaPqmj0,gsg,train
FEZ23yNvrzA,gsg,train
RaHpfK6PRnI,gsg,train
kVuYUOVrlHE,gsg,train
vXIDbJhSRTc,gsg,train
fp3jkqMz_aY,gsg,val
kQHbX_1dP-Y,gsg,train
VBesC03Kb2s,gsg,train
NIz8NMhZWoM,gsg,train
JHB30wMY27E,gsg,train
wGAUwsDgsuM,gsg,train
5z9-q8Dsqgk,gsg,train
J2Ocg1fwplU,gsg,train
agq1MNW_Rrg,gsg,train
HaBLXkoSCnw,gsg,train
w4oFm5-O_Wc,gsg,train
2ForRuKWhLg,gsg,train
Sq4yoWCePSQ,gsg,train
gf9McOa18yM,gsg,train
0PgBfJcbyNw,gsg,train
SBPDIDxNB6o,gsg,train
OA3ZpFuJADw,gsg,train
kXQuClAecYM,gsg,train
423Ic3POk1M,gsg,train
9KlP76fhkPE,gsg,train
uKT-f8ilxzQ,gsg,val
9JPxdZ5vL8M,gsg,train
d5k0T9pt27s,gsg,train
Wz9PNJ3YOgY,gsg,train
4hhAXt_a1bg,gsg,val
L5kscAftA-4,gsg,train
bsetkzTj7i4,gsg,train
DIWSpyZMS-k,gsg,train
YfJ-M4o4IR8,gsg,test
mnHSTO0bZdo,gsg,train
tCEfDagBJqQ,gsg,train
-QO6izlrgAE,gsg,train
dj9o63rOcXU,gsg,train
fOgpn9WFB20,gsg,train
oN4OTkodp2Q,gsg,train
YgpRKXrCXVg,gsg,train
aIUWoF4OXPM,gsg,train
kKw56W7MxVA,gsg,train
pCjkEa845zk,gsg,train
m4Wyh9wuR9Q,gsg,train
JGtjF-skSh0,gsg,train
4TSto5XpMyg,gsg,val
KDWdcr9Gwrk,gsg,train
f6w2q1V6CRs,gsg,train
SYezulgeHtY,gsg,test
p_asrYAOr8E,gsg,train
_En4f8DTVBg,gsg,train
7DqucE3mzXA,gsg,train
_i4zZPD5-6A,gsg,train
YoXCEzEJ2Jg,gsg,train
M1ptga3polg,gsg,train
emmKhDaUkTc,gsg,train
GoZrFGDWOrM,gsg,test
CWrznPZDM6I,gsg,train
3ZltPa4zi3Y,gsg,train
7rf25nNuI9A,gsg,train
9xvgsCmX8hY,gsg,train
ySBFUiyubEg,gsg,train
AtEBlHG9eGA,gsg,train
H5pVMUqz8MQ,gsg,train
za7tG0yiNN8,gsg,train
w7hKjNEfV9Y,gsg,train
B8TPUns0WLA,gsg,train
8dxSoKlVGWk,gsg,val
lzeygE9MoaE,gsg,train
RIpQL_XnIZg,gsg,train
3YAV7TdvPmQ,gsg,val
RuWzHGdld_o,gsg,train
VjP5H-uPMFE,gsg,train
edIUDbXVJm4,gsg,train
KVCUXt_jBcY,gsg,test
dHArOGkJleY,gsg,train
MUpLnwTH6Hw,gsg,val
G3DQFaVsy-4,gsg,train
wUpRg71DL48,gsg,train
O_p4qO4KU50,gsg,train
k1ZTUvmnBuU,gsg,train
mntIZf-j8Ds,gsg,train
B4ylrBlvE5Q,gsg,train
bzUcf-lGklE,gsg,train
q6dFH_6sInM,gsg,train
4qEIv7Ll-Vg,gsg,train
41uRUO7oGiE,gsg,train
q5hhWw79t3k,gsg,train
U9RXiLNKgrY,gsg,train
t4xqiRpYJuc,gsg,train
jbTPkI6FLOI,gsg,train
K-JNP59fawY,gsg,train
4JI74RvR3YY,gsg,train
aDn1e32h8-Q,gsg,train
DYt5qTRRpjE,gsg,train
ZZHn29Ndo3M,gsg,train
onqlcw8U6lc,gsg,train
QecMqYTtWbk,gsg,train
_xEAT4RhzKQ,gsg,train
eNenEsbyc7s,gsg,train
kr8pBpUQnnI,gsg,train
rgJh0nsY7aY,gsg,train
iEOGxAPdXkU,gsg,train
ULouMDZ28ek,gsg,train
0RRfmLvb988,gsg,train
4-5c_ft4kok,gsg,train
6MmjpYftnLA,gsg,train
MdaZI6d5Axk,gsg,train
lq5fk9bfrl8,gsg,train
SEjWRZ-QsxY,gsg,train
Dvd6oyecXZ4,gsg,test
TzIS9Ij1b-o,gsg,train
yehN5mSrVbM,gsg,val
C4GoOtKSZWo,gsg,train
HeU-Hg4RBKQ,gsg,train
27n4bYF5guk,gsg,train
dQ5BEcGqr9s,gsg,train
DaYK5A6moY8,gsg,train
R5j0WhrrGPM,gsg,train
ktiQDVbrejg,gsg,train
CZb9udheaQc,gsg,train
PIs5EuVRapM,gsg,train
QRbeMWcvw8I,gsg,train
rHwtneq1AOA,gsg,train
-DvN-IiP5Hg,gsg,val
DYyLu-iJG8M,gsg,train
WdwjIjonT2A,gsg,train
Cu8yE_ta2cE,gsg,train
BhOv1LHEpR0,gsg,val
EN2pfQwm54o,gsg,val
t_Uhn0348b8,gsg,train
YRRWrRW4ipQ,gsg,val
J_793ywiimA,gsg,train
D_jQcTeWHo4,gsg,train
XYbKyO-MSGs,gsg,train
lU-KuA0gntU,gsg,test
Z_Yz6l2fq3Y,gsg,train
Uql6DSMsgR4,gsg,train
ijH0XzBTDbM,gsg,test
SYYSqkDS2rM,gsg,test
Z1BThHgRPUs,gsg,train
w9pfQipEUtk,gsg,train
JKtmOsUSzOk,gsg,train
aRY8d7xvSyY,gsg,train
VJnIaYWFnYY,gsg,train
Z3yMZgFnhwI,gsg,train
NrYubbr2kTM,gsg,train
YCDj-XUdkFI,gsg,train
rK1dAEiVUKc,gsg,train
emeEcgvCF3g,gsg,train
n_7gCDLM6yo,gsg,train
Ybj3oK34LO4,gsg,train
onDLFaBaokg,gsg,train
Dvmp5s45h2g,gsg,train
uLuXDT3-KL8,gsg,train
AnumitXXcYs,gsg,train
Q2a0ka7LN3s,gsg,train
C0nlC9XozlA,gsg,train
HpUnZM2iS1I,gsg,train
RQXyfm0Cevc,gsg,val
rQGM0zZWOvc,gsg,train
LNOJaSJEDb8,gsg,train
M8ikfUtZmqY,gsg,train
gTNT91nSad4,gsg,train
DIvr125sURM,gsg,train
YE9TN-7_yec,gsg,train
FN1blEQtZvM,gsg,train
JxoQUCJ1y-A,gsg,train
njPhMC6e3e4,gsg,train
XXd5bQ4bdXk,gsg,train
l5gVrF_bhuM,gsg,train
PWxgC3kg9aI,gsg,train
c-7SRiBYPNE,gsg,train
XjYZ1zD6qd8,gsg,train
6m4Ntheo620,gsg,train
RLaLGy_9Wuo,gsg,train
bdfLondJCbk,gsg,train
8MuD-9_4O_4,gsg,train
EvOJz4jioA8,gsg,val
FvFm0LD-ek0,gsg,train
A5aTY13Fjac,gsg,train
hC-DaEmWDtk,gsg,test
07c6YNlGvy0,gsg,train
8qJYAjS5sDE,gsg,train
WBvOEdCWy6o,gsg,test
HZgIUaNYCx4,gsg,train
g7fmplTIGgM,gsg,train
3EpFKut3XrY,gsg,train
NZMcuu9P0K8,gsg,train
USYC972Tllg,gsg,train
k7USPauCTSw,gsg,train
VKiQYzYOYiQ,gsg,train
LW-jaIVWEpk,gsg,train
ONXSPxLe7uE,gsg,train
PsMQ6Lnhwf4,gsg,train
t6d6GGISav0,gsg,train
uwEMrOQHns8,gsg,test
xihBlv84Qrk,gsg,val
rim1b3Nf6wk,gsg,train
eM1leMa6Y-w,gsg,train
B6yeD6SY3vw,gsg,val
SpO_a98_boI,gsg,train
BDchnerzdz8,gsg,train
pX0sMYzi8hY,gsg,train
RCuxswp_SSo,gsg,train
dnFuwFzUNAI,gsg,train
MBGbqbdBlxI,gsg,train
bJzP1jEfOyk,gsg,train
6Elx_eUhD7Q,gsg,train
0KodMjDT0AU,gsg,train
eycmNqo25FI,gsg,train
KCKyKWQSYw4,gsg,train
lr1joZc3B8I,gsg,train
8Gl2Hc1a2oc,gsg,train
i463Vvaz7RY,gsg,train
jg6QprGUv9Q,gsg,train
7BW4Acg_Yvs,gsg,train
ZrJPzdqdmJc,gsg,train
5wu2XQlYNaU,gsg,train
u4WEC7ESOLg,gsg,train
mpUo_UWpIC4,gsg,test
ru8luMZ2rfo,gsg,train
zGX4J3Q8vh0,gsg,train
HlnALIhSEU0,gsg,train
fPIrHhv6Drs,gsg,train
0rad321BHFw,gsg,train
FlN0mHgp4e4,gsg,train
CzBd2TahQcQ,gsg,val
H5tOA15XSlA,gsg,train
HgVlTj1KnPw,gsg,train
MtRK_PAp8iM,gss,train
RXWIa6u0oII,gss,train
9UQxJ880buY,gss,val
FYJkpiXoM8k,gss,train
VSGBj1zFRLE,gss,train
ThYO9_tBm-c,gss,train
941a7TxfDPU,gss,train
pN6X_WvwAi4,gss,train
WqhtVMhCdbo,gss,test
o0J4FDHNL7c,gss,train
T5NXIVVokDU,gss,train
0OVqvwLTntA,gss,train
QL1c5fXIrY0,gss,train
CCKNuV9lAQk,gss,train
_8axtHkmTLA,gss,train
K23cWNxlbRI,gss,train
6EgqyE25Vys,gss,train
bkD9JczVds4,gss,train
dfq3HrEV2yQ,gss,train
LvKitCJ0OsE,gss,train
6TmAbbns8fA,gss,train
TEXTZ7HHTxo,gss,train
daq_800eoUs,hks,train
QPra2OH7XN8,hks,train
YIgjWUB11UQ,hks,train
mjRagZOR5X8,hks,train
mhkMFoepWLo,hks,train
JgHfR0v6xeA,hks,val
sVX_VUulfMI,hks,train
4o9EafHcmYw,hks,train
H401kwUQyso,hks,train
1l3j7mbBtZw,hks,train
HFw7US1FWME,hks,train
A5MQX8LqXnI,hks,train
FDeyZp2kdbU,hks,train
TA7b9ibgKWM,hks,test
YpUfkK3p16w,hks,train
0LHuhHoYHKo,hks,train
QQ2cGwuYPz4,hks,train
8BkNuYCA_hY,hks,train
rgcaJ43g2hU,hks,train
AtDk8AdtvPw,hks,train
W3KDi8LscGE,hks,train
oKys5o3BAtw,hks,train
nrVzomOrimQ,hks,train
ofPdMIUz30g,hks,train
Mzv4parm5tw,hks,train
LvHwkj6wmNY,hks,train
QA7wrYKhhSE,hks,train
fckDRJhTAZs,hks,train
SArsZS4oS2I,hks,train
EFC8zY2p6LI,hks,train
KRjHQUuqh_s,hks,train
0Y7xHjOR-G0,hks,train
zXYaGJKqkgA,hks,train
b7utq5_-Sgs,hks,train
bOkAw1aQ45U,hks,train
ClgYxjC5M9M,hks,train
g2cisI278q0,hks,train
_h8-AbFg8R8,hks,test
d0-uj3wrVVM,hks,train
bBspOCawTck,hks,train
8nZ5wQgRpU0,hks,val
szd0ywMBE1M,hks,train
fY3IqIJmAfQ,hks,train
6zip-lUkh6A,hks,train
uI32knnhPAw,hks,test
i_BGBXq5Kog,hks,train
CXm9xU5OZmo,hks,train
Gc8sluT3x0E,hks,val
CEAnVrALVFo,hks,train
YPkVOd_Bi_0,hks,train
8EUKjOtC9uA,hks,train
4ryPdp_o7oU,hks,train
2u9GhfowRJA,hks,train
AZGloxj3ObY,hks,train
a1otCj31YKw,hks,train
nG1OTk_u1WI,hks,train
qc7V8TNERcc,hks,train
nAtI_6y63bs,hks,train
BXbGdl4QW3c,hks,train
vy5DbL-SU5k,hks,train
4Je58txbg5o,hks,train
jV7kMvts51M,hks,train
CnHaYMROWcE,hks,val
p33GW1NHXmc,hks,train
gQC9eZbt6dM,hks,train
edF5axLbk7U,hks,train
3T9YKA3270Y,hks,train
RQdSXnEL1SI,hks,train
YN-Te33oaOc,hks,train
Cobsu03p5vk,hks,train
YS3dZ3ljU0U,hks,test
gOv5xU_YBmE,hks,train
loK_pX72bOc,hks,train
-fkxwIjFLdo,hks,train
PNeJ8ePedv0,hks,train
WoEI6rc4q8I,hks,train
UL8ZNID_Nb8,hks,train
CEAXi6ahVVs,hks,train
7VLbIdPz2Y8,hks,train
3u8WdpSvn2Q,hks,train
FemA7HFLY5c,hks,train
jLncmnLxw4g,hks,train
n4ddRhggvnM,hks,train
JqglfSVDRaY,hks,train
1NRObANJ2lw,hks,train
Ui_OQaWWY8k,hks,train
mj6yDPrQPLs,hks,train
8uXLDz84bd4,hks,test
Sr9shihxQIs,hks,train
HscU0e7vELM,hks,train
bsMfTBa3nVk,hks,train
fU4GSavJdrA,hks,train
vM-7UHH7xAo,hks,train
1YTQL96dKNM,hks,train
pmArHoPE-jY,hks,train
7nyur45pt1I,hks,train
zFbCOExSre8,hks,train
D0_-FnQlVGU,hks,train
UIu_VzCCtL0,hks,train
pzL-tBxAdL4,hks,train
uQs7ulTjxxA,hks,train
QTKn5e1etbE,hks,train
-gTQs6GHl4Q,hks,train
f6Pi6JNRmWw,hks,train
-90jXLASjwM,hks,train
qgIQVwgWrSo,hks,test
uEU3vbszI6E,hks,val
xpuHegqn4ao,hks,train
af8-8TViCYo,hks,val
203T7WCYjh0,hks,train
YRtQitfruJ8,hks,train
v8tWAMIv7Bk,hks,train
74tyPi24mw4,hks,train
OoEAwWaxw1s,hks,train
FWxSW5DcPJA,hks,train
79TiFWzDOVQ,hks,train
gKSddsz8kmw,hks,train
Nb9wYlQmHaA,hsh,train
GZUjtAVfhvM,hsh,train
uJAJAl87E9k,hsh,train
ippqeRO-lWE,hsh,train
X4AmEkYDp2M,hsh,train
xEzn7tu_L7M,hsh,train
Iyn_ppkcCxM,hsh,train
-8qJvxKn46Y,hsh,train
WXt7DTA3ndA,hsh,train
M0UcoU8EoIc,hsh,train
vzIAOyiLu9Q,hsh,train
Fg6nTSY9Iok,hsh,train
wnmqpO5SpEs,hsh,train
jvF0Ee5t4NA,hsh,train
rppqIxsSs74,hsh,train
yd9u0dv94A0,hsh,train
SVIVlmsZAAg,hsh,train
7qbhPzYQQ3M,hsh,train
rbFHFKEvFBs,hsh,train
iM2TSy0bh9Q,hsh,val
p6ziFgshhDM,hsh,train
C1o3plcX6UA,hsh,train
jOW6rJZGzNw,hsh,train
5swfdlhTy9o,hsh,train
TtZ16q5U4X8,hsh,train
8BiTk_D0K-s,hsh,train
lppGyC9Sotk,hsh,train
jvAx5NPT1f8,hsh,train
fceG3juo1c0,hsh,train
hCk9iyXXEl0,hsh,train
An9aciQo9gw,hsh,train
5u4czdSb91U,hsh,train
Yer0UcZrjSI,hsh,train
N6GA7sPAbdw,hsh,train
Uf72jit6mwI,hsh,train
8hlEu1tDnSc,hsh,train
AkJ-OIC8k9U,hsh,train
FAmZw0MhejA,hsh,train
rtWZZUdxeB4,hsh,train
Bi32y5ErqXE,hsh,val
es5GBQ33pMA,hsh,train
Brnc_r15XZU,hsh,train
L1WhN2fFczs,hsh,train
JWN1cR96URc,hsh,train
qzQtwpXu7vM,hsh,train
XXkfvFa2fwM,hsh,train
T68LmoIYBEM,hsh,train
WCJrjAyW9vY,hsh,train
0NsuexINfcU,hsh,train
uXoDnsMAYQ0,hsh,train
mwXNdScRDGg,hsh,train
PSGOWj4uSbo,hsh,train
n2neq6mp7cM,hsh,train
c-RgKE1F5co,hsh,train
1l6HUhSbMyE,hsh,train
1gUh1glGaTE,hsh,train
fLcebSYsC34,hsh,val
sWy_fduL1Ok,hsh,train
QDE81qfOxCM,hsh,train
GZrEulwT81g,hsh,train
rYy23632Vzg,hsh,train
Rv_aaOSqjxA,hsh,train
gBY84NlCtTo,hsh,train
e-GMgNM55BQ,hsh,train
IO3EBpc5bHU,hsh,train
_N-bBbIkCI8,hsh,train
VEDI1_jWEKo,hsh,train
CIOyVeX5FE0,hsh,train
ddsSgmURFlU,hsh,train
1Fw15mJkpO4,hsh,val
uLJ4H5aeEAI,hsh,train
4lFiv_SsoL0,hsh,train
yzQTqrVGl64,hsh,test
EqyNjcJaCA8,hsh,train
giX4SJHhqhk,hsh,train
clDMxOy1eMo,hsh,train
7y8U9_p61dQ,hsh,train
c0wbIAnU_sc,hsh,train
1h-85FPyFb0,hsh,train
AhbQTIIfGpM,hsh,test
9PDbpe_QlXg,hsh,train
7D2_L72qwgM,hsh,train
Ry2RHe-RGNI,hsh,train
Yfs-jcBv1xo,hsh,train
tp8NTHEiVZE,hsh,train
A-PqkDTUkR8,hsh,train
GLNxSZCbjMc,hsh,train
pJbmAAnJd2I,hsh,val
nDDR-rkRnuA,hsh,train
RQZN1QJCjTM,hsh,train
zJ6R-P2f8cY,hsh,train
31nRaRdtSIw,hsh,train
gTOzc13gy7s,hsh,test
Z7HdcKYCN-M,hsh,train
C_DBuRbxGII,hsh,train
BBgXmuGhIzs,hsh,train
9gdOowL4ja8,hsh,train
PQGZ7wh4xEs,hsh,val
TIMHCms78D8,hsh,train
yvLe3Xn4nLQ,hsh,train
5_nloUZerH8,hsh,train
7H8HJEqFNvw,hsh,train
u-iZRXq-N-M,hsh,val
RtxPoLZFi2c,hsh,train
huguyIyLi5I,hsh,train
224RlmjZsEQ,hsh,train
gW66jP1r_7s,hsh,train
XiWZL9o9tsY,hsh,train
kQ35IFS-jKw,hsh,val
FQzbsYQ9B8I,hsh,train
SlVlw9C0HVA,hsh,val
fiS6LvpdAgE,hsh,train
2C05xnuu0cM,hsh,train
zrYqDq8eg4c,hsh,train
oneQnotHKYQ,hsh,train
3-IXe9iyyDM,hsh,train
6GQJWpD6ofE,hsh,train
-MMeEWwVIoQ,hsh,train
qsBKW9L6RKE,hsh,train
HSczfnjXTpw,hsh,train
YW65ITLFRj0,hsh,train
NYiAl4KdpmU,hsh,train
yjRkO1TO6RE,hsh,train
zQ1c6B8OMxg,hsh,test
tlQPpTo5JNI,hsh,train
k2y8MBs4Q5s,hsh,train
VhPIu_hDgn8,hsh,train
JEKb7EkcH78,hsh,train
6s7QlHHLT7E,hsh,train
PPqb-W_etd4,hsh,train
2V4Oqf35slM,hsh,train
iD-b4JA9xPU,hsh,train
g2clI-vXuv0,hsh,train
6zh8uQzx_yk,hsh,train
UjDyAYXNmIY,hsh,train
u9D6x7cj7W4,hsh,train
W_L4pv5AEmg,hsh,train
IhCyVJCGaQI,hsh,train
1D4x38C4i34,hsh,train
WjQnGAOv1gU,hsh,train
FY6kh0qtmsU,hsh,test
T2L7mMJN6v0,hsh,train
9PUxSIO5QcY,hsh,train
q0A5PYZisoE,hsh,train
-vgdAWSPUoQ,hsh,test
lUpkCjKVc8g,hsh,train
BvVX9a2bmPE,hsh,train
MEsb51-fHpc,hsh,train
7TVFbdYsyrE,hsh,train
zPRxZXARszg,hsh,train
q-xzixXL_H4,hsh,train
ocEmQOZgWmY,hsh,train
0dnN3SAYZd4,hsh,train
ErrBzRRVktM,hsh,train
A_bnWQDgFAM,hsh,train
H_QrA3zUc7U,hsh,train
yiACkE54sLU,hsh,train
GBjROSccLcg,hsh,train
FKtUAZrPo-8,hsh,train
4qTJ4WwQGoQ,hsh,train
7N5PJgOUzF8,hsh,train
V5ylny91YXw,hsh,train
m5nPmGG29RE,hsh,train
J976Hc7jjEs,hsh,val
i5HWbZ6mb7g,hsh,train
xLR6iku7bq8,hsh,train
yJrQYUXpK9E,hsh,train
5aetMpJ3ByE,hsh,train
TYjHeRXPSwM,hsh,train
MTmzT5ZXVcc,hsh,test
zEJ1r4yORlk,hsh,val
05N7QUlIiI4,hsh,train
P4wEPHa_SgI,hsh,train
gZlkYzGEE2o,hsh,train
4E2Ai4TKj7c,hsh,train
8-Wt3jPuigM,hsh,train
dt6h0QmRlcs,hsh,train
NnNy_nSWLHU,hsh,train
a4RkTcizOWA,hsh,train
I56eCzXy8I0,hsh,train
MHHX1LqQbV4,hsh,test
jSrJfNmhxEA,hsh,train
bhFBSQYjBSU,hsh,train
2gFbFsq6dUo,hsh,train
FnL6IFnHNpc,hsh,train
yoomhFxzeGA,hsh,train
GgLKKencr9I,hsh,train
y81rv_uRPVM,hsh,train
X-69X7m8trA,hsh,train
3gXJyc3PGyg,hsh,train
OGDXgsMZ8fM,hsh,train
VD8PXvzmvHg,hsh,train
tZJTfQzIHbo,hsh,train
oszDoxwE3js,hsh,train
3Rr02liueGw,hsh,val
KByyCI-dGGo,hsh,train
WxXOts2oWIE,hsh,train
VCj6zAhholI,hsh,train
4QnML4DD5vU,hsh,train
wAMVnkhlUJU,hsh,train
e_Ma2K-jKFI,hsh,train
AUk_rmn6Hg0,hsh,train
X_c5AtovuLk,hsh,train
CUJf_5z_toA,hsh,train
9NkUJYd1d98,hsh,val
_1fyJGjJWys,hsh,val
eX4LhSscoBM,hsh,train
oURFkm07Rx4,hsh,train
5mCjjk4xBm4,hsh,val
cgoFasZfzbk,hsh,train
SuvU0KiFMEs,hsh,train
TrizNIiYTn8,hsh,train
Ky3lfAmtKdc,hsh,train
oOYveVqf2zs,hsh,train
eJYzkPU-Y2I,hsh,train
tZcTkkO4MGA,hsh,train
sOO01HkilmM,hsh,train
Kw2usnWWP9g,hsh,train
LwvP-rxwKPs,hsh,train
twnqUbMIIbQ,hsh,val
xBx1nGEeRJs,hsh,train
Gp7gNSPOg-0,hsh,train
S1S83mPdnbo,hsh,train
K-Xj0EnCgmI,hsh,train
4C_OUc4u1Gs,hsh,train
G4ScLlDUWGA,hsh,train
iVkOMhjDvE8,hsh,train
QPcn1pvrnuc,hsh,train
iMtaJf-6efQ,hsh,train
jrWk7M02huo,hsh,train
WTl3Gk3u42w,hsh,train
nHDZ-c7RM_k,hsh,train
OcrTW_GST3M,hsh,train
a36AnfaKgWg,hsh,train
EaK7h_BR2CQ,hsh,train
UOovbwl5s9A,hsh,train
mtzZk14ynEk,hsh,test
9kJZrHTwaX8,hsh,train
VWimoP7iXHs,hsh,train
TJWIudu9VAc,hsh,train
xFhaCJubQM4,hsh,train
D5fdrBezinE,hsh,train
PRBnTIMx7uM,hsh,train
A14tnyG_unw,hsh,train
LZDTFrLKEaQ,hsh,train
zCJIsS7xSTU,hsh,train
D5yQYbPWJh8,hsh,train
IYi_O9F32z8,hsh,train
ZAobC8G8kcg,hsh,train
ezPkdPFG3xQ,hsh,train
Mz8vZsIby0k,hsh,train
Agz0voALzug,hsh,train
A08VuTnfseg,hsh,train
nVYEDLHdJjQ,hsh,train
0LFIXsZY770,hsh,train
o1kjhVHo7FE,hsh,train
UbiRistFJ4Y,hsh,train
qEvpcSh3ziU,hsh,train
4xX-gAzf6B8,hsh,train
Sg2O3yjkAyQ,hsh,train
DYuWYB_2vNU,hsh,train
xz1I19IdkRc,hsh,train
eORR-_0Souk,hsh,train
WS3URRaLYHk,hsh,train
suUB4mJH-cE,hsh,train
COz2rI8qNhQ,hsh,train
cYyqzcpuakE,hsh,train
ULypXzoKGvE,hsh,train
RzrQZ7fRo48,hsh,train
TAyCgg8V55M,hsh,test
7imsGhzkBH8,hsh,train
-AwmNR8HJ44,hsh,train
w6ZNhp88C2M,hsh,train
NJoV_LsRf90,hsh,train
8VjXyddQGTY,hsh,train
kcfEL6PB0Y8,hsh,train
rvvecbtoDf0,hsh,train
NPiMQcToeBQ,hsh,train
twERplat6Zw,hsh,train
Zs-fx4TV_h0,hsh,train
YvH12mCQLkU,hsh,train
-zgb3R7y0o4,hsh,train
TIlOle3cZnw,hsh,val
_aVd7DZFXsI,hsh,train
OW-NApcCBDo,hsh,train
34fqZlCVvPM,hsh,train
9rFiMk9OWB8,hsh,train
bTbFGn15c-8,hsh,train
xzCcZ-2mxU4,hsh,test
Ui5tem0bnR8,hsh,test
SB8oiFL1LpE,hsh,train
VUsz0cNMl1M,hsh,val
fK-qQpZqGz0,hsh,train
1Lc6keMAgVM,hsh,train
kSS-tCVInhI,hsh,train
qndLm4lrQZY,hsh,train
v4tm69zOyHw,hsh,train
aCvf8tx7RBY,hsh,train
RTt_lyLecUQ,hsh,train
UO2tTsPcN3I,hsh,train
yD6CGAUKzeM,hsh,train
lPn5jv5zmng,hsh,train
vvI-FuSZbbA,hsh,train
QoRYOKYGyx4,hsh,train
MxB6TNyz0BU,hsh,train
9rPbdiS1OjM,hsh,train
6BVx0WC9lpw,hsh,train
YMZflB9_sNw,hsh,train
QcviXUlws00,hsh,train
-hOKdC_RDSk,hsh,train
VkR-qObc7JA,hsh,test
Igh18-e5pfs,hsh,train
2UY7Oy9L2h0,hsh,train
KtrNMqx_jPs,hsh,train
pfpBXMp3Aeo,hsh,test
h6CTFzl0NPY,hsh,train
rETN3V1e8V8,hsh,train
EtQfpLGAJTg,hsh,train
Tv8FMDo-ARk,hsh,train
btm2XbqMG5o,hsh,train
odRUAS7saHM,hsh,train
sQyqgobkbNg,hsh,train
T5Mn_8XVx1g,hsh,train
E24am7ihLpo,hsh,train
QpCNGduWFEg,hsh,train
4wHzzlU1uvA,hsh,train
gWCzN-rnEF4,hsh,val
jc-5NENzb_c,hsh,train
FDV0EFTbEd0,hsh,train
gtKf-djw7SQ,hsh,train
oyi8Riugz6U,hsh,train
jzQLdxG-hUA,hsh,train
2CuKRAVPHw8,hsh,train
y_BnRKFOXaM,hsh,train
pR8iWmIATfY,hsh,train
UJJK7Yt5Xko,hsh,train
ADe-Lvn1dE8,hsh,train
IUu_jjLTOSE,hsh,train
IQkm6hKP1Qw,hsh,train
tDa2zS6sODY,hsh,train
Fx_QOwVkw4M,hsh,train
muxrGFiVZiw,hsh,train
Zi-3j_IJWwY,hsh,train
Q2zbnEYUqow,hsh,train
sTa8yg_hhGk,hsh,val
oxOGlc2x6H8,hsh,train
u3poziEbFGY,hsh,train
-rQCQfq9Q-0,hsh,train
ZokCL2FdTHE,hsh,train
Bk18xlL2iew,hsh,train
MirXca6Bf4c,hsh,train
h149wT6jxQU,hsh,train
IGm2HT6WqT4,hsh,train
VkJUPqwB8PA,hsh,train
HVoYtUFciPQ,hsh,train
uIoln8hPQvQ,hsh,train
fr372n0TdaM,hsh,train
7zoGAUywMM8,hsh,train
UQUeRKGjNLU,hsh,train
CqJ6JTs8BRM,hsh,train
tqqGOGT8OQI,hsh,train
f4HhrNVUgAc,hsh,train
ISmZXRyhxJ4,hsh,val
GpAg1T6MokM,hsh,train
Wx_8gjBA1nM,hsh,train
bUB63O9XFWI,hsh,train
hV2WV79wqKA,hsh,train
nrClnsIuLWg,hsh,train
VNBjnILAKRU,hsh,train
TxXU7MeDVJ8,hsh,train
GLwybIAKZko,hsh,train
D4KHzc_0o6s,hsh,train
U8IPCTlbzxY,hsh,train
7_cittGHQVQ,hsh,train
aji50GPUo6Q,hsh,val
XUfuvdTUiSI,hsh,test
SoKa7HZZtFg,hsh,train
Q3PZKUJApN0,hsh,train
AkBZRlOM0wE,hsh,train
ADcjY0Aabg4,hsh,train
BL1y-kqJJK4,hsh,train
OrFkKwsDe-s,hsh,train
PM-dFpIcKFs,hsh,train
b0M3TgRrNLo,hsh,train
RG_UlB0MiwM,hsh,train
51mrVx2_I-w,hsh,train
dZEquqi6LKM,hsh,train
P_J-JVU-oVI,hsh,train
vrI3L1KUf9s,hsh,train
PiIMsdDQ3wM,hsh,train
fXTBrfNGuEg,hsh,train
fi20TEKAvh4,hsh,train
QjLbp0lKg-0,hsh,train
tZH_mjsGdpY,hsh,train
PnJWMK5epzw,hsh,train
mZEOfAMPh0g,hsh,train
w0rA40HKv5o,hsh,test
3b5WayKrqIY,hsh,train
efA722kNtJo,hsh,train
TYwilZjKynI,hsh,val
hzOSgSs-fkk,hsh,train
iGHIms2lSLY,hsh,train
wmsMg-cDtRY,hsh,train
qnialGjtriQ,hsh,train
3z4NTOA77xU,hsh,train
Qja8Hom_ccM,hsh,train
rahgFxexl_c,hsh,train
c5SP-v54uXs,hsh,train
YIJ5KEJ5knQ,hsh,train
lcTjOxBIReg,hsh,train
HiHQFy_AhDg,hsh,train
Nt1bGgOMI5o,hsh,train
yHa0_Rb6u0w,hsh,train
QzA9cuMbml8,hsh,train
lJDWancZCM4,hsh,test
m6_rwGaQpMs,hsh,train
1WC9RcsGDYc,hsh,train
zcu_aa0DRTQ,hsh,train
XPS3SILlzlI,hsh,train
UbPVOQw22rY,hsh,train
UM-OPHIIdEs,hsh,train
TQn_jiPUW6g,hsh,val
HWxz3Hb_YwE,hsh,train
vMQmGdTOizc,hsh,train
A_naDcOo6zo,hsh,train
_Jz6X7SInXo,hsh,train
5FWqxTAsFVY,hsh,train
37oh4kxLfzI,hsh,train
kkiKAB_FB0E,hsh,train
y0z4buZcyoI,hsh,train
QXsRO53-kSM,hsh,train
ZrvM6pdhUes,hsh,train
gQjRdtuxRBQ,hsh,train
7jJ_bHQu-bs,hsh,train
PIeqHy5eIR0,hsh,train
mlmhDK6a_fw,hsh,train
3y17rkSU7d8,hsh,test
opUfxOMTNhY,hsh,train
l4_qfIMbADY,hsh,train
owm-u6L6FXw,hsh,train
yov97ukPfk8,hsh,train
ocn79XAp-wI,hsh,train
fyihlBlK9Ms,hsh,train
ckEPtovBJSk,hsh,train
OA5aly0Mauk,hsh,train
8HyVRRpzqUg,hsh,train
X_HKCUQI610,hsh,train
FsDX9x-HRg4,hsh,train
Df8eM0WrVJA,hsh,val
h1dAxhZYHyI,hsh,train
muuvbBzC6Ds,hsh,train
0y2hArahKO0,hsh,train
VvBkNUYwgvQ,hsh,train
3aPLIRMEnFA,hsh,train
2xUn9cp5FZ0,hsh,test
BWWlHsq1EBY,hsh,train
na2XhKjPQlI,hsh,train
GNLs0OyxFik,hsh,train
ru4ZFP2phZM,hsh,train
hTsOYXjXKYg,hsh,train
QgcEkfsXTEw,hsh,train
hlcfmuwzcyU,hsh,train
fsMqbNuPaU0,hsh,train
VF2wTW8pEMQ,hsh,train
_oSIca1CEgg,hsh,test
ZfQsFYM-QmQ,hsh,train
5TQ8Lm6XvUg,hsh,val
tjTfxNgZQO8,hsh,train
iz5SyQmygBU,hsh,train
ezRlYgW9tiI,hsh,train
DhruFdLqqms,hsh,train
QMm4UI4nmWk,hsh,train
VxneyYwv-c4,hsh,train
xuywWIqVNW4,hsh,train
F7kD0stUrkw,hsh,train
Poj-up2pRfQ,hsh,train
7bmpSAS0QIY,hsh,train
0PyopyIgDSQ,hsh,train
GLdaOghQWL8,hsh,val
JvUJ6h2lEIk,hsh,train
-o0hg30-DhQ,hsh,train
dHXDu40xEFk,hsh,train
VDOT3UXEFPg,hsh,train
oGR9ygtWUnI,hsh,train
qjviYDTasmQ,hsh,train
NOqeAyf2ScI,hsh,train
q5TDzycTZiY,hsh,train
RkoND1aHBs8,hsh,train
jkZHbuf4FwY,hsh,train
42OlWT_jLHg,hsh,train
hgWV2qTJ-tU,hsh,train
uywHsZLRt6g,hsh,train
gmZEkn7gx_8,hsh,train
esr34vfIe4g,hsh,train
Tlb6cHYOBGs,hsh,train
67bwqiMNTpU,hsh,test
l2fpr2rxW-4,hsh,train
RnUPSOK50Zc,hsh,train
iSLQo8u8568,hsh,train
v3JppJ1Qg2M,hsh,train
bx3IlxC1MOc,hsh,train
FjHz99le62s,hsh,train
wx4yowaxlQk,hsh,train
mol_wqJ-4Bs,hsh,train
vaDKXzTCTGY,hsh,train
SX5Vn34lSgs,hsh,train
LJNvda_mVv0,hsh,train
37jvjCqCrME,hsh,train
skLHnM1qeNA,hsh,train
tBLJiSNGH_g,hsh,train
7WyodIqKo_E,hsh,train
DiDU9zq2u2w,hsh,train
nQt605VjaJU,hsh,train
JSIKGk2YY8w,hsh,train
bb63_qR1Dj4,hsh,val
KyvP9cpGF_8,hsh,train
HdkTuRfqrko,hsh,train
OJPoGTOvo7s,hsh,train
RwaECtWUhK4,hsh,train
OhXMILHS07g,hsh,train
iY0xt4xHI6o,hsh,train
H56_W1FHpIw,hsh,train
9DYaN4WySX8,hsh,train
A7U_IGArcC4,hsh,train
K6eWXTRahSY,hsh,test
VN_AlJvcLwE,hsh,train
XAwDrlMPNrM,hsh,test
h12eRxgZg5E,hsh,train
WgYGM095aKs,hsh,test
HrPIlKllNXg,hsh,train
SJQ1_8LJeuI,hsh,train
xkKaFVuLJTw,hsh,train
DiD2fZruxPI,hsh,train
LG8vlaJPxDQ,hsh,train
WBPdHuAOmxU,hsh,train
Xz-MzGVNA58,hsh,train
zxFjl_z8IJQ,hsh,train
T3YNSOPI2-Y,hsh,train
whzIWZ8dqS0,hsh,train
7yNwOr2zs5w,hsh,train
59ZGBYdXBew,hsh,train
yXYBfvGcd_8,hsh,train
BGRj-9a6bcY,hsh,train
dM7ubokTQ9M,hsh,train
3cUZvntcopQ,hsh,train
wkKPwObEfj0,hsh,train
S_AQWhM1OWY,hsh,train
7shMmTk3SlM,hsh,train
E5ZrIxjKXlA,hsh,train
X2u2ZlJkyN0,hsh,train
H1hEoF3BNzI,hsh,train
aElLiNDVlYI,hsh,train
bJt-CC18bMM,hsh,train
sq7ZXKezJ60,hsh,train
GuVIdToQw-Y,hsh,train
a_qxtg6DGQ4,hsh,train
8PpHRx3lqco,hsh,train
RngezaKIk0E,hsh,train
gYBPdG6s-E8,hsh,train
dvw_Phb7sNk,hsh,test
qFyey_B_uxM,hsh,train
DBM5vOjDwbs,hsh,train
vPsR58Ark9c,hsh,train
UoRrcy9vuv0,hsh,train
n_Q5OqPmS6I,hsh,train
vV4ZJJYVO0s,hsh,train
TAEdXeE8KVw,hsh,val
FaOS2rYMYJ8,hsh,train
_FTjZhu2nFo,hsh,train
62RhNOI-Ujk,hsh,train
at_86Qdzl-A,hsh,train
UYzdbnFbwV0,hsh,test
JBhqrCSEgG8,hsh,train
e8io4PEJZ8Q,hsh,train
ccuUxwwsKqA,hsh,train
d3LEs7lm_Rk,hsh,train
yXB5YiV_uJs,hsh,train
SRs79xNQNvk,hsh,train
IoMG2qbICkQ,hsh,train
brn-vpV4rqM,hsh,train
wSDZjj2tCUw,hsh,train
YKu8SKA0veQ,hsh,train
-ikVh-E6B6k,hsh,train
OqT3La-Z9rY,hsh,train
4VEESa8O1ag,hsh,train
-4C1ruy6ULE,hsh,train
yFzEZ_lbI00,hsh,train
7XUMYqb57c4,hsh,train
Lp6EU5Xh854,hsh,train
1R6kG5i3fWI,hsh,train
_fcs6DGlOEo,hsh,train
AE_JYx7c6y4,hsh,train
vHW3wnMyFAA,hsh,train
ifebErR-v28,hsh,train
wDswKurzZ-c,hsh,train
cx5tiqB8t0E,hsh,train
ns0xd4HJtyM,hsh,train
HnHS0snsFw4,hsh,train
D2gfOqAgiac,hsh,train
u0qsKhiFKyE,hsh,train
6CkiGKq0a_0,hsh,test
ReQnY9FrauQ,hsh,train
jIjDV11IQbw,hsh,train
y3e5AgFwZIY,hsh,train
1PozVLc4r9U,hsh,val
sf5iJ_3DnxU,hsh,train
-iOMf0LTS7o,hsh,train
xPQufuFcdsc,hsh,test
T2Ieb-mfxpU,hsh,train
fXRe0QHOFaM,hsh,train
g4BL1zPcnlk,hsh,val
TRc0XyZI-Sg,hsh,train
HMCKoRlwL24,hsh,train
CDteZewJDYQ,hsh,val
9r3JMkT7jPw,hsh,train
R7P0qPaCN_4,hsh,train
RwIZJ03cwk4,hsh,train
GTCkrCvWslo,hsh,train
_AtX2NuqT0U,hsh,train
3L5thuye9sU,hsh,train
QuqFealcRMc,hsh,train
jTgolI_0230,hsh,val
3auiGH480tI,hsh,train
gYBn0iVp0qs,hsh,train
y0R4KIxTTTw,hsh,train
CMXFaC6I3O0,hsh,train
GlCILSbhG7o,hsh,train
vGpX4Iq98zk,hsh,train
cXKJAH6_Azw,hsh,train
DHuA0ARL8Q4,hsh,train
y_e1aimisJw,hsh,train
NGKFAptQhXU,hsh,train
sgEjykJyIlA,hsh,train
2coyMreQ7H8,hsh,val
X9yoB2-A340,hsh,train
jMSe1ujUwf8,hsh,train
3j4FwUJQiC4,hsh,test
j6MvZDUzyGw,hsh,train
_oW163u7EWM,hsh,train
bW8FGLou2Gg,hsh,train
ok4JBUasa58,hsh,train
wAJSILjnuJA,hsh,train
un6cxRUnKlc,hsh,train
y3rPrvPIcYI,hsh,train
S-Obt5jJnDY,hsh,train
i-Z3265wA10,hsh,train
IGqtNYY6nhY,hsh,train
wfM2-pKb4vc,hsh,train
Im32xyiSSiE,hsh,train
RwHENdqUlDo,hsh,train
W9sg9bU-0EQ,hsh,train
KwIpeqy_aBM,hsh,val
DN5Uy3DAtuQ,hsh,train
M4urpsWg6SY,hsh,train
3fzUEOcbQDQ,hsh,train
nGLY4T6irtA,hsh,train
ww89yeGOMMw,hsh,train
KNTNSt7PT9Y,hsh,train
c9Vww2IinG0,hsh,train
QIoxV-pfzWM,hsh,train
Njdx09zpaPQ,hsh,train
s31YKIACSZ0,hsh,train
9jK6XYOsj8M,hsh,train
7s5Xhpf6Yv0,hsh,train
PshjSl20GFo,hsh,val
B2nDfLnixCE,hsh,train
pRG8E16LWW8,hsh,train
miJC4jWB7t4,hsh,train
VqiV6x9LkdQ,hsh,train
JYUUESLMlwQ,hsh,train
uA0h9k_ydpc,hsh,train
ti6ogctIqbw,hsh,train
-YTzPYzLxL8,hsh,val
T1TF4tpfnb4,hsh,train
uwVX8HaPnn8,hsh,train
B2TAlCHzUIQ,hsh,train
WUOeHGfL9xI,hsh,train
pAM4NE8k-U4,hsh,val
5Placppp2rI,hsh,train
t_5gIBeFqFs,hsh,train
TQtvXcnjXeQ,hsh,test
V899KF-Wjn8,hsh,train
S1yHKmqUzBQ,hsh,val
5RofIcEjc3k,hsh,train
KlUCciNJmIQ,hsh,val
rF2bA2Wj6NA,hsh,train
BZ7kcK_qpgI,hsh,train
kOVNYlTftJ0,hsh,val
OZGChYtn1s8,hsh,train
C83Xq0u0bU8,hsh,train
g86sYZNFZ_k,hsh,test
TI3clhpkBrw,hsh,train
lPiboxPcXak,hsh,train
LOhB5YNQlrU,hsh,train
hTmHsG3yb9k,hsh,train
ohJdGU_TjaQ,hsh,train
aFgycengFA4,hsh,train
bX-rU4V4ayk,hsh,train
XKXv6Xi_wiw,hsh,train
n6eP8tWdo7k,hsh,train
X8mbey828OU,hsh,train
BbQiNvOPnng,hsh,train
6QUw8uehzgA,hsh,train
fkjZZrTtSoM,hsh,train
ioXalnrsT9E,hsh,train
fSpT9__u20c,hsh,test
RYIHWTn2FS8,hsh,train
AS7_1RNdDC4,hsh,train
oLFFT6KaIJ4,hsh,train
QM4MHkLeQTM,hsh,train
ii0OGXaMx_U,hsh,train
ThV1uaSb6y0,hsh,train
n-DV0avHhBU,hsh,train
MDqgnjSivds,hsh,train
WNyRhMxuwXA,hsh,train
RV0Qb4R7O0k,hsh,train
xkvL3amokPo,hsh,train
d4orOgtTr7Y,hsh,train
_vfklWkuho0,hsh,train
a7Z-fRCVmf8,hsh,train
ajEST48otLI,hsh,test
VOTbvyfTODs,hsh,val
xx-17CjYy58,hsh,train
audBPll7Umc,hsh,train
lE-dpekNOwE,hsh,train
crjyd8Wabd8,hsh,train
BnxtnLeTe1o,hsh,train
hNn2n9iNXgE,hsh,train
n72V8-7Z5zE,hsh,train
T9v7ZK0JOJ0,hsh,train
LNjvFxAUbk0,hsh,train
cqHY-B_KvDA,hsh,train
ZlnodPb1Ouk,hsh,train
taH0zgAX68k,hsh,train
-mjjPxzM5t4,hsh,train
8Xz80ur96sY,hsh,train
q9a_IrSwEMI,hsh,train
OxTRTT6rWzY,hsh,test
jyCBqvAd0Qk,hsh,train
0wWjg7suDAU,hsh,train
pWCAlMmZxhQ,hsh,train
XP05eBLAtlw,hsh,train
-2qOCDLqyQE,hsh,train
4RS0_sfhRyU,hsh,train
rrr28p-EmpY,hsh,train
I-sqgWHeciw,hsh,val
BCspyBh4_uQ,hsh,train
RPHigXBeAHU,hsh,train
-bL1bpuSGFI,hsh,train
DFUyjBB4Wxk,hsh,train
SMjlh-IYjsA,hsh,train
oq1bAJ92WvQ,hsh,train
GJka4fvyr4M,hsh,train
SzTz3CitjRU,hsh,train
_IbyR_FcGiA,hsh,train
GsmMC4XcN30,hsh,train
qoNvYFZ8g7o,hsh,train
cuRxJKw18tE,hsh,train
6An5IvEhdxg,hsh,train
3ud7KsDoNWE,hsh,train
uhdUILuXjd0,hsh,train
EQC-S7B1HC8,hsh,train
I7HtEqpNhoA,hsh,train
XJzJoLL46rY,hsh,train
Hj_1BGiL1Dw,hsh,train
KeoMgoxP75o,hsh,train
ehCh8_5l54M,hsh,train
KRH6iDbJKc8,hsh,train
wcrd3krI20c,hsh,train
4CHtpOeBm44,hsh,train
wMqIyuw31pU,hsh,train
nutMknYxiFQ,hsh,train
qtSurWEksSw,hsh,train
BB2uiZTwHsA,hsh,train
Kb70JhnVwFg,hsh,train
EpFUgzKr1Tg,hsh,train
8wnO7UEDO14,hsh,train
UATo5I1VS6Y,hsh,train
oQV6HTUITws,hsh,train
3lcCfeURMFU,hsh,train
ckUhTV7fa5w,hsh,train
BvAd_03gejk,hsh,train
bFoz28o6P4I,hsh,train
swaDL-xpC2A,hsh,val
B1r08o_-mDA,hsh,train
lWXRDU0JDpM,hsh,train
dSK6e9c6nRE,hsh,train
a5bdQ9npH0M,hsh,train
vnPoVjiud2A,hsh,train
cHjNoCQtT50,hsh,train
h-v_ZvoNVRg,hsh,train
57u57tMvhQI,hsh,train
BwkatIg9xDc,hsh,train
fdPAa0TOxQg,hsh,train
UELwFmhO6WU,hsh,val
1V4fgni3b7k,hsh,train
Ow9wMEH91fc,hsh,val
TKb0hMcuRzY,hsh,train
1G11Cb2SPCg,hsh,train
WX7UTpH3-bQ,hsh,train
q58yKhthHsc,hsh,train
e77hERTjQw8,hsh,train
c7eEfzLB0_Y,hsh,train
zct-q-Uqy-w,hsh,train
nwSBnlos1w8,hsh,train
SJHzLm3pFv4,hsh,val
mgZZ-Onuj6g,hsh,train
TZuUK-aIaMk,hsh,train
nbLEwcYVn38,hsh,train
8V4TvsZwY4Q,hsh,train
T110fMCYE9s,hsh,train
LVo5zVzOV34,hsh,train
3q4jwsYF3S0,hsh,train
J_aZ2P4eWSY,hsh,val
ZBqU0o5lp7w,hsh,train
PeT8XZgHgco,hsh,train
Ecx3CLR5O28,hsh,train
9eH-abeZ8-0,hsh,train
wdrMeJ4k4p8,hsh,train
G0ddeXXsWko,hsh,train
1m90lFIJSJM,hsh,train
5MFgQ8AbVPs,hsh,train
0yei-EutgH8,hsh,train
AD6-dy1erdM,hsh,train
2WM8mQa5HrM,hsh,train
H0MijjZLY2I,hsh,test
DQX2ogTJH7U,hsh,train
fA-X6P3-7Hc,hsh,train
BriVs6FnN9Y,hsh,train
xkpmqxLQReI,hsh,train
9a7t2k4Nu28,hsh,test
9vUCjGjxQG0,hsh,val
n2Xa9WH2b1Y,hsh,train
NikM14YJUqg,hsh,train
_ANtMWdL_Gg,hsh,train
bYrFtSyzQG8,hsh,train
ogQe3rxV8Zg,hsh,train
QEOoXB5eBdY,hsh,train
V91qpfpMEug,hsh,train
BhMdR8mDZAk,hsh,train
0spc5jBqXA4,hsh,train
hZaBVdr0gXE,hsh,train
-eW-a_SsvBE,hsh,train
nlXhyG47yIw,hsh,train
ObEhfAJSPrw,hsh,test
CTuYoL9FzGY,hsh,train
DKORel6eLro,hsh,test
Sz87RTsF0e8,hsh,train
qon_qI2bcBo,hsh,train
ysEkm491YO4,hsh,train
jdrA3Btanew,hsh,train
zWlii0MLYIk,hsh,train
hQj7QBvwm2Y,hsh,train
t6h448iBpcs,hsh,train
yJpgNSKiBHA,hsh,train
sz3gGd42j9c,hsh,train
dGTdIpAQpdQ,hsh,train
ssRF4ncm2eg,hsh,train
lVTVVIuSt20,hsh,train
JmWBJOCCa7s,hsh,train
a_ZWgvjSMY0,hsh,train
ZtgoXYlMlE4,hsh,test
LZWz9PJb_74,hsh,train
Sd1qTTW5IFE,hsh,train
whmGLuQkI7k,hsh,train
URzwW4EQvb8,hsh,train
z2RJHI9bDYw,hsh,train
F91VbQ48NX8,hsh,train
mEjV4nawsWA,hsh,train
LWcFeumYrP4,hsh,train
Nwz8j6abCEA,hsh,train
qYBCOPXLz3s,hsh,train
0OkUiO8e5yo,hsh,train
-Cqve5Z-Cf0,hsh,train
c7TPJCAPxws,hsh,train
as_3sWH07Fw,hsh,train
g-drH1JQc7I,hsh,train
dyhrzv6g04U,hsh,train
2YQt9YMam-Q,hsh,train
zONFoN-NjGI,hsh,test
-7OTZpBpTAE,hsh,train
7mDaZoCHmRs,hsh,train
1UUn5uEhswM,hsh,train
zFCLh31knsc,hsh,train
rrvRKPyfX7o,hsh,train
oP9OMhZa3Pg,hsh,train
rvyuY2VkZs4,hsh,train
io7AZ8BkvD8,hsh,train
5mmqMa5LhAg,hsh,train
ciNY85pVGRY,hsh,train
YsWH0pePeNE,hsh,train
TPvuYsSyp2c,hsh,test
KJhsAUZHYGo,hsh,train
cWOP7dFMUd4,hsh,train
zMTOAxEoA-Y,hsh,train
HmRu3-TUho8,hsh,train
QHWLXObhE9c,hsh,test
y2i4eor3YVk,hsh,train
hMqxUhawDbU,hsh,train
1Gw0XlA_azM,hsh,train
znDNYTq9jHA,hsh,train
pDo1uu_gb_k,hsh,train
p6VDzw6QZ8Y,hsh,train
41CJnHVYpHk,hsh,train
a8QknRbzEnw,hsh,train
MErWU5pgRO4,hsh,train
mCI7LnCEWNU,hsh,train
3MToARqpQlM,hsh,train
TCpTNuiIozY,hsh,train
Fn013C9fm3c,hsh,val
6rGFR9xWcRE,hsh,train
A8F4Xkwjrv4,hsh,val
FZr99vcwueA,hsh,val
LpYTqFB8Tbo,hsh,train
iLbtJIyvxa8,hsh,train
i-qoNdRLTig,hsh,train
KgKL7tHf3cI,hsh,train
PUmuL9tvRr8,hsh,test
FZuXO8VJzV4,hsh,train
UPRLgtNwkII,hsh,val
cHV32lVuYkM,hsh,train
09nEp-2jfYE,hsh,train
qNz_K1TnUcM,hsh,train
N_wei5yIIIA,hsh,train
wpBBDUIu134,hsh,train
knHgK842v7A,hsh,train
A197rKnDsxs,hsh,train
APAk5HMZ4-Q,hsh,train
3tyRUJEhX0c,hsh,train
jttVOAHJuBg,hsh,train
qZLb_HHQtpE,hsh,train
lVxclu9u5nk,hsh,train
9gNUVV_Zmfw,hsh,train
5MgqnvmpdjM,hsh,train
s_q1vcdW-lU,hsh,train
PIRJcIQcqxI,hsh,train
WuIjG4gJQH0,hsh,train
sEg6yHq-mUE,hsh,train
m9OSnytTLok,hsh,train
kmMwlqMX2WI,hsh,train
w_fXBprvnH4,hsh,train
66Y9RyRtpg4,hsh,train
kfhfY3JDcSM,hsh,train
9jzu1RTlT9g,hsh,train
TWjIsUeT1OI,hsh,train
AYQMQF7YJoM,hsh,train
kZTAPoP7qTc,hsh,train
jhgGEU7Yd2Q,hsh,val
DvPkxFHwj2Y,hsh,train
JPJoJDu3vhw,hsh,train
KBHa81o9dv8,hsh,train
1hf91jlRbIk,hsh,train
fAtyYDJtS7Q,hsh,train
ysBP9CmrtDA,hsh,train
R2XeTyKoKig,hsh,train
WgI3SDOZTMU,hsh,train
vuu-_4vH41A,hsh,train
JRJEd_lktRY,hsh,train
TO8xh1UxOUs,hsh,train
9eCLsbh5T-s,hsh,test
gPzOacHMOfA,hsh,train
ynrp-BXntOI,hsh,train
KuUFDqmp1vY,hsh,train
3ZJHWp-hLZk,hsh,train
CnOQw-TCt_w,hsh,train
mQhHdj2pxNk,hsh,train
dI8BFizA080,hsh,train
YazI3Z622bA,hsh,test
RS-KGsh2V9o,hsh,train
177KYluBo9U,hsh,train
201byg5D-xQ,hsh,train
JLIPjxb-hXU,hsh,test
Xi1ppnxpUW4,hsh,train
Hvqcs-hE-Yg,hsh,train
Mx7e8-eXvGo,hsh,train
bIsBpBC7gAY,hsh,train
E3sU1OzjRR4,hsh,train
xmpWz30TKyY,hsh,train
WKUBLpnRKb0,hsh,train
oql1eDS7bwg,hsh,train
OzQDSZnbtIA,hsh,train
MMYK-n2GJLg,hsh,train
-erXKNfpyhA,hsh,train
Wa6RcysQhmY,hsh,train
J-XbMGaZOpk,hsh,train
cKMrroK4H-c,hsh,train
S0whRcMODaw,hsh,train
k8OZXvHm8os,hsh,train
-qat_aV05b4,hsh,train
XxyoPWQiNdE,hsh,train
mJyDWWLhR4g,hsh,train
aJFU-op-hAs,hsh,train
c4TA__awTOA,hsh,train
dMUm36blgzM,hsh,train
QVfFqyIxYgU,hsh,train
mqHNSUnwFlQ,hsh,train
3UCc1VzgpHI,hsh,train
QGZ5VNuAcC8,hsh,train
OBoYISqQL1E,hsh,train
tjgWVsAA3mU,hsh,train
9tfYwKG7OzI,hsh,train
xLgZVEVP6Aw,hsh,train
VW3PXMYyU-I,hsh,train
SLCM9VYQF9o,hsh,train
pU1oEX64n5o,hsh,train
l6Q9y72XEOY,hsh,train
gD_vgdaYOsQ,hsh,train
RTtEiHd7RUE,hsh,train
NH3Y9qkHhfM,hsh,train
mxOpsnpYJJ8,hsh,train
g4oHfU5ZJQg,hsh,val
PpEJyUJCGNM,hsh,train
8WhotMB_78k,hsh,train
YDvwm9kA7lc,hsh,train
GNshDs-aWJY,hsh,train
hx5E-REehP0,hsh,train
1Lwe4cE1_XE,hsh,train
R7d5WkifiNM,hsh,train
KCtDadxXZso,hsh,train
BWiagIMPECE,hsh,train
9lhpCHwJaKc,hsh,train
oZsWgofNxIc,hsh,train
aGRk0oQye7M,hsh,train
SZ0A3oy3PzI,hsh,train
9m46m6eI68g,hsh,train
4hm8Y9tUT0U,hsh,train
hgFYBd81hSg,hsh,train
cy-OS30O2LI,hsh,train
QMy8WRX1dPw,hsh,train
j094SPfk-bE,hsh,train
2hpELtgVx7w,hsh,val
GrHx2yBmQGM,hsh,train
wlvnW7vyH8k,hsh,train
sgmmS5F_XqI,hsh,train
VhuDIGfnt6w,hsh,train
uJl8rLulmF4,hsh,train
DG6tX0E8NXw,hsh,train
SMJcFI2KtYM,hsh,train
dTLKqQndNZA,hsh,train
si7jlAfZJko,hsh,val
PvwLIafc324,hsh,train
FaQLkdKOHzw,hsh,train
tmryW2pdqyA,hsh,train
6jMA3TEoPfo,hsh,train
NvemRRmEOgM,hsh,train
r6xIsEGzrwY,hsh,train
G8G_O6ZIXP8,hsh,train
a0LbLpB3XJI,hsh,train
dgtnHnqo2N0,hsh,train
fPmJACaTU6c,hsh,train
FRQch3r3FRI,hsh,train
isanv09J18A,hsh,train
Yhcz9vpsEuI,hsh,train
56GbjeQcKuA,hsh,train
ajw4_NKyezc,hsh,test
Zpe02u_EgdQ,hsh,train
aVG1jwiFnuM,hsh,train
SZsSwz0fquk,hsh,train
O_25CzfPw1M,hsh,train
_8NHkMnv_a4,hsh,train
XEJNrNYmy6Y,hsh,train
xycuPlo91zo,hsh,train
STNLbTFnUjQ,hsh,train
utaW1SpEwuA,hsh,train
YvVXWMrEaZg,hsh,train
qYA1jQ5xJGA,hsh,train
p9fRzoc58CM,hsh,train
YnqHYcqgQrg,hsh,train
EnIJhX9lGe4,hsh,test
LMlNQdcQZNA,hsh,train
KmLxqgMr21o,hsh,train
E9Wyg7DHz8g,hsh,train
83UBWYEX_54,hsh,train
WkaElpMnBQE,hsh,test
ued1xzZRl_w,hsh,train
R4XYBRQK0_Q,hsh,train
6T6l8BdxC90,hsh,train
ZYDU7PWu7sQ,hsh,train
3DncBNaOHO0,hsh,train
9Qt1K7290cM,hsh,train
fwmqeB0xB_s,hsh,train
DIZyvAegRmE,hsh,train
7aEeb7rmUoM,hsh,train
xkPziLoCIPE,hsh,train
JhzT2xZ0BeY,hsh,train
F2AnC3WYHmw,hsh,test
9ajy6loFWfY,hsh,train
HFmmKGheio8,hsh,train
syqZquwyHYo,hsh,train
0fO6_QOBC8Y,hsh,train
WP0wcM85Uyo,hsh,train
KG-3sR0JOcI,hsh,train
IG6SN6s2U9w,hsh,train
5CPzqyMuKbo,hsh,train
1mRYOCgFouU,hsh,train
4YokzkTDeKg,hsh,train
lCKRtv72Lik,hsh,train
TBGfITFr_G0,hsh,train
qyCpYZoxF3A,hsh,train
rQDAjZgsGZs,hsh,train
LFSBW3Hm2PY,hsh,train
dGmEXCTelus,hsh,train
QGeKlyACkVw,hsh,test
W9QsARXu368,hsh,train
qen8iQyiit4,hsh,train
Jug8WeWwihs,hsh,train
l82OI9UkoVQ,hsh,val
SULtKO194I4,hsh,val
kZKG_1F0LjI,hsh,train
JPlg_iUPHPs,hsh,val
udZodKkL0jM,hsh,train
Fcg-fg_DOUY,hsh,train
X4k7mUCtbX8,hsh,train
7q-c67W_zhA,hsh,train
h78oZ7f2DFs,hsh,train
TauznNgfH8E,hsh,train
D4CQJUIVyAI,hsh,train
fIT43RUbXJc,hsh,test
wPzZ8qMCFYM,hsh,train
_wYdu-7NrY0,hsh,train
GCyJDmFjmIY,hsh,val
zEbXALwaaFs,hsh,train
v6mhQ98NSmw,hsh,val
53cLBbfjuWg,hsh,train
7xM6FDzwyb4,hsh,train
C8YufrACB_4,hsh,train
C952R-0hwhM,hsh,train
zHT4kBEGkU4,hsh,train
4OWnNCY-riU,hsh,train
1sml3ltiPdk,hsh,train
p8omn1wACb0,hsh,train
twWKQwHRAXY,hsh,train
1sJgjoqAH54,hsh,train
c3A0gPpxyvs,hsh,train
3XZd-w68A-A,hsh,train
fIbKsgx8tSM,hsh,train
OiUVmW-SWg8,hsh,train
D8gFX8hiM3Y,hsh,test
-9FqOdOau8A,hsh,train
-mox9x3_nRg,hsh,train
DbXegzvuIYY,hsh,train
PaASzS_5Lw8,hsh,train
dzkHc_IQJ4M,hsh,train
TEvL69xIwjg,hsh,train
Eo8Lcn-ze5Q,hsh,train
CJDYckF_cG8,hsh,train
gh1xoX-CTT8,hsh,train
et8l0IFYOL0,hsh,train
1ars0WWLX8Y,hsh,train
Og63OQ7wRJM,hsh,test
CHC_UuD6XDI,hsh,train
JQNePXqXhjQ,hsh,train
r_D0FBMXv8Y,hsh,train
Ir-a4CE6H0M,hsh,train
VeE6nKlVVNA,hsh,train
z0QV5tW9NHM,hsh,train
ydshEbvX2so,hsh,val
s7dBqbElxxQ,hsh,train
aqKV_Jx16i4,hsh,train
FAeF-2UPdmY,hsh,train
0shy_yKSqZk,hsh,train
ln75iGaUQQg,hsh,train
TMY9yMvY7CU,hsh,test
AGMV-jrqgos,hsh,train
AcAjpTutUSQ,hsh,train
7ZhQB40YboA,hsh,train
z08isvKwdtE,hsh,train
RHDKtllpIcg,hsh,train
X4CQgD598QU,hsh,train
AbFtxnHHiwk,hsh,train
Qmz75oRhsYE,hsh,train
cz1n3UjXROc,hsh,train
KeHI_4LD2m0,hsh,train
NNuJEsTf9J0,hsh,test
_8NHaasp_C8,hsh,train
ZF6mfSmgr0A,hsh,train
YfNueTuzki4,hsh,train
YZJcdcE9r04,hsh,train
HKmINXomhmo,hsh,train
omuocZvkYTo,hsh,train
cc1mMA3VW_0,hsh,train
bJ6OxufJZ-I,hsh,train
HdSxGjk2SBQ,hsh,train
Fhm5-k7oCJY,hsh,train
dFp9KZAAt08,hsh,train
fgNvNtxysQ4,hsh,train
bJ3J7WFcSbg,hsh,train
kRuFCnqK24o,hsh,train
Dje46UpPvFE,hsh,train
aJa9ycaI2dw,hsh,train
23RlEnr7cWU,hsh,train
DhlLpyCNyvo,hsh,train
Xp9vK_Po3c8,hsh,train
tVdfrBgZqqM,hsh,train
FsVXc60XKDg,hsh,train
___AZdytlQI,hsh,train
vYbldmZfZ2Q,hsh,train
xeNrKvJvNBI,hsh,train
3iTWAVO8BNg,hsh,train
ibpEgz-fJr4,hsh,train
VdRSD0bbArg,hsh,train
CHP2uVmY6II,hsh,train
Ekuf5cV6QKo,hsh,train
nDZ4EGSwQOQ,hsh,train
4gX0G534BrY,hsh,val
XSe8QMGT27U,hsh,train
J6KNFSnzJtI,hsh,train
w5NnAAl35J0,hsh,train
nPOhZcSJHRs,hsh,train
lg8MHoYejqY,hsh,train
FnlbFzTUQuk,hsh,train
fwzFVex9wKo,hsh,train
5FezCwHRrHM,hsh,train
g0BSB-x0VQQ,hsh,train
igoRK4cBSzk,hsh,test
EdkHsbdsmSY,hsh,train
KHkC2G_VEkI,hsh,val
aCrGHNQmu34,hsh,train
z8dYIh64lz8,hsh,test
Toyvqhv08Ts,hsh,train
aSzKg5bTpTo,hsh,train
K4lE4HHzK4s,hsh,train
h-30ufQi6Oo,hsh,train
cjcw7sZy88k,hsh,train
W3vk2q4DLjQ,hsh,train
m2-9juFV8iE,hsh,train
kg4AbOiFCqo,hsh,train
s6CmTSJhx7w,hsh,train
vTwJw4BKHh8,hsh,val
uhnS19XdTJo,hsh,train
bFjSjk8TJGU,hsh,val
XD1Ng3QXK1k,hsh,train
BVh0unKCEKQ,hsh,train
kmtpa1GC6dI,hsh,train
20jcz10-yRo,hsh,train
UzI8nrtdOLw,hsh,train
dt-97_xMXd4,hsh,train
3ME1xMmnxFA,hsh,train
xVpCFBAG6Rw,hsh,train
ikH1Wp0v7VQ,hsh,train
CHWyMLHJtUA,hsh,train
VTTdP1lnKcg,hsh,train
3AIwjaYHrH8,hsh,train
bVChyfMvOl0,hsh,train
FfuThSyC5Xo,hsh,train
e2speKK5VR8,hsh,train
_Wd7ViVna_E,hsh,train
NLghycXEEfk,hsh,train
4LKI1AqkeWU,hsh,train
agn7tykUFjE,hsh,train
76Bo7-Wxmqg,hsh,test
Ob3mhDA10yI,hsh,train
GUnOBonCcwA,hsh,train
1AIzxgKwQgA,hsh,train
urcp966sZIM,hsh,train
9EcdUGqMAYQ,hsh,train
0OSuc19QPVM,hsh,train
r7LgA18e_04,hsh,train
Qme3cB5F6SU,hsh,train
UiG4_ZLl3rI,hsh,train
MLps5SlCHCs,hsh,train
xyGnGZaJfbM,hsh,train
NdEBfmkYv_w,hsh,train
A2O1-QiAgzE,hsh,train
o_NZywYH4hQ,hsh,train
alcV_oPpJDc,hsh,train
x2d_6Q8uUcc,hsh,train
wpbXebqU4bU,hsh,train
Csk2holInew,hsh,train
DAyYByOoRL4,hsh,val
n-_lh7ks_CU,hsh,train
NpOYEhaxDqE,hsh,train
JyhSoF7OPd0,hsh,train
iUMoVpmbld0,hsh,train
eLseN1b4oEc,hsh,train
gAbCUufNkH0,hsh,train
mDolU3ifGHI,hsh,train
Hf8oTOGfkkI,hsh,train
Q2I_vSIvfgk,hsh,test
JihV3Ht_wBg,hsh,train
iu2BJoWMdK0,hsh,train
OQUbSIj1KN0,hsh,train
MpvjIGiBOlE,hsh,train
HwAojQNf3-Q,hsh,train
_2Jb69-HmQs,hsh,train
iiah9kJScp4,hsh,train
Kd_PaCEERgw,hsh,train
f7iX85lsHZI,hsh,train
yH8wshTobdw,hsh,val
aENV3hnMTpA,hsh,train
thE9Uxzuvlw,hsh,train
OelrVcmy3PE,hsh,val
1yHXIGS8HCo,hsh,train
ML414LW4Hps,hsh,train
gZ4DJh3XcKM,hsh,train
jfTmHuxfAZc,hsh,train
mKgFGSr1F4I,hsh,train
g0SZA6bXMYQ,hsh,train
_NuSDJGRr0Y,hsh,val
deP_hBq9OZE,hsh,train
4xWpY13o9pE,hsh,train
P-ECsWB-qko,hsh,train
KptesJmuRw8,hsh,train
Isas2LbJsSk,hsh,train
l5EL57aapHs,hsh,train
IXdiwpewduo,hsh,train
sj5NLH4gnSc,hsh,train
KDjkDzshVuw,hsh,train
HMGBYpmLatQ,hsh,train
vjJVOk7dpWI,hsh,train
_mRVD71iAmE,hsh,train
4rnQRL8VkYw,hsh,train
uMfRpvfrLgo,hsh,train
CCOxJ5GCOtI,hsh,train
wG64w1_R6UE,hsh,train
dyOlFefxQvE,hsh,train
fYD40WPplgM,hsh,train
jKQikB0Z_ZE,hsh,train
ueHEShVCYIw,hsh,train
JneN_T8wZO0,hsh,train
FkU5yg73scs,hsh,train
x-8ng_Feda0,hsh,train
aqJ-KZKw2bk,hsh,test
KqlI4bdB16M,hsh,train
tEp7zHelp2A,hsh,train
toXR1GyMpp8,hsh,train
mxUf-75UY7s,hsh,train
o5JDjF-BSN4,hsh,train
kOie3gtjuSs,hsh,train
PBvPMbmTdLU,hsh,train
xVDRDuSVHfk,hsh,train
ZDQZevi4lFk,hsh,train
JCgp1Z84Of4,hsh,train
P7U1slNnPHg,hsh,train
b2hxqWofY5c,hsh,train
C4rraCk26f8,hsh,train
WvGMoSwG-R0,hsh,train
F7YPEEkrssI,hsh,train
YjFUwe39Qzs,hsh,train
kXRzMF3yl4E,hsh,train
toFMzk_Bmc4,hsh,train
lA3cHj3yYAo,hsh,train
DoagGPqMKa4,hsh,train
pTDMFMnCwe0,hsh,train
pWBChztsFQE,hsh,train
des4iepVGJo,hsh,train
ptWwQsYxAcY,hsh,train
rk0HLJs6IR4,hsh,train
OhgINiaNOaQ,hsh,train
og4aaPGYv-Q,hsh,train
s6_6cMawzdE,hsh,train
R7VXKrrg4_I,hsh,train
2_d_P_hJeGs,hsh,train
6OAcl3z2my4,hsh,train
Yo3ZRA8_TJI,hsh,train
CZxE1-R--ZY,hsh,train
gPVR4_h0J-Y,hsh,train
bMHpowv2Apk,hsh,train
oWzRBBnhJKE,hsh,train
P30Fq2973Pk,hsh,test
UlcuquVFlnk,hsh,train
thUwXBxcSCc,hsh,train
B_s7U1OlqmI,hsh,train
Va3oQo6qLiM,hsh,train
g29xuVJDNFw,hsh,val
iZPEIX_egyc,hsh,train
bjOSJbebb4g,hsh,train
UkFmRnOP1BM,hsh,train
1i-EXqAW414,hsh,train
oEB2BlXvkns,hsh,train
Bk1IqPUHEAU,hsh,train
VuKBmD50278,hsh,train
Kqh_bNdVQNk,hsh,train
ewuF702jvqI,hsh,train
Kkb0MjSN1Hk,hsh,train
R-3S9uZbrAk,hsh,train
UziUavFY6wo,hsh,train
hJD5ECddnbQ,hsh,train
sivZNW5bCu0,hsh,train
IhtTg_UUB-Y,hsh,train
UFWuIKlGNEI,hsh,train
q_KyfZK0Zhk,hsh,train
qff0Ch54aQY,hsh,train
_1KJqwaE0tU,hsh,train
ZcE-fMtf8_U,hsh,train
bmNySDNVG4s,hsh,train
515sEjJ6WAM,hsh,train
nK3k__ooVRY,hsh,train
viWTtoabeAg,hsh,train
Y1OiTlKRcp0,hsh,train
0AzumQYaplE,hsh,train
bdQIn2xWSWQ,hsh,train
K6Ea0u3AVwI,hsh,train
Tj6swakNxcw,hsh,train
lmfDgSp_TBE,hsh,train
MD052K1ADv4,hsh,train
T4GG-qyvSrI,hsh,val
NypiB1x3Uq4,hsh,train
z9z_7VNP0Ks,hsh,train
gAtJLfqqne0,hsh,train
1ZQMudaECck,hsh,train
HAhh_ArM7uk,hsh,train
Ou3FSqoMAQo,hsh,test
MBpTN6Kx_U0,hsh,train
BAB-W4OCK98,hsh,train
-hHppvsE8fA,hsh,train
cp5Gu58Yzb0,hsh,val
XC3jVp8wbyk,hsh,train
3egZRl-klm4,hsh,train
0aVbs30Dg5M,hsh,train
Y1OWshPGRE4,hsh,train
NmBekMryvDA,hsh,train
LqdiwBkUt90,hsh,train
_4RvsDJPZUA,hsh,train
0bQTc43lEIE,hsh,train
cIvDtPtMCPQ,hsh,train
XEoLvswgYr8,hsh,train
y7YD2D8jT6I,hsh,train
IFzYjkTcTxU,hsh,train
GWXFMySZZ0Y,hsh,train
OWCe2XKCdAA,hsh,train
IBzflrSq-es,hsh,train
tPKz_3GMktE,hsh,train
CteK1wTRRck,hsh,train
J8Lese2MdCw,hsh,train
_FZVGQkviws,hsh,train
odzNoo81qq4,hsh,train
OIgTioK9D3I,hsh,train
MpY3YgXdtnc,hsh,train
cbYvMJMUWMw,hsh,train
-12pkZ5SLdM,hsh,train
Q1Ws66nbIPI,hsh,test
1uH2FAFqAI0,hsh,train
lA2Hxi8Anyc,hsh,val
3d0_i7UMU9g,hsh,train
8uHGWY7JVrQ,hsh,train
NUj7bZZUeak,hsh,train
O3loMr6kuyA,hsh,train
tRQD5Kshpdo,hsh,train
WKZAtAI0agg,hsh,val
_1V0vL3dWsA,hsh,train
GjdcXJdOS5U,hsh,train
pgeA6sYYCyg,hsh,val
0MqpDWoZs8w,hsh,val
QeiH2YxyBvQ,hsh,train
xyNQaHtUzt8,hsh,train
9se4-NzLWjg,hsh,train
mxgq6ySVjWk,hsh,train
nLLQAWM8mhc,hsh,train
Nun1i0xfEbA,hsh,train
MeQ7LEYVk1k,hsh,train
5RQJ0FpZP7g,hsh,train
5GGwdPPNQDc,hsh,train
9LGwajNgGK8,hsh,train
LX8mDxwIjAw,hsh,train
GkvueGOWJ-w,hsh,train
EAvEanSCnq8,hsh,train
TXFVPfG5nyA,hsh,train
JAanmiMbX2Y,hsh,train
KgWo97A5RXI,hsh,train
BBFt6AHny9U,hsh,train
oNszmWqfQcQ,hsh,train
ljFP_fG6-yQ,hsh,train
Sb5iAbwSmTM,hsh,train
6SPIDO6bYjg,hsh,train
Dvwb3mNxoCw,hsh,train
gsK9L8iOkOo,hsh,train
pi16QhBR9vQ,hsh,train
5ouHy7CMrd4,hsh,train
bKIQJJX_qiA,hsh,val
r0TQ90jsf0A,hsh,train
yIKpRjmoFUw,hsh,train
2C8iyyc8_uM,hsh,train
EIOUiGGmX_4,hsh,train
NslOWSLtwLs,hsh,train
EGT0qZrR28Y,hsh,train
2c1IquG_b50,hsh,test
nDrriR6skuw,hsh,train
F45LiOXpkzI,hsh,train
Bz9XJTkNx18,hsh,train
sYr3qGgXeZA,hsh,train
YRQUzMFZcMI,hsh,train
zcQR2FPtL2c,hsh,train
xBoh5fIlnIs,hsh,train
etUb2V1oWLU,hsh,train
-TOGwnIIdrk,hsh,test
0CqPvNheE9A,hsh,train
NmNhqO6aBO8,hsh,train
Lk9XdoEG-6g,hsh,train
22j18X0L5FM,hsh,train
WQw-pheuE78,hsh,train
8sxd_Y9DHf4,hsh,test
m8DWWlhoTE4,hsh,train
5ECfYPjrW9k,hsh,val
_LqBjFaQSds,hsh,train
hcZn_qhbEuc,hsh,train
Pg3_D7zJ6iQ,hsh,val
etPLwiMZ4co,hsh,train
cQRhIQuvNXY,hsh,train
UY2xsZgh618,hsh,train
G5cobNUhq7w,hsh,test
9UnCUbMCTKE,hsh,train
f9LZTlQyNgk,hsh,train
86BnCGdKq0g,hsh,train
y3idQYNgKqo,hsh,train
Rz3ry-eNwds,hsh,train
nS8E25LgbGg,hsh,train
653LEgBKbZg,hsh,train
f7OwmOm2xSk,hsh,train
G_lrySDFv1U,hsh,train
udbJnYMbido,hsh,train
8QD_DLbUyPU,hsh,train
6j3nc_CWeps,hsh,train
f5HXvRdGZoc,hsh,train
85lluuoJo4A,hsh,train
PACDtY_NJoQ,hsh,train
fCBCde3twZI,hsh,train
QxWcuZsl8Q8,hsh,train
ihEix-18COs,hsh,train
A7cI2xGeSp0,hsh,train
zaQCx47ahmo,hsh,train
jhz78UxMHuc,hsh,train
pFMbxnF4KQE,hsh,train
AbIwv5EWtkI,hsh,train
-fAfxbjfFrY,hsh,train
N5HP4gZWNjg,hsh,train
qcgQjxY1O5Q,hsh,test
qHrOyd-5Jzg,hsh,train
pjiSxjgYwuo,hsh,train
7uec_1JqWls,hsh,train
Frm9wTyzxQE,hsh,train
ncEw0YL1G2E,hsh,train
TxdPpvK_Yds,hsh,train
Rnk-gBj7RgQ,hsh,val
uNjTf-Y31-o,hsh,train
JVRa_oXMxnQ,hsh,train
YIHaiXPKQOA,hsh,train
5ftUpJnSD6s,hsh,train
RXtNZYprRvI,hsh,train
VyH-hWXMtRo,hsh,train
hziiFxeL5xc,hsh,train
KqiBEAQbyv0,hsh,train
IGd_kk37xqg,hsh,train
WllVeIqN9H8,hsh,train
7PW2m9l68dU,hsh,train
N34D_FwIL8s,hsh,train
RhvVnIuAdLE,hsh,train
QK3l7FdmE_c,hsh,train
vGbQ80o2rP4,hsh,train
PthK3Pcyi2o,hsh,train
vmKmWoROpIM,hsh,train
QZRZoP3t-NA,hsh,train
hDItrHK4-vU,hsh,train
KBfo3BrCg1Q,hsh,train
Gl9F_JYBCWk,hsh,train
Gab5AN6QB5w,hsh,train
Mbqw5H77JiI,hsh,train
-OBj31BoLHo,hsh,train
AiC7TyVXges,hsh,train
JSwOlu_F-iw,hsh,train
_jZDVlQ4MXQ,hsh,train
AZvc5C18TA4,hsh,train
sakgfUtXnUA,hsh,train
bzKNGZtePNM,hsh,train
V9AsHFtfLPI,hsh,test
l5elTb7SaSQ,hsh,train
6LE4FWNENfs,hsh,train
ZY35VTqt6wQ,hsh,train
FFg_ylRDDjQ,hsh,test
y3csSBKiums,hsh,train
l4UpXfRIGOs,hsh,train
6VUBUr-PgPU,hsh,train
pW54jiRNNRA,hsh,train
wIEbxU8zaUM,hsh,train
U_9XrqO7D-E,hsh,train
mkMFkfQnkvQ,hsh,train
J2H3Yg4y_fk,hsh,train
wAJ-4-lpePc,hsh,train
6sBOqx-3z10,hsh,test
CVje5obK8JM,hsh,train
WMxozuAEIg8,hsh,train
RC8Mkxt3PpI,hsh,train
Gq6NftUCZ2s,hsh,train
3pIz_INLh80,hsh,train
cRZ68VCIKgQ,hsh,test
dIWhfXrWoJg,hsh,train
v3aqNbpfckk,hsh,test
P-6wPj3R864,hsh,train
EY3u5CFc31s,hsh,train
QQcg72TU7Rs,hsh,train
TZgYKzWYgoQ,hsh,train
0j0dQ2KgClE,hsh,val
36MvywyosMs,hsh,train
OxbmvTHTUAo,hsh,train
le3AJS0wPx0,hsh,train
k-_99mzxM4U,hsh,train
YPqd-_rB74o,hsh,train
prV59bhhv2c,hsh,train
sm9w6IDm9oI,hsh,train
KCBktOKTi7A,hsh,train
Q6zrtffyKWA,hsh,train
njF-Eyzjsak,hsh,train
oGTCgKQygs4,hsh,train
rN9mTsIHXuE,hsh,train
Qsd6_5TPYwY,hsh,test
di0zYi1K4rU,hsh,train
RQ0w1Pn4mco,hsh,train
d8hKHMjCqnc,hsh,train
5SNMPjYnnvU,hsh,train
Y3wfOaID5yc,hsh,train
JgzL5RyR_IE,hsh,train
WxF1Y55hzcs,hsh,train
OZA3jwz8isg,hsh,train
pfEF7bX9xxU,hsh,train
Q70Kz4o54GY,hsh,train
zpHhc46c-_M,hsh,train
qJOWPfRfiuQ,hsh,train
yPYmzRtVs14,hsh,train
F3uAp0DkoNM,hsh,train
mO8kzdUSweM,hsh,test
24KPwgi6Uyw,hsh,train
2S3RJji-__E,hsh,train
GOYmn-MjNwo,hsh,val
nCp0J1PnpWo,hsh,train
pcq5MubNAwU,hsh,test
BQGZ_bKER98,hsh,train
UTuSWjI6_aU,hsh,train
gV97RP4oG2s,hsh,train
l3JZmpyhQtU,hsh,train
EF2o07wuDxA,hsh,train
HBkObp0k9HY,hsh,train
IRsY7HZg69k,hsh,train
vf-fzKITrQo,hsh,train
kAxpyryNuQc,hsh,test
xA8aKdy2ZKg,hsh,train
Qcghth3DOAI,hsh,train
OEFAe85T_fw,hsh,train
7g_QZGw57OM,hsh,train
0YdM9d948qc,hsh,train
NZVPqPNQNJY,hsh,train
iAOI1iCZ_88,hsh,train
wgo49B09_AA,hsh,train
buRI_ZrmEII,hsh,train
ytpSBEgSjE0,hsh,train
FTlJ35_u5p8,hsh,train
D7kKBWxddAE,hsh,train
lyiq8jt-ktU,hsh,train
Wvphz-FZ4io,hsh,train
SpIsqKBfGo4,hsh,test
tx01uoYPROw,hsh,train
RqJVSGJvBUU,hsh,train
sQcZAmc_6LM,hsh,train
aS6FH0znzDU,hsh,test
R3dswIOqw-k,hsh,train
9jayLyEdeK4,hsh,train
KgscO4GpJPw,hsh,train
Rp5LHXUBDY0,hsh,train
Gg7UVx8_M3I,hsh,train
e6me2Gxt8Yg,hsh,train
7gyF-UrZq4A,hsh,train
fS_VxWR1sQ0,hsh,test
_fq3vC4U8RM,hsh,train
r8I-SbtF25U,hsh,train
RedjOAdb_JU,hsh,train
xYo-ZcAijvk,hsh,train
Erfi7JZ2pEQ,hsh,train
8oTKwQPnzFw,hsh,train
MRK7wff2xI0,hsh,train
9qrrluawajM,hsh,train
Psq5Bg1jbCw,hsh,train
6-4FgZJToOI,hsh,train
9tvWbwOzfss,hsh,train
xkwQWvzKeMk,hsh,test
Lfwlj0lihPE,hsh,train
48VRTo7ZrCU,hsh,train
xNBN0BqY0jY,hsh,train
4nvsRtVxjHg,hsh,test
EpG7Cmg2fHw,hsh,test
XPA2EF8Bjo4,hsh,train
BcEjCCeyPCg,hsh,train
U5cWZ0j4z4w,hsh,train
Q_i51jjQUcc,hsh,train
X6EAuRUylzQ,hsh,train
1xVwSAmmvYs,hsh,train
DHCe_pk9n44,hsh,train
jZDp3cvHj5s,hsh,train
aZ8JraiHdZg,hsh,train
EH4pHTX3lKY,icl,train
1WAfiZJ_00o,icl,train
l_kNvx52A8k,icl,train
7dwY_T4Gqzc,icl,train
SNpjU4YzDuY,icl,train
2YHIlq_OkOY,icl,train
_NpmhLl5vX8,icl,train
g5YZ0oLSbPA,icl,train
lzle3N6ot_E,icl,train
L3FzFtUfZl0,icl,train
phTew57A8sw,icl,train
ro-s8txpdSg,icl,train
pm-OF8Ird0g,icl,val
uZZP2Q9x6j0,icl,train
UPcTwxa2YUc,icl,train
FyAUy2mpm6Y,icl,train
aoQoUXIfhlg,icl,train
tkexuu7E7k0,icl,train
EMPZQabb5L0,icl,train
X0khY7-Zvhk,icl,train
AZQ4LR9ucXU,icl,train
GZWhAqP6-wE,icl,train
y4CXSho97Yk,icl,train
OuvFigVTwtM,icl,train
Q0W02E6PwJE,icl,train
1dHY_ozjcRY,icl,train
V4dFdjfknwc,icl,test
w2YgZsbjqJQ,icl,val
2AVgQx0Ablc,icl,train
5Tm90jrOnAw,icl,train
whNY4GK8ewA,icl,train
gWHlxG2wz10,icl,train
WyR2GNTlT0U,icl,train
7Kz32JkvL6A,icl,train
q3IhY7mTY4Y,icl,train
lQHZtOEH1p0,icl,train
kArpQjHm0TQ,icl,train
OR1r9K7XI7U,icl,train
4NirFW1k2yk,icl,train
b7joK8e0i9Q,icl,train
2bCNG1CO3AI,icl,train
srl-cBPa6kI,icl,train
pZJHEHqbTFo,icl,train
A_VPq7Jvc1M,icl,train
evkfwh5PBok,icl,train
pyYAZR9EE24,icl,train
HAVLYcUwEtU,icl,val
Uk-VQsXeToU,icl,train
_rgOHwZt6Ik,icl,train
7Sol3htnbAc,icl,train
R6E50a4MEsA,icl,train
d0-9O-71xWQ,icl,train
uyQG3aVXDMg,icl,train
1MyoQ7RBWN0,icl,train
pnhQtk3kihU,icl,train
qA-cfcV5Bck,icl,train
UsakKwTv2f0,icl,train
4zAQCoIcAMw,icl,train
c0gabus3sl0,icl,val
2JCl-r94LLM,icl,train
CIek3BLP6QE,icl,train
i0YQ9TK-ncU,icl,train
4ecX5VXMF4c,icl,train
8tHSUwgcky0,icl,train
tt4haJ6yYk4,icl,train
rWZmzCMSXQ0,icl,train
F-dYfhM7Ehs,icl,test
la9D5gmVGn0,icl,val
imNlzLqzsyk,icl,train
a_KO_ealag4,icl,train
nE0PAER-cTA,icl,train
bMl4AZ-Zsl4,icl,train
p7QgPTM8mhs,icl,train
BDOHXxGithU,icl,train
XErs-UDmEnE,icl,train
z5EQQySzD2U,icl,train
uY7-2U-ax5s,icl,train
0K4wSEpCMIE,icl,train
6Zyp6TiU904,icl,train
BlwUmu9sYM0,icl,train
BEQOl_IvF5E,icl,train
uAXuoZ2gZYU,icl,train
bD7dfkxYKKc,icl,test
WzYwzq5ZCqo,icl,train
46G5A5EdAKI,icl,train
emqUawW-ogI,icl,train
SvBkZO1Qqtc,icl,train
hNZoxhMeemQ,icl,train
wNxKmxnvBAQ,icl,train
ZOTHLACw9DI,icl,train
hAbsX5zx-oM,icl,train
hMSuOjwR5Cs,icl,train
ekUBtsyvMvw,icl,val
Z2VpJ544AFk,icl,train
xoKWvnXvIJU,icl,train
r0x6VU8RZAE,icl,train
UlUbZK6brPY,icl,train
Vue6Q3OFj0c,icl,train
smcJMpFlMB4,icl,val
lMaGvhHpW90,icl,train
tER6OjTGO94,icl,train
2hvu7C1K5Ps,icl,train
peuu9jtjToo,icl,train
HSq6RZotNZk,icl,train
vSCFVant4D8,icl,train
WPgv3tUBcVc,icl,test
gJ2YwOgeLEY,icl,train
ee-krMMxvw0,icl,train
EGMOa6evGgk,icl,train
4MukkKEy0Nk,icl,train
9SeaeEaCEs0,icl,train
if_DUfcvr_w,icl,train
Ou_w6XpUI5k,icl,train
Nv1S9pm9P0E,icl,train
ejtLen-EBEg,icl,train
IRyzsZdgCZg,icl,train
W5ouAjp6MXc,icl,train
T8uq0WojOwE,icl,train
4LkZvaZKcc0,icl,train
XRD_XjZMhTs,icl,train
If9CBEdeDDQ,icl,train
Z4caF9QGxyI,icl,test
j4APdXVWhQg,icl,train
btqNdAa7IX0,icl,train
03cy7VeC7wA,icl,train
0hS8ApxqIlA,icl,train
5IUSNFDnbkM,icl,test
hqi6jC_AuQU,icl,train
M3n5Kv9erUY,icl,train
u_kjIel74_8,icl,train
yssb30mdyKY,icl,train
G9D1-hP2UZ0,icl,train
ArCRaesHpPw,icl,train
WUi1_-sCjUc,icl,train
d0N6GMrBL9Y,icl,train
Ve50WAQ3Nu4,icl,train
-PgASHUPDGo,icl,train
wrmANMEOyoA,icl,train
UI22W4HU5IY,icl,val
fjFu5JR8wa0,icl,train
X8eLurezmDg,icl,train
QmWCarfdDBo,icl,train
YVkdYgQjfnY,icl,train
nKQrgLJOIr8,icl,train
xhpVUnJQyCc,icl,train
Ky1RDSEGyu0,icl,train
sdEYzG3-5IA,icl,train
0V_qwsZ87t0,icl,train
SvSVpQnH7L8,icl,train
axSmFd5yfoU,icl,train
r540xmKoMi0,icl,train
mevG9qX46PA,icl,train
3Ue_upixppM,icl,train
1STD_kxgkZc,icl,val
uUZGHC4_ElY,icl,train
1EO4CQKEURY,icl,train
obSUEK6C0Y4,icl,train
_wr5f5ul33Y,icl,train
ev1GzQThS3w,icl,train
-J-z3NWLSlw,icl,val
86FWNtq9iD0,icl,train
GOyKxDSERDU,icl,train
L1hwZSFkUBo,icl,test
I4Cg2kaiP9s,icl,val
nUEkBb4bUzs,icl,test
RMds2tXjv_0,icl,train
B2OsfgVJoys,icl,train
E-Vcw-ZJpcU,icl,train
f3u0iSTzGw0,icl,train
1eNYxIPazLw,icl,train
fN6qNgZZgTI,icl,train
PKKAmGcMF24,icl,train
8Fief5_jtB8,icl,train
7qTrGCFqM9g,icl,train
h5QpowLziBY,icl,train
zqNEUZpMczY,icl,train
nr-qUMHbn04,icl,test
jKzs6t1NUnU,icl,train
mpxKE-WVQjU,icl,train
VZcAFJKejGo,icl,train
4DIZntMajso,icl,train
ytBMhie-SxE,icl,train
JZA1HdACeO8,icl,train
NnHJIr_x34U,icl,train
ffbT1xONF14,icl,train
IDhmVGIFAGE,icl,train
N0eWxSEuAns,icl,test
el2-LwUX8_E,icl,train
SjHrVpPRqnE,icl,train
VLRfCTLcGMg,icl,train
LvTks9ZI6xQ,icl,train
EwlDnrkZt1U,icl,train
N1Btsa3neGQ,icl,train
DNp0f74qlGc,icl,train
dhSoIpX7uGU,icl,train
NRS_gKSrsak,icl,train
yAaw8N5KvmY,icl,train
5cWEpPFaSjs,icl,train
86Nr2DbC5xg,icl,test
LIKw1EbSdyU,icl,train
uvnzjfFCmKU,icl,train
4XUSA_kvyCA,icl,train
TiUIO6EeyN0,icl,train
hf6LtZwqvKs,icl,train
pQ_udTEWTx0,icl,train
yMc_PJ9H7AM,icl,train
3MdvGlXgrug,icl,train
QAxvQCer9lo,icl,train
4h4Mn6J_RF0,icl,train
Ui8Y-W3KWO4,icl,train
UixRPq787u4,icl,train
6fHelYMHB-k,icl,train
rx003S4tUR8,icl,train
pZ5DuZT9LIg,icl,train
TXu7Br1k3wI,ils,train
r980-mdUk9M,ils,val
tEZrSU9C1Lc,ils,train
VKkTgYtHWpI,ils,train
8ZwaFfOIUxI,ils,train
gWiU5V-Wgew,ils,train
Y3OGPTX37Hc,ils,train
xIBNt8KBHL4,ils,train
PChuyAgeqGs,ils,train
iog5r18Xs0c,ils,train
jkAF0QhjtWU,ils,train
lSWZsYd7m6A,ils,train
CjJV-lsokbY,ils,train
G7RsjiVzcwk,ils,train
c02VDKKIr0Q,ils,train
DC0COosTPBE,ils,train
Y7qs3SeWthQ,ils,train
G3mgZA9JNe4,ils,test
I76bx2X5PXE,ils,train
0yEiW9CzHpM,ils,train
Hbd0xPscP_I,ils,train
apE7rtZ2R1o,ils,train
q3rZgrMEnX4,ils,train
ssK3iAOMOEs,ils,train
2LHOIwlFjdA,ils,train
T-PdK8Sku_U,ils,train
oGz3BDX8cB8,ils,train
eM29iiIKx68,ils,train
-mazZ4NfxAE,ils,train
w2_tPzFur88,ils,train
Pre8UpdNubY,ils,train
5CpsgtKkfiA,ils,train
IzoDPBdFVrY,ils,train
Z1VbCGK0MQI,ils,train
oK1HlKyqxbQ,ils,train
2wReDIRJ5hM,ils,val
SvVg-bem17E,ils,train
Vj6c3uCpCfY,ils,train
RStm_x3FlhE,ils,train
w-LcbXCiwTg,ils,train
jC3Lys2aLSY,ils,train
_aNz3ERVhBo,ils,train
7uQ3J7W3ckw,ils,train
A36VodF3BRg,ils,train
HqbkPOytCaE,ils,train
clXWGSTSrBo,ils,train
9MFQ71M3dFA,ils,train
8wEfhB9MLOk,ils,train
9G9HDKRxpTM,ils,train
eZAHymVWJos,ils,train
bQif1XtBpEU,ils,train
LSBFoa_O_Jo,ils,train
jBPO4Aqgz-0,ils,train
HSQHAxH0rZc,ils,train
ZnYgf-1MbO0,ils,train
WmkH-b4vnzk,ils,test
Co5pu_OyAcg,ils,train
UnzECEGpWFY,ils,train
KxpNsI2uB1s,ils,train
TAWkn52qUKw,ils,train
yRezPaMMt8w,ils,train
-pOIjG-2Ljo,ils,train
pJ4Z-hpUAEw,ils,train
znzsiXh3Fq8,ils,train
RkF8A8dvUro,ils,train
H_YV3EFLHpU,ils,train
P_EwDhNFCMc,ils,train
Weatf-NjPTQ,ils,train
1b48-ql3TF0,ils,train
MWI75XXPgRI,ils,train
0OwmLDvnw_k,ils,train
Xq9wSSLrZJ0,ils,train
euQNVsYD1NY,ils,train
kk3KGiENIpg,ils,train
DbZoVywPaCg,ils,train
GYFwMx41iRI,ils,train
T9PTVqaAfgo,ils,train
kAt6O5XUIj4,ils,train
chacPZs5cUc,ils,train
HZz06ZIKPB4,ils,train
aG87X4XuLho,ils,train
0fKjJfCRK08,ils,train
c2yp5tlf5oQ,ils,test
Utky9MIuLQ0,ils,train
CnASC_LKb4Q,ils,train
jhb5hTXwjec,ils,train
qVfGfZVUOYo,ils,train
z8lCtF_mj4w,ils,test
9wii7LCg7_s,ils,train
laUrY78yMC8,ils,test
J1gTv_FYFCY,ils,train
dVc1s6IE5jk,ils,train
kUqZTfcb1BM,ils,train
NdFCsOMf_EU,ils,val
NX58BSu_dpw,ils,train
m7Ru3DNyD7s,ils,train
WmggSHRgiBc,ils,train
-iNFlIne5jI,ils,train
dCPmpXZ8xQU,ils,train
rBfhU7kyGTE,ils,train
QUpmqBmiiak,ils,train
E6SGXzwxM54,ils,train
LKXmbx-jhpY,ils,train
q5TSxvngTgA,ils,train
ibA1JztHUu4,ils,train
TwxfyBRTl1k,ils,train
Q_50JziFjw8,ils,train
Cd-I3VtXB10,ils,train
IQQ0Xjh2X3E,ils,train
Mgd5HhYNkE8,ils,train
i77gsMyVVSw,ils,train
z4ucnmUAW8U,ils,train
5pDMsWjyVd4,ils,train
6N7UZaBBjzo,ils,train
I6vxEW8ejyU,ils,train
IfoYn8-bSp4,ils,train
pd9JyQH6sj4,ils,train
S5MOC1REtLA,ils,train
BZBxLgXBtwE,ils,train
MZH96sFY0ec,ils,test
McUlxE-8q94,ils,train
oTo3kx311NM,ils,train
WmydFkoQ4tA,ils,train
Rxu626WbM_c,ils,train
xaan1LTPRyY,ils,train
Fzva9cjsHOo,ils,train
mGcsQbsld4Q,ils,train
oBYTuxBaQgo,ils,train
34IOsLbSFrY,ils,train
xAlEtXhPPUE,ils,train
eJiKgZ66Vfw,ils,val
d9th0Bw9ZYw,ils,test
I-h9AVQj20g,ils,train
1655sujuzbY,ils,train
0UNbRnJ0f3I,ils,train
7B0j6fEX-Mo,ils,train
P0zqcNgJKVY,ils,train
1yejuHKs6V4,ils,train
nJPecDD_CjA,ils,train
HKr7zwxHq8A,ils,train
xeJ-DQFQ_Eg,ils,train
46zwn17GVAE,ils,train
zIgNZC3B7mA,ils,train
svMUa9Rk4FE,ils,train
t5jOytoyfzk,ils,train
tjy68_oJobM,ils,train
aHgAxg7kTzc,ils,train
r22cYbSG6Tc,ils,train
Fz-Yn2CGnWo,ils,train
KysAWi8CIK4,ils,train
QNuG1PHj2-w,ils,train
Ce_zrNLad7g,ils,train
huJQwxQZ-6s,ils,train
z6LQHu3JNS8,ils,val
poVHmkwV7nQ,ils,train
8seRsJfSDL0,ils,test
Vb7Lqenbg7s,ils,test
prGEojnsHVQ,ils,train
okEfqxCa1dE,ils,train
Sc0JiFxN7Io,ils,train
jq0BaJK-DZU,ils,train
9p8ozocatqg,ils,train
YFmZsD4fgls,ils,train
dDXl-PPLtiQ,ils,train
n9saA5IkqJQ,ils,train
Tpc3nzSsY_k,ils,train
V3vzeUrAZP8,ils,train
cSCLi-Fa6kI,ils,train
ede4b_6w900,ils,train
UGJslVdsKRE,ils,train
JO9AggduCSQ,ils,train
foFLPro0TKk,ils,test
MtQyMIWRFZQ,ils,train
wKRzpoi8EEA,ils,train
F1FdKKA0WuQ,ils,train
71XRStDR1AI,ils,train
PTgwolwZH-g,ils,train
cizzBmzPlw0,ils,train
Rq_4O7K5NyA,ils,train
Z1gz1VMwieQ,ils,train
xvG9aC8z7tc,ils,train
Ajdx_jlfGCI,ils,train
Oo4OgFs3eaM,ils,train
dc3bgIEeeZ4,ils,train
xa_DebO4LEk,ils,val
vknQwUm90KA,ils,train
2oq6Jx9GWkA,ils,train
7TcrZtBljGM,ils,train
FfC47G6PbtI,ils,train
yZP_dL2OZOc,ils,train
Iam3qz0dSOo,ils,train
K5fUokUkXZA,ils,train
2KtFY6ZFb6Y,ils,train
EiKJJVWjPjc,ils,test
u3pQwi3cvqc,ils,train
MKdX7QFXOLE,ils,train
8jRYkSk8cF0,ils,train
iEZ4LtWh4tw,ils,val
8d2EENQv7o4,ils,test
mE12xPqmy8Q,ils,train
qWwkOVZoa24,ils,train
_D10XnIEmVQ,ils,train
aE2erwEUPjA,ils,train
7vgIGoHHKZ4,ils,train
yg9Mas7EJFY,ils,train
uv3hpd6Yy_w,ils,train
-UGZKdet0Bc,ils,train
ghKoRt5VTSI,ils,train
1fRWc__vDbM,ils,train
t7a9jfsErcE,ils,train
KCdR4piIu50,ils,train
Hjtk0iLJkPo,ils,train
z7Ufgryaw94,ils,test
qANitHwy3yA,ils,train
WrSN6wtcgEQ,ils,train
qhczGnT1IiQ,ils,train
9lkzjXOILjg,ils,train
S_nHTu9qpAw,ils,train
Qu8EYcEXy2I,ils,train
zkvBRyrUXEo,ils,test
-K-hQDh4Tt8,ils,train
R_PenIDkUNs,ils,train
BlTxeDwBmZA,ils,train
L5BO8iNo8JI,ils,train
yyyi8ZXFt_8,ils,test
pCy70TQYqok,ils,train
ccWI-_7XF6k,ils,train
dOhfHWpXgkE,ils,train
PND0IbFaaYg,ils,val
ebUzedAXCio,ils,val
P8ZRfAMRpE8,ils,test
CbtjmHMBB8M,ils,train
sO07yq2hFT0,ils,train
UxXLQxusK14,ils,train
4OMxpGw23WU,ils,train
q6RxqW5tC2s,ils,train
wXAEnIBIDNk,ils,train
Sd9xpCs0tnA,ils,train
TCEmnjcaCMQ,ils,train
3W_CqsjWvPI,ils,train
G6ZUF34yh8I,ils,train
r3ida2HUwQg,ils,train
7LDd-xG768E,ils,train
AAeaYufNg2s,ils,val
RaMrDkPjLcI,ils,train
qApKHXjdZEs,ils,train
MG2qJ6GTYI8,ils,train
eKdSkwvgJCw,ils,train
kAk4lxtOY5M,ils,train
AJ0WYtce0xE,ils,train
YRxfuq4hojk,ils,train
IWGcDCqi0Hg,ils,train
eM-GsHgPYRg,ils,train
eWeUAJBuw3s,ils,train
fk8fb9wMxBc,ils,train
2tFUkebYnqA,ils,train
zKcVhEKFBj0,ils,train
_pQ28kx6E6U,ils,train
1Q4bAWsS750,ils,train
RuJSxTACNp4,ils,train
KqP4T2rvpy8,ils,train
dJrZ1u6YSlc,ils,train
DFV8f6AYOls,ils,train
r4a0WwMvSFQ,ils,train
zi8vAuMB30I,ils,val
jMohRuJBwaY,ils,train
cuMasmUD7d4,ils,train
7uW1vhp9md0,ils,train
ySNF1K4lJUs,ils,train
JWAZaBRigjM,ils,train
hXJ7W6Ogp-w,ils,train
3E0mmTyC08U,ils,train
CWQC0yVs0ks,ils,train
SbUl7BrCwb4,ils,val
dpubercmdWo,ils,train
wioxwjXc7M0,ils,train
yXX66UzXKeo,ils,train
BohRbXp2n1Q,ils,train
bksyNjWYLvM,ils,train
mlSI0NoT3Qg,ils,train
22xDxniHPZM,ils,train
PMYltUj1DW4,ils,train
fnOBRaheEqY,ils,train
3563b5P9ejg,ils,train
SeMuJOf0nUU,ils,train
qO4o_XAom6k,ils,train
kkXmitdkIqY,ils,train
OT0rM025OyY,ils,train
bZ9zMqfMekc,ils,val
d961a7uTQWs,ils,train
os5AazXZC4g,ils,train
kWZK9x8iE2I,ils,train
iKgysob-HIw,ils,train
ZTIRoG3E90s,ils,train
eu2VnJ9mJTg,ils,train
ojYMAp_TMD0,ils,train
M7xihG_e1q0,ils,val
gvBHc-SY_2A,ils,train
rzqDyJosxU4,ils,train
u6_ZdyjU27k,ils,train
fbgjCG9bvWs,ils,train
qpzTW8bL6q8,ils,train
xM4w5KBQ2dI,ils,train
GwNp79SFcQA,ils,train
pGk47CEGwH4,ils,train
RpE_yWZDhPs,ils,train
0U-CXUgGL74,ils,train
BJ-3jBJqp2s,ils,train
ECGSyW65ZoM,ils,train
N-cxRJbbdeQ,ils,train
Fyk4EyTyvWY,ils,test
BiMQBiGjDUM,ils,train
eG-xIsxtuC8,ils,train
1F1zfy98FWE,ils,train
WeoD1F1Si90,ils,test
q3kyWErFs9c,ils,test
4swuSMijq58,ils,train
75bosBW8GFw,ils,train
A2pR8rCcubw,ils,train
-O7vahpH7V8,ils,train
Hk99SBMPhHY,ils,train
QAYAQXiBVIk,ils,test
Ru2qopNptjU,ils,train
hpHi83M5gY4,ils,train
PccFpczAvq0,ils,train
8rklD9HM-cA,ils,train
03XCQvznGRw,ils,train
F44T5fExPYs,ils,train
TahTx2ZgaGA,ils,train
tK-c4PnY_Y0,ils,val
HSWIG-yLgm8,ils,train
2ae6WWZj3iA,ils,train
myVDxwN7Ews,ils,train
ps_BXS4HfkY,ils,train
sIYiBy4LVTs,ils,val
jFmi2TvTnWk,ils,train
8aKfUXJqGaM,ils,train
CNsZ9eOhAPg,ils,train
w2WYIrCsGLM,ils,train
HKI-Ro2yHXc,ils,train
Z8wxKeRxmXw,ils,train
TdFaNZxBQRE,ils,train
FM83HQXwfaY,ils,train
-iDMMXUsDUc,ils,train
CpmddJhyeac,ils,train
T4z0R8mNrAo,ils,train
uj81r96zkBI,ils,train
vBIGUqIH-hs,ils,train
FPC0ujszNoo,ils,train
zjotmfju_uc,ils,train
i1InXD3ug8c,ils,train
-hKn6evY9dg,ils,train
wve_XBhUvGs,ils,test
JO2vCvIG_18,ils,train
QrbK83Le7gY,ils,test
lPoQg8r0vZU,ils,train
zCodhj6hB_M,ils,train
0iYRV1_ZYWE,ils,train
82MnZzfdEww,ils,train
JRQkkaX7yY4,ils,train
sp-6vEwNmtY,ils,train
bT3rngOresE,ils,train
_eJP_bk7TSU,ils,test
VGzELwh6r1o,ils,val
aC7wekjKxMI,ils,train
G6xdIepdk5k,ils,train
eB4pR4fQhwE,ils,val
1HAW4D7vveE,ils,train
mW4nVQkFeI4,ils,test
aF86MxhmnWM,ils,val
aweobX-nMNk,ils,train
fjmrgZX4F3w,ils,train
Vi6ZoCCG2oI,ils,train
AcSETxomJxY,ils,train
e6EgbOVdtLQ,ils,val
cUAKaycyyMk,ils,train
Kg117IiEWHo,ils,train
8FwyDFaTlJ0,ils,train
oOXb331QHRk,ils,train
ep2jF8EDxsc,ils,train
2Jl76uVxWd0,ils,train
M8xzoN0sjzs,ils,train
8vUbd-5NrKs,ils,train
ddgsInDg4uA,ils,train
Vq5x4_WAj9Y,ils,train
jY0xjmJOQyY,ils,train
e_J2juTcCSc,ils,train
aXvEDpJM3Y0,ils,train
_HBU9vvglqc,ils,train
zMTPX6OSLgc,ils,train
H0nu_LzJLRQ,ils,train
uFFBf8BE0vM,ils,train
n1739K4DcZU,ils,train
SvN-6aXgVy8,ils,train
EtI_RwCovsw,ils,train
522RXPKEWUk,ils,val
MA7XnC2UsJk,ils,train
i1-eXoISRoo,ils,train
NjRU3mqGCsA,ils,test
iv3zyHK1bUc,ils,train
TfZQ5PP_iH4,ils,train
zMU6PRugx-U,ils,train
xn2XpdgAUfU,ils,train
7fG6L1BE7-c,ils,train
Wm5uGBtOXfQ,ils,train
XreE0AuRrIM,ils,train
VLyJxjDgmvk,ils,train
GGjjw9fmV30,ils,train
OtoBAhyr8y4,ils,train
mCatm0pefAk,ils,train
a6VrPsaMIAY,ils,train
RLXCprUn0uA,ils,train
W5Q6_hnV6ws,ils,train
pNYxLPw46lM,ils,train
_0A6ugKX5DU,ils,train
tie08BrRgA0,ils,train
AF_vEnDPg64,ils,train
W3UpESuoqrI,ils,train
F7GOtyeQxNM,ils,train
C19CjdCfpMA,ils,test
mN0jVGwRyHk,ils,train
k4a5QmYV0qk,ils,train
xfn1gLVYEhk,ils,train
xG1cOO8Pgqk,ils,train
hNtE3OI9pvc,ils,train
BDYiK0QZnfU,ils,train
up4rLfHCrOM,ils,train
18F5fd0rBsw,ils,train
UfQaoR-LoaE,ils,train
YvgqFgP2IKY,ils,train
CsPu3ZcGlA8,ils,train
Nr04H12x6FE,ils,train
8y-7w7TpwCk,ils,train
SDxG6JvlVR8,ils,train
gVeQoIj3Mq8,ils,train
9z78vV_NBLQ,ils,train
xCqsYg1uKps,ils,train
M3RzdqYoqv8,ils,train
pXyWscLEdBo,ils,train
maxQ_KmFKQ8,ils,train
E5QO_jysR-U,ils,train
Mq9fEdC03KI,ils,train
ZeGg5qdhNw8,ils,train
yUDPeb1VXcs,ils,train
PaEWgIgjeZA,ils,val
HD6tpiDMdD4,ils,val
5R_Zu0wRgok,ils,train
BzfKk_I3zFs,ils,train
pAljwLtiZaM,ils,train
AlxIHF70gQA,ils,train
uwdTEkkozpw,ils,train
7RHrr7tKvbg,ils,train
j2a2fry_KeA,ils,train
2hntTYv0XhY,ils,train
pQMuRxJ0ebk,ils,train
jZylREfpGdo,ils,train
wR9szXRSSQs,ils,test
wZb9Vx9C2XY,ils,train
_z3pIoXQPJo,ils,train
D4jeaN87Z0E,ils,test
3EOeDwJIPKw,ils,train
DdYQukr7OQw,ils,train
pUqBv26lZ1A,ils,train
sEwLMz0WACk,ils,train
pkYmsKfiG3E,ils,train
9IHEYDUxPCk,ils,train
sgmtB0PRz08,ils,train
hdyPZJn3OeA,ils,train
7lwaGQybMJY,ils,train
_fRnFIZ6-cY,ils,train
4d3AKNUn1yo,ils,train
9m2zyStL1sg,ils,train
SKPdQElt1uY,ils,train
Sr5KW5Af8ws,ils,train
L0S6owNYRQ8,ils,train
dJCRQVWNhis,ils,train
Mr31qrhkJ38,ils,train
6mJ4PO4iZT4,ils,train
aMH7SrH7ueo,ils,train
xWLM5o7Usvo,ils,train
kU1LQRyoQUM,ils,train
EHN2hMsDf-w,ils,train
WShKgHoSW0M,ils,train
ZSiW2kPn_Js,ils,train
KrSzS-XdMNc,ils,train
VCsDJfikMOM,ils,train
SbfBVra2jgA,ils,train
7eOvGvNrbqs,ils,train
d8-UGl_-43Y,ils,train
9VwK4iuUZ38,ils,train
6B-mBL9r-58,ils,train
fizzE15Igko,ils,train
HeqklyqJ2VM,ils,train
V6A6rmEVjPs,ils,train
dIP73nhYh-o,ils,train
EfM03-MN7dE,ils,train
IHcI0pNO8OI,ils,train
d2-8WzWaOYw,ils,train
lzqAZIMfjEk,ils,train
QHtSaHzgLAI,ils,train
ptjA0ZWLqIc,ils,test
v_NNHfmZzrY,ils,train
Fo4s92g86ec,ils,train
S1RBKQ3-81Q,ils,train
OPTYAPaXApU,ils,train
OV9T5flJcPs,ils,train
b_39Ao9YAcs,ils,train
dVVDC6gH_q0,ils,train
ok7WTOrQdBM,ils,train
WZ5k8DI2l48,ils,train
-oepO_n75dk,ils,train
vxrbTrTDBb4,ils,train
F2urXJ5S5h8,ils,train
I-dPVrFUAd8,ils,train
VYWEHxxDHDM,ils,train
gR983vRrzjw,ils,train
0qYLxdhbw6Y,ils,train
u2SMBAhY6zY,ils,train
14ZYvdJlq7A,ils,val
Og-NJcPqPRI,ils,train
8mSVSAd80Uo,ils,train
HpM0B0VwE0U,ils,train
AMDCQesLXE0,ils,train
HKMzkZC8NfE,ils,train
upPvGL3RW2c,ils,train
2Z3eNjiC0GY,ils,train
MYTg4zUIPec,ils,train
2xFsPW_oiBs,ils,train
gDBbSO3MTCc,ils,train
ztgwGVyGw-c,ils,train
U4a8m7dLBhk,ils,test
MRMrwpEC6UA,ils,train
gMZPu-Dg2-I,ils,train
X38qfOdZt-c,ils,train
vmV6iCJMRrM,ils,train
YUBdN1ZhIE4,ils,train
HZTzybks1a8,ils,test
SsjAhyaJcZ4,ils,train
U9jcWeEW0fI,ils,train
X9eJgmeIEAI,ils,train
1VWHMrjkviU,ils,train
caUjJTkU93I,ils,train
Ot4kiKGXLAA,ils,train
z3cZoF1IOE4,ils,train
Da07pGkhC1k,ils,train
PbzjnmV72zw,ils,train
zbcxnhcMQ-w,ils,train
Ei6yJXq94pE,ils,train
Asy3ZWgl3to,ils,train
WIb94U3gCAM,ils,train
0Bf9LSnq4lQ,ils,train
FK7KkAIIqUo,ils,train
SGzzW8dJiVg,ils,train
y0RUk67xEHA,ils,train
BYLuc0kwjew,ils,train
oDAK0E-_VAc,ils,train
F5CiEaCJIkg,ils,train
RjVHvbXOyOw,ils,train
TUp9RIhJfUY,ils,test
_IwGuy6VrJI,ils,train
kwgVIwB_mZY,ils,train
jCSEgAgCJX0,ils,train
1wDKGvD3V94,ils,train
_hVmtGSgcKg,ils,train
q3O13kJsI3M,ils,train
jLCVIrshO-Y,ils,train
toJXCZ2fcks,ils,train
01xPwwFmtUs,ils,train
BoGxaRdm_iI,ils,val
dIIDHynCyA4,ils,train
SbOHZxkdLDQ,ils,train
DJngJ24kZQc,ils,train
aV5iLahmbO4,ils,train
yDq6uvKbtO8,ils,train
yE7MRw8QTfY,ils,train
wTjC-4yOV5w,ils,train
BhZQkO4m8HM,ils,val
4mqp20Qyu0k,ils,val
p5c6rn_MReM,ils,train
bTB3eMUaqko,ils,train
C_BoAxFgbg4,ils,train
daDKIfFlUxQ,ils,train
z1KmEntEI9k,ils,val
7DqF1tPpivU,ils,train
PzUOKEbVDv0,ils,train
hEPgCMyG6ZU,ils,train
1OtJh1OxjbA,ils,train
b2ZRHG9Vmwk,ils,train
-ILBa4DLRgI,ils,train
sbESPCXOXUk,ils,train
qv_NVWrWTUE,ils,train
RIXAbEkWJ4M,ils,train
UJd20zmzfZU,ils,train
6P7jDjymIQU,ils,train
0EgwMSwNQ-g,ils,train
9R3Ag0Oma0A,ils,train
TYlgv-hl-jg,ils,train
T8OTwTeFXlU,ils,train
6njI3aXhK4k,ils,train
VkUMrGWvQwg,ils,train
eDfMUsB4hE4,ils,train
a6aOOTJXpmM,ils,train
-EcSxqGOiNs,ils,train
LqKByJdK6vI,ils,train
jlsUwVH2W0E,ils,train
nZHTRfWl-Mo,ils,train
w0NxtnDeRR4,ils,test
YJusMnuDTok,ils,test
Jf_hBT_zrKw,ils,train
MvMHm4Z_3LI,ils,train
XJmWff5-M9M,ils,test
AZCjZnPRuCA,ils,train
O7zyQJeRZOI,ils,train
Yh4R8QeE80M,ils,train
yGoKyScjGD4,ils,train
rjqJ7lnoTAE,ils,train
2UtZMneJkzQ,ils,train
ElTbvVwX35Q,ils,train
lAi9K6bSfOE,ils,train
2eXliSkuGUE,ils,train
WOYxiGvByHw,ils,train
Hry9mYI9_fY,ils,train
O3Tbeoe_S8Y,ils,train
3psW52LHJhI,ils,train
uAgUu20kzQY,ils,train
RLT086CWxZA,ils,val
QlWo2giuxq0,ils,train
49myFYLuAGk,ils,train
m_4_hGG93qY,ils,train
6inCTlw8J1o,ils,train
bFdot4i2xpU,ils,train
oMmmrvxdxU8,ils,train
BxTI-OE1s8A,ils,train
uUiSLn4wTPE,ils,test
SXX_h6awHpA,ils,train
AuLg9TwUuEk,ils,train
RcWFuLWY5NA,ils,val
VD0QXBlpOSI,ils,train
yn3osvhMjBI,ils,train
mUt5HmxS354,ils,train
FG4c6jqVDXw,ils,train
Kxent-xJsOk,ils,train
Qm6oecvwx-Y,ils,val
0mEQ3yyFh_E,ils,train
prOWpygW_Ak,ils,train
IFbK-Mbi_98,ils,train
bdjIwd1nG-g,ils,train
XjJLTG8GLjc,ils,train
6N7VvUmEcKc,ils,train
ZWNS6o5r8CU,ils,train
Rks87uHlPlE,ils,train
j5Z11k4jYYs,ils,train
JKFtpZv63Yw,ils,train
r_3kcdPn158,ils,train
IHfuyCa3IyY,ils,train
cCUMYRDddjw,ils,train
hOVl9gyZY6U,ils,train
4G4bUIOL10I,ils,train
XYzfCs4ErD8,ils,train
6k55ivEv3LI,ils,train
gKiAD6A8Wbc,ils,train
JHZiRK--eDA,ils,train
4QwR7ZFahLM,ils,train
x1UmwSZcIpc,ils,train
yUPpWP8ZW7Y,ils,train
QhzTHucqGNA,ils,train
azgD4-o30K4,ils,train
OZvqMHbSw9Q,ils,train
AFM9OZj9WXo,ils,train
It3Q4MDjLSI,ils,test
N4AQy82CFx0,ils,val
DH8z0DSJjes,ils,train
O8Q53Y1u3ko,ils,train
ip5CcDZJmV8,ils,train
dcYuPPTibxw,ils,train
nh3T8jppI4U,ils,train
IpXCoGaFyx0,ils,train
phweU9Ee2fU,ils,train
enpzeqZu_DQ,ils,train
RiC7RTR2_rU,ils,train
FtFcQAtC7xY,ils,train
XYaKwZG0Reo,ils,train
VVWSD2A65fQ,ils,train
2v-1JetO4fY,ils,train
PWN5Y1Pk-8Q,ils,train
S-jWxa49fI4,ils,train
L15Ko9zEbRM,ils,test
koqNpxWAlk4,ils,train
V0VMEFc7fss,ils,train
KBMxf4waKy4,ils,train
KuVLsmyeIhk,ils,train
4UJz9U4I0fY,ils,train
EHRLEPQ1MTI,ils,train
HAg2HFYHmOQ,ils,train
ye1_rJcxW44,ils,train
sAK8qqs7X_Q,ils,test
CbKz64jUDEM,ils,train
jYPlJeQisHk,ils,train
XrzHF1UAiyE,ils,train
oYPCDiyjCMk,ils,train
_wwx1cE8Ml8,ils,train
bK0jAS3PKHY,ils,train
3Mp_x0i7La8,ils,train
pV3IuqdkUKE,ils,train
0_SU67HFkV0,ils,train
Fvy9bHtsKXw,ils,train
3dsGkdmle3k,ils,train
f7sAQ9RxKU4,ils,train
XH-ETQDhaFY,ils,train
3ZEHV8v48J8,ils,train
3tuOpGx0lCc,ils,train
hPxvaCvUvAk,ils,train
6HAUZs07KKw,ils,train
E9d2vHLFziA,ils,train
oD9blzv8G60,ils,train
asJ4EZQw7-s,ils,train
JSBJtkUrxTQ,ils,train
8azKhFH9vus,ils,train
MbCSQOvQ2GI,ils,train
9qYneHOsHV0,ils,train
dd9lx68Nm_8,ils,train
kBzjvOHIpm4,ils,train
XdUxOyIGjZA,ils,train
Y1FU8rYbmVM,ils,train
70Rv0Zhi2hE,ils,train
sOglZyNlRAw,ils,train
3goeIwXxieY,ils,train
0eLXjTutOHM,ils,train
E7IGDR2gV1I,ils,train
uhiC3gCPJsU,ils,train
kDHpNCC1y94,ils,train
weQjgfXhEss,ils,train
zrYrZo6KUok,ils,train
ulK6GcAzfzQ,ils,train
GrJLXTLBN50,ils,train
YUyOeyYpzdc,ils,train
btWPA_IDhsA,ils,train
_Fs65eaFjKE,ils,train
cv2ItQJKWRM,ils,train
d1BTdWln7q8,ils,train
hepIfG_cJW8,ils,train
gzwdFCaTroI,ils,train
gyUWz277ztY,ils,train
slQjBbl9nE8,ils,train
rm3Dz_1VXSg,ils,train
53UhYX_mWKg,ils,train
g_uliqK-4ow,ils,train
-tSKwcAk9ao,ils,train
qVsC9ATKr98,ils,train
jsxbmZwUKRw,ils,train
xNeBRC5hjyk,ils,train
SVTJf2vkGBI,ils,train
0sgcEaIBDTE,ils,train
s5ugtRNEJkE,ils,train
kWZV-vTuWr4,ils,train
2KhfFd6BbaA,ils,train
ffHenaDlI9o,ils,train
mnQCUhNq50Q,ils,train
ssyKAS17E9w,ils,train
iOVO6AwlM_8,ils,train
JivJwDRbfN4,ils,train
gADDBp65-Lw,ils,train
whp0OgbYgG0,ils,test
JcfTfWKVzAw,ils,train
uM0gsqfX750,ils,train
mVHIB-XTcx4,ils,train
JTeAsDBT0Go,ils,train
SDNHBy1eObo,ils,train
tRa1Szz08uE,ils,train
ur56GkucJzQ,ils,train
O_E2Xu3EzYo,ils,train
2DETwub_jsk,ils,train
0LZsnBbnYh8,ils,test
0K_vAOPXvpA,ils,train
GW3Ldjzb0WA,ils,train
j8lKh-uvwdc,ils,train
u8gugzcqAGg,ils,train
v3UcuK53Cp0,ils,train
924EypHrVyo,ils,train
wF-QqikkunE,ils,train
G4R7Knwab94,ils,train
Z4BcM8JbW4w,ils,train
XLM8JHxYWbU,ils,train
xznMHjLXmxk,ils,train
QW_R5oy1fSo,ils,train
bbj3L8LOKjA,ils,train
U7uVWOr_ubk,ils,train
Yh0c4kcI-Ew,ils,train
XJ5m3a-KaHg,ils,train
ICi_ozo_dDg,ils,train
NRK2IAQofwg,ils,train
Q4_Rwhmb5tE,ils,train
9c7wHYggMbI,ils,train
CQvgmTOwwEg,ils,train
gkbt0tZq7CQ,ils,val
z0J7_cy5VIM,ils,val
gWYa2E5XG7Y,ils,train
WBHgagS8ZsU,ils,test
5GnWWG9hqhE,ils,train
HkGoO53Vl_E,ils,train
BvddX4X20wI,ils,train
c8jEMZkdgLE,ils,train
oAtAcY8zL94,ils,train
TADlCX6gKzk,ils,train
WewS6zZGIhw,ils,train
rlv525ifb1Y,ils,train
siNcTBObAHA,ils,train
AO-ClkrNSn4,ils,train
C8MR3l5Dh5M,ils,train
OW48U8tPg5k,ils,train
6NUavYmin9k,ils,train
GLfG5e_SRw0,ils,train
QncVyneCaZg,ils,train
UjfyHoPuHJc,ils,train
cioP2J9GitM,ils,train
1sEEsJKzVrc,ils,train
jbGyJk6gxsg,ils,train
NtvPBYV45Ag,ils,val
ivKdgRLzyxA,ils,train
2xcBH6g-2OQ,ils,train
08x0dQfpBS0,ils,train
BIozwv-h4_c,ils,train
M5GBxoZy4l4,ils,test
HSILZG9sxgc,ils,train
ecId2lAsTsI,ils,train
eCPkWfPYTqY,ils,train
8HoHmhykQgI,ils,train
BDegk5Sc7tU,ils,train
TeZVXaA9CQk,ils,train
VClp1J_R3pI,ils,train
8V9TM2SXZNI,ils,train
s2UKQiqPcFQ,ils,train
daMzrSe0cT0,ils,val
AiG9r6Fke1I,ils,train
EFOXU0PjRO8,ils,train
AcRaHhdyMTw,ils,train
Ay4y4PLaDQo,ils,test
wB8X3bJoJ2E,ils,train
A5wV3vmB9-o,ils,train
l4jkYw3wZqI,ils,train
HqJsq1VRH1U,ils,train
b4vvfw-U2dQ,ils,train
nMUVPIaFHuI,ils,train
22hoA0BkZIg,ils,train
2USDQeFzGNQ,ils,train
VyQ52jSvwoc,ils,train
G3c8XmnPwEg,ils,train
h_c0zIIN3fM,ils,train
Lg08CVW1PYU,ils,train
79v-X8EYG8E,ils,train
uAx8qR0JNsk,ils,train
N7H0DfOuVRc,ils,train
jCQ1UjdgkaA,ils,train
SxF5tRJL14I,ils,train
lGeXSyQH6uA,ils,test
JGqFEdbG2uE,ils,train
yJjoP4DT5pQ,ils,train
7mS5zPZX5h8,ils,train
4_avBKk1hkU,ils,train
RNSw4eOuEtY,ils,train
pHxmRyw51IU,ils,train
HPZ_dy19WVI,ils,train
ohHMkTsffvY,ils,train
jM0520etI6Q,ils,train
eitReeAoZno,ils,train
05x7gQEByCg,ils,train
99j8RD2Y980,ils,train
uO38agkC_lU,ils,train
lUT0tfvqzgk,ils,train
zxT4YS4j2Yc,ils,train
6M1CFYNO3rY,ils,train
NKnXmAg4YR0,ils,train
TSrNrL18oec,ils,train
pdkJgH5Mm6w,ils,train
L2G7AKdRHFA,ils,train
Yt6DhdsVLz0,ils,train
5i-qKQmW-9I,ils,train
DL8knGsypX8,ils,train
wvefeJcyx9A,ils,train
e3uv3ANPrFI,ils,train
dR17hYaiu_w,ils,train
vtqaAr-CcnQ,ils,train
oNswO7Lvrfk,ils,train
3eWF0Z35NCM,ils,test
3GF-L-sV3uA,ils,train
hHcHqBJcGp0,ils,train
-bkkWuAD5eM,ils,train
kbEvTdLim8Y,ils,train
4AaIOTeQ5rk,ils,train
iS2ER0OZUS8,ils,train
YXfSJVqCPs0,ils,train
Woh2qvUlc94,ils,test
stSZwsfTVpM,ils,train
yWV9kxmzeug,ils,val
cGP2FQm6-ng,ils,train
I-pFrjk5Pus,ils,train
CJVelzemj5A,ils,train
HvRlXFnncfM,ils,train
6poeJ9wwQWo,ils,train
oO3OEvUuigE,ils,train
PFAJS432AVY,ils,train
2w5l1gICwWk,ils,train
_JHmF_jBV-0,ils,train
YzK8sBJGG74,ils,train
W-ebIO09atI,ils,train
Y3_QL3eKGac,ils,val
VKdDYtthlyw,ils,train
B6mjDhUPHb8,ils,train
JeWu5gCaLHw,ils,train
DWmKKN8xPII,ils,train
a-hQfcx7x1Q,ils,train
zSPWfXploAU,ils,train
o95UZi9KQTE,ils,train
PUzx2yxwB-o,ils,train
4a3pQ_gwcBU,ils,val
fW2SzyrSNUo,ils,train
IuHO4a6bCzg,ils,train
QE4C4EDXBbo,ils,train
24FDXF_paeo,ils,train
lFSOStuSOIE,ils,train
A-G28qrM7DY,ils,train
2ErxEoK1sRI,ils,train
qF4S8Nwfjck,ils,train
FRFuDGkcP_U,ils,train
LKcLfj7zl6Q,ils,train
KBRz5gf3s40,ils,train
qgr8YrSd768,ils,train
Wix7WbRYwzo,ils,train
ZLjNwhvTNN8,ils,train
VP5GGQ68bUY,ils,train
9XWTRL9lhc8,ils,train
4d_X3dCwjgQ,ils,train
Yg9TdT_ydDc,ils,train
fUBqogXIsYA,ils,train
xd0x5Vgamwk,ils,train
JiRe7nH_ub4,ils,train
DMqG30Hsimw,ils,train
QgsnOH8G6Fk,ils,train
0rcjFV2Dfr0,ils,train
05UGaxHdvlA,ils,train
lOTwncVFMbw,ils,train
MHpK7Dv_BNg,ils,train
7wIISkPiR2U,ils,train
vsaWHTjka1c,ils,train
ejfHOJabUH8,ils,train
9qKH8G33XTg,ils,train
W4XWeoW3PfU,ils,train
tcCqGKlf-DM,ils,train
c5Vu7zmV61I,ils,test
cmV3P2KfQR4,ils,train
6yNybcEPe40,ils,train
ogR4_HweHLc,ils,train
CAoXvfI1V5o,ils,train
oZ-pYdX7b1Q,ils,train
Qb8ZEIZivq0,ils,train
QuHNHI5odPE,ils,train
AO1os_ec1Kw,ils,train
5ZD9KiCHJNM,ils,train
ISF2kG_Ef4k,ils,train
jmGO_DPgANQ,ils,train
HgLBxOhwJfI,ils,train
kGqFBbKcK84,ils,train
JtKmmqy6jrE,ils,train
QozeDx7wLPo,ils,train
vtE_u3L68W4,ils,val
gJbEo2PaP4o,ils,train
VAT7sKSc6JA,ils,train
UHoAqSDZlUA,ils,train
0zfWD-vX140,ils,train
SkUP6SrzV2I,ils,train
sNSl8Wz8qZ4,ils,train
Ha8xLS5JeQs,ils,train
cA0IK5yJtwg,ils,train
5yE9qXu3llc,ils,train
-Bq5N4QfAjw,ils,train
_mFoct0F694,ils,train
KnUtKVs_0NE,ils,train
cLUU1IN8KZk,ils,train
pizRNKzw3qw,ils,train
RDfVH70jPmk,ils,train
guZEHdXM3Y8,ils,train
2ZdSJJ1ZcM0,ils,train
krp4DeaFCcQ,ils,train
YfrXJgbbvHM,ils,val
rivQ6IHl5rU,ils,train
TN-Qq2RH2vA,ils,train
7QI9Q6A2Jcw,ils,train
acEq7pPy3_s,ils,train
Jl-hrgFus5o,ils,train
YbjefG0hfoY,ils,train
4q7y5jnWeTs,ils,train
VsF6qbIM17A,ils,train
KUXyPeBl3fg,ils,train
b_RtvokrDbM,ils,train
DpTv1fJjYGU,ils,val
VxRS1HHhiMc,ils,train
NEPyywCIzH8,ils,train
8r1YEmMG4JI,ils,train
k0axjlvy-6o,ils,train
Be5K7ZWa0TM,ils,train
q2u-vAlSNPY,ils,train
Jp8wD-fwXJg,ils,train
8fgzx8uyNF8,ils,train
yqmlsZmuOtw,ils,train
7zZfjS9B5II,ils,train
zL4nG3U5zt8,ils,train
2OLiRp4myq8,ils,train
7Sy0Z_r3sFk,ils,train
DuHolPisqTI,ils,train
DHAyIJ7WffA,ils,train
eaF-EFsRUD8,ils,train
QSbPxcGR_Ec,ils,train
TGYeOZsb_i4,ils,train
FmVPqD-TGMI,ils,train
vDX1NKowQ8M,ils,train
3TzZkOP2eGk,ils,train
8-8ZUyYqybw,ils,train
3WG9KjpYq98,ils,train
CFQTJWw2PGk,ils,train
BSOFtxS14Is,ils,val
YPSOZfWCRvM,ils,train
Y8FaQ6UxpnQ,ils,train
4v2AsAkz-pc,ils,test
mjG4-FRTZ98,ils,train
VNsWP78fYgU,ils,train
s0u6ApoAsug,ils,train
S4nRXPmQQr0,ils,train
AkyN-H1KCqc,ils,train
EH3OxaAW0kM,ils,train
Di9QeKyCXn8,ils,val
PhmFIZw6NmQ,ils,train
LeiFetSQw4g,ils,train
5cw6R0alEaQ,ils,train
f8KJmRmnehk,ils,train
fmdk5v2ghQ0,ils,train
NvJ6HFx8GLU,ils,train
Yc6s3HndmVk,ils,train
md69gNvRYHM,ils,train
L3VTswaWGNY,ils,train
o9c5G3JF0iw,ils,train
iJnDDqOSV0I,ils,train
h0yvcXLJfk4,ils,train
dpvMrpGgd0U,ils,train
E4lufSZ2R4I,ils,train
a_8TdqMOS4k,ils,train
BjLiJ9vStn0,ils,train
kJ8BhaTElG0,ils,val
Shvn8BFx2Gw,ils,test
R7-TanVieLY,ils,train
OuQ3eX8T3PA,ils,train
7QWkiBVBjGU,ils,train
_T-k0m7Owy0,ils,train
v7AHbMvAflg,ils,val
mFOEng3UCtA,ils,test
LhXKBwAaujA,ils,train
3u7tAe951s8,ils,train
Yi9BEvqKbiU,ils,train
udqRWVT0qqg,ils,train
9JgptAkA0Mw,ils,train
2Jt8_F7vY3o,ils,train
E_Oq4PGZYeI,ils,train
Wx6gxekVK9Q,ils,train
8KbDOMhRCZk,ils,train
m1Hfz0rBC1k,ils,train
GJ5ewMD8DjI,ils,train
ZPNumGVErJE,ils,train
ukil1RpnM7g,ils,val
TxNFJqyPJM0,ils,train
fACUvMgipEU,ils,train
4TDqCihkuvE,ils,train
5ICOOWq7NN0,ils,train
C0Y9iy6FL4I,ils,train
hBdOVa0dgyc,ils,train
niyZ960CJHw,ils,train
TIt8R8YeDqE,ils,val
qH9g_vEmYFE,ils,train
4TQRMh521XY,ils,train
4tSk1cQA6_w,ils,train
TFlsDCDVnq0,ils,val
FzrVIqKIqbs,ils,train
xxmUS_06pdU,ils,train
oNBPHlMkvVA,ils,train
HNlYwYLl7Bk,ils,train
47_k21DHriA,ils,train
ALb0Uz0tlkg,ils,train
x2e35x58L3A,ils,train
ujc85WleraQ,ils,train
__UwzYNsLvI,ils,test
6-__uSoFiJM,ils,train
jUAwSywcQzg,ils,val
KC7oscMAS3I,ils,train
mKvEqFfDuAQ,ils,train
opgcCNtOjHY,ils,train
Qivj2kaovVQ,ils,train
nRhyy_i05X0,ils,test
27dzYXv9v5s,ils,train
PjH-RlqteEI,ils,train
DZXT4NzjeIs,ils,test
YfkPoyxybZE,ils,train
oCX6NtqpGjw,ils,train
AfzY3qiW8is,ils,test
UXrOP-00Gaw,ils,train
P2aqXeuAKbk,ils,test
MeZWixh9EIY,ils,train
xp3uBx7Vauw,ils,train
tsmoFFRYEFM,ils,train
FPMX7nEXi20,ils,train
bFFD6aOhgAM,ils,train
26d_c4OxCtc,ils,train
s3OBfJJFAqU,ils,train
L1IAjwNh3Mo,ils,train
nygrFoKl9gI,ils,train
JbLrXYiTSUo,ils,test
VWHNlbEOc3o,ils,train
Dlg8SpMsEAg,ils,train
Uw6pXW3AXi4,ils,train
5sKd4nioYvU,ils,train
3WoRgSPryx8,ils,train
Wm4Q8OYZcTo,ils,train
3NL9vXr5Wgw,ils,train
H-XX6gn0xcU,ils,train
7jk1saWrSA0,ils,train
Byk3UcAyqjk,ils,train
Skdqf6pp4jQ,ils,train
mWNe6ZimUmc,ils,train
uf7xcHheLDc,ils,train
ul_BrneAoWk,ils,train
pu716GaRDU4,ils,train
E29y3STUInA,ils,test
7lsWOaBo0Bw,ils,train
aq_d3usb56I,ils,train
UuzEOh0cNok,ils,train
Q89MuaSaohs,ils,train
xpParweVgq8,ils,train
WiFk45d254o,ils,train
1VNEBEan6ew,ils,train
biYygCEX_lk,ils,train
fZTH09cbp54,ils,train
1XbH_87l2nk,ils,train
Sz_yV6NX7-8,ils,test
C7CJrW_U1C8,ils,train
0IfCXIRpu9w,ils,train
1ZjFQha0Cxo,ils,train
Xt-tNenkWn0,ils,train
jeExeYMHiSU,ils,train
mjzSC59BMEM,ils,train
J_vt9dalRfk,ils,train
ED-w6r_tuu0,ils,train
SBlxxpqkkio,ils,train
AM87uTEzEPQ,ils,train
pk_aoDCJVYc,ils,train
3HaBwKQRxzw,ils,train
ZrXdRZ4tlSw,ils,train
6OpymDFuHX0,ils,train
4W_XDQSN5OY,ils,train
4ZC1tcQWOxg,ils,train
R6o2FMnVXPg,ils,train
PBbJg6V4vKw,ils,train
oOx64-SU2nw,ils,train
5CGWGa3Pp7U,ils,train
P8x5Mm3GU3c,ils,train
CrrxENh4MIc,ils,train
pyDr1P8_zas,ils,train
Sv6TQYwZ3WI,ils,val
fpop6DNy4c0,ils,train
xV7zXr1braE,ils,train
P8mUaCck6hM,ils,train
5j9G0GMUlLw,ils,val
PxvY6SKPnwM,ils,train
DNIeqpxp080,ils,train
P-p7rBlV7h0,ils,train
CK4QY4BIikc,ils,train
6KWlgeDw-do,ils,train
yrNq8ZHnnAU,ils,train
Fz4dGYm_4vo,ils,train
xXzs-sFUw2A,ils,test
52lQEnIm8aY,ils,train
jUDaYXPD6Jc,ils,train
S5qQHHZODs0,ils,val
UhckZu-gHms,ils,train
UoASEO2t32s,ils,train
FIxO5byKqL4,ils,train
G0m2KIv6ZFk,ils,train
8VkrOvWziDA,ils,train
V-L4CTOe030,ils,train
cc85fiV6Coc,ils,train
CcStY_GqODE,ils,train
-6YKS1fUmI8,ils,train
qjinfnlmy9Q,ils,train
W5TUN3qAZNE,ils,train
IQZcyEEKBVU,ils,train
GMr77U-0gbU,ils,train
ii_krvZAhEQ,ils,train
mN9xjBnLcaM,ils,test
AbnTBJYXVFE,ils,train
oTqw7QBhYV8,ils,train
B0RykXOj-GE,ils,train
NRxvuCogSbo,ils,train
9R3wtfJhVvc,ils,train
NgJbcwYqcyk,ils,train
yJ1C7PgDlQI,ils,train
1_Z_Zf318z8,ils,train
V2BODChc2Z4,ils,train
ZYR2aAaO_w4,ils,train
Wa-nTE59jbo,ils,val
gBEA_AKzCcc,ils,train
iXaOF0MUKlw,ils,train
bO9mM7e1RwY,ils,train
d9o6WdU__5c,ils,train
ntvRTlfglmw,ils,train
aVfb5_vj3YE,ils,train
7P7JJADuC9M,ils,train
SuYxFzQkgUw,ils,train
bOJhBUCwDJU,ils,train
8j5U29GkglQ,ils,train
x3DzcbMRLrY,ils,train
S-Ns88KPN20,ils,val
VV3IEtn4ZqU,ils,train
j3-8CJOQw-I,ils,train
LP1vtmYEcPo,ils,train
ubNnDR4GAH4,ils,val
6sAZEM3-O4g,ils,train
c7px8HeHlIw,ils,train
UWtnlxcFsbs,ils,train
CYki_ZduM4o,ils,train
CKqHO3d7Ym4,ils,train
ITd_tzJtR5E,ils,train
RrZfGwKyHhQ,ils,train
GWx1u6MO_-4,ils,train
Cjvgt4YNN9o,ils,train
rDhafWtDZOY,ils,train
DasZkZ5Svi8,ils,train
pMQ_nJxehQk,ils,train
i6v-Vd1wgXs,ils,train
fKlqgN66YMQ,ils,train
rATP6bs6Ne8,ils,train
JjdKjeefCMg,ils,train
FH5m801JvRs,ils,train
0kxBtKxxrcA,ils,train
ob2n3godazw,ils,train
1iuBbD8pzwo,ils,train
-mtvEpEhkZ8,ils,train
bt8z1Ev3_aM,ils,train
nzizOshJxmM,ils,train
aGcnjDLulys,ils,train
0DFjDy70ZNk,ils,train
qHuqeTGN1kk,ils,train
XHY4ljiJG_M,ils,train
laHi22SNsoU,ils,val
HKfPBGHSDlE,ils,train
X85-cqv2rl4,ils,val
_O7xD62Bx3M,ils,train
yXZyZSPKnZc,ils,val
ddhC7XezJiw,ils,train
6wG-y_nHtpE,ils,train
q7H00wwKrzc,ils,val
bRdLlpnQTPw,ils,train
NWh_riSc95E,ils,train
o7N-YO_0TDs,ils,train
F65Lzbr5mS8,ils,val
bSuo6BFTOiA,ils,train
c6EJgOtmsho,ils,train
rUKtjBYOX-g,ils,train
fgChtPbVlBU,ils,train
4Obvz0SFm-M,ils,train
hctzr6BzNOU,ils,train
7lhfNS2-9y4,ils,train
hi3uEgFP274,ils,train
uyVLFAbXTTM,ils,train
b6uokX9USl0,ils,train
gOyPUWiUh08,ils,train
QPSyIIUrpvY,ils,train
O1wgASeOCyg,ils,train
2a_g9a-5cWY,ils,train
6nanlk6dqNU,ils,test
aTPnABKlceA,ils,train
3Hor5ds9S0Q,ils,test
_0Hb7SzQ-Rc,ils,train
S4FjMZ7dLBc,ils,train
t0r3c78svXY,ils,train
Dp0PH8-VIYg,ils,train
a3zjWtBLRYw,ils,train
kq96ThM9GII,ils,train
VmJHXncB9WE,ils,train
-oL7E4QvsMo,ils,train
Bz74Qkl9J18,ils,train
5rqqfegSvMo,ils,train
EaFSDOSxODU,ils,train
t2i538Lr6Eo,ils,train
FM2lGakhj1I,ils,train
XB3N5s7fLA4,ils,train
t-gv3GtfRuc,ils,train
nnEyNG1y0p8,ils,train
lde9d_AEbLY,ils,train
EXyQHwpnMps,ils,train
TIq39FAldDE,ils,train
u6Pk_i2B0P4,ils,train
3JpCRRzD54o,ils,train
c3ojVnKEKy4,ils,train
Hu2zfOTyEyo,ils,train
0_2uC5j8Bew,ils,train
5cQwM3-mzhQ,ils,train
vIXT8pCm1e8,ils,train
ekLwjnpVsJI,ils,train
PB8KBBDQLBw,ils,train
7yRAad9cLi4,ils,train
1SJVNQ1_vS0,ils,val
MEwYQ9smmAQ,ils,val
5qtYeCllBxY,ils,train
DyL3LhJifFY,ils,train
xT65AYydS3I,ils,train
XISt7zD-Muc,ils,train
GQTprVzt9JI,ils,train
13Gh-IRRpmI,ils,train
IdIbHsSSW20,ils,train
LpJle-dLPs0,ils,test
Q7vOVw03bVA,ils,train
8U5bYGriMlQ,ils,train
xAQ4070LJC8,ils,train
7Aysi_GQHn8,ils,train
lK4AeDm3oHg,ils,train
zUxn-wLKMjc,ils,train
NRzBaigOtXs,ils,test
c8m5qqmYT8Q,ils,test
2gLHBgjBsmw,ils,train
VKIGLsJJYBo,ils,train
i6c5UfjQrVY,ils,train
TaljpubAeWQ,ils,train
7NB2IPhav08,ils,train
hcDIu57kz60,ils,train
zlo45PcD5pI,ils,train
_PwyZT54B2Y,ils,train
hYefU8MLyOs,ils,train
UweGyj2vy5E,ils,train
KJvrR6NVCC0,ils,val
NTrdl0s83Dg,ils,train
q7snsxIn9SY,ils,train
5EpoCC0F7R0,ils,train
JS1Xt4GuKTo,ils,train
qw6zqh0ehts,ils,train
1Ow59vLdJFQ,ils,test
-eHrE0FRgoQ,ils,train
l4WV1a6WCos,ils,train
GIT7Z1kmSWo,ils,train
WiRcYCtGH40,ils,train
9hFnbQHhplo,ils,train
F1dSw1QEt40,ils,train
eZWwl267CEg,ils,train
dkbtUlIiL1M,ils,val
ohlp6xQHQig,ils,train
vxGE6VegdNk,ils,train
2N47fTDGw9c,ils,train
ymTy6-Ryvkw,ils,train
mepMo5retVA,ils,train
4fz0PO7ulLE,ils,train
WFSP48we5TQ,ils,train
s9CWlyedhJI,ils,train
sRJdHK9i2yE,ils,test
XRfzTIRaNz8,ils,test
WYoL14Yyw5g,ils,train
hgkyHLxGSL4,ils,test
TvhaAZqG_Lc,ils,train
JliB3bVNv2c,ils,train
5FjcMUX6JJ8,ils,train
lhcMGcrVL2s,ils,train
ZsHoBkPB1-4,ils,train
A9j0U7aOjCo,ils,train
bQGHBGtMClQ,ils,train
TieNV16YG9A,ils,test
q44jkGYQV5k,ils,test
s7_i0LADtus,ils,train
v8_4fdfIF6s,ils,train
mPHtoHuO7CY,ils,train
Ugvqw3_11Lw,ils,train
NS7m2xyREnI,ils,train
u_u34DKad9k,ils,train
TPaBXgwMpJ8,ils,train
UTMm7U39Bfk,ils,train
7ToPXaGx1mE,ils,train
WZz8bP3LTZU,ils,val
YH2Gej4Pp5k,ils,train
K1RyiPY9By4,ils,train
0VJxs-gx7Uo,ils,train
nwPu9HPk-PQ,ils,train
tLYsnVC5t6M,ils,train
hDytsxRuZMY,ils,train
Kwj8xzEJ620,ils,train
-TAszHyF2PE,ils,train
-zGAwd6f3Hk,ils,train
sCtewERfZic,ils,train
1JcyUKyAqO4,ils,train
kJ2dAzevnAI,ils,train
s4zHyRsX5Yg,ils,train
CWMo4VatVxc,ils,train
3-cfmaZBZVI,ils,train
VwfIFlwMzRQ,ils,train
1RJ0bZ4r7IU,ils,train
LUh5wikgGRg,ils,train
2MKc1aH5Mok,ils,train
4rSMe4rnyFI,ils,train
0zx8bmDb6Mk,ils,train
EtdeT8948bE,ils,train
uTqkCZQ9EL0,ils,train
eo3mr-E49jo,ils,train
MlYkkxHhLHo,ils,train
aBvg6BAiGZ0,ils,train
Ex9K7Jchbck,ils,train
bRQkT14Y6bg,ils,train
PmHgqjrAQo8,ils,train
PysHBPYlm3g,ils,train
xrq5r0hWniI,ils,train
17OayZRQTkc,ils,train
fZ7MpdqUH3o,ils,train
HIiuUm1ogGE,ils,val
XyhNmTeSPjA,ils,val
pxW7wCKp4p0,ils,train
GI7U8cHhN5g,ils,train
UnwRKCZ5xuo,ils,train
YgAoQiajIL0,ils,train
Np3fLwbkuI8,ils,train
4LFKcUuZj4Q,ils,train
-6pttZMXL64,ils,train
XYZGlx6yOBw,ils,train
Mwsr-VM9z3s,ils,train
3aD9jvbIXsI,ils,train
sWe07xEO1CY,ils,train
lJHyRy_imGI,ils,train
C_cGb48hiZ8,ils,train
Gfdn78uh8hY,ils,train
BDhzuX-yU38,ils,train
x651RavjTsY,ils,val
bR6SnLZ0b20,ils,train
OfnHK1tw1Y8,ils,train
SnNhu1gZaFA,ils,val
kNfbJVUbANk,ils,train
WleEF50uwR8,ils,train
6USagIG84dk,ils,train
VIEZf3NNdL8,ils,train
VI4DFTB0TPE,ils,train
_b1sjrGBqks,ils,train
h6hwdWlEYAQ,ils,train
cKus8bxbJ3Y,ils,train
XzKkeuDCg1k,ils,test
sWsT940jmb8,ils,train
v69LSrkxSgQ,ils,train
6H1a-PmuwuM,ils,train
FWv231uOQpc,ils,train
grMaHSA3qaE,ils,train
CZ_uOlF_5Yw,ils,train
v8DbkIOASOg,ils,train
-zATThg8oUU,ils,train
eOxc4_Ou548,ils,train
RF8b_SMCL-Y,ils,train
zX9uX4Y3je0,ils,train
XWiZ-SBNL28,ils,train
xzb2ah1r79k,ils,train
uJStp3lIQeg,ils,test
s19Q_vvmpLU,ils,train
q9jQrGSGkxw,ils,train
rLIVBVeJDxo,ils,train
QvtV247JcpI,ils,train
QnhP0lTcLJg,ils,train
YJkzk4Em3vs,ils,train
oYVw5UVG-2I,ils,train
qIQ4p7i7348,ils,val
z4YaGw5pYK8,ils,train
1rDhVTHdS14,ils,train
SUFxtDf1PH0,ils,train
Z6QNwT_2y6o,ils,train
IL-JBzdtfN4,ils,train
1oYsDRwrY2I,ils,train
nZFD3RqrTZs,ils,train
cjQyPQ5AVeM,ils,train
BXaBTayZVyA,ils,train
qj-38msZeOE,ils,test
5dzm6yDvoDA,ils,train
fyERW4v8qW0,ils,train
X8e21q0ZFT4,ils,train
vlRIaNJ9voM,ils,train
kMsFOkc7-Q4,ils,train
uoJKqQUqV-4,ils,test
7hS3ib2hM9o,ils,train
CNdPkLPCAw0,ils,test
waUo8dKU9gk,ils,val
AitpzNp1zRA,ils,train
2u5JJo8Lk3k,ils,train
8v7Wx8511ts,ils,train
CbS7T_2aFEI,ils,train
xVWsR55q6rI,ils,train
EguCGadJePw,ils,train
PrUXj62lcrI,ils,train
6XtmPpaD9nU,ils,train
YYFJQ5_7h4s,ils,train
26klaqZ8IrA,ils,train
ZlHibhNoga4,ils,train
y-aG1qVwY6E,ils,train
vPOBQKxlQDU,ils,train
3DRJcN9IgTI,ils,train
ckf4hhY1A_8,ils,train
7qFhj9c4HNU,ils,train
WTY2-12LBMM,ils,train
EzGtWC7UXOw,ils,train
2PUbxXOYrz4,ils,train
_dQQlYRMjwA,ils,train
qLqsYLsksq8,ils,train
q8FB-KO3ung,ils,train
oMgaj9SbHj4,ils,train
Wf1Rj5KBp7M,ils,train
uG_uL0R9MGo,ils,val
8-WDXE1R1lU,ils,train
Ng4mMU_5zVw,ils,train
ych7M6eePaY,ils,train
e_JMog2Y5PI,ils,train
1xe5HNLZFwM,ils,train
fJ-pkZNU_iA,ils,train
4FImIduNrlU,ils,train
ctr_uSUrfDc,ils,train
xxD_ukpPwyI,ils,train
pOiOUQeVVqQ,ils,train
lltXntiw9z0,ils,train
jtbI4gKuYxA,ils,train
qcUrX32izAI,ils,train
YyPfaPkktjM,ils,train
_qtU9nzdq1I,ils,train
TyEhxY0uxZU,ils,train
QTecBSWMrGg,ils,train
iy3vQu1WW8g,ils,train
bIKuDzj6MxE,ils,train
gTTOmebFuZQ,ils,train
sJaom2oxtQY,ils,train
k-SWGV_Oa8M,ils,train
iNhXIdOvVFQ,ils,train
aeB7ajahU2c,ils,train
8Qhp3QNQ3jQ,ils,train
7viwqUDtkFg,ils,test
8k3DI62-okk,ils,train
8O4PPstbZJw,ils,val
_z0PENyLqo0,ils,train
M4kGy1ZpZ_w,ils,train
7DNeaJOUODU,ils,train
hfKUKYVNYCM,ils,train
8OiSk9ZKUME,ils,train
XvBkAMM_9gY,ils,train
deeuSzzldgs,ils,train
lp3nXiJLec0,ils,train
aqV5vW004sk,ils,train
fJY12ij0kRU,ils,train
jQlGyEhnq1A,ils,train
lt48gerwQuE,ils,train
HElovkb1g_M,ils,train
Pn-bnlkBRec,ils,train
9HsE-6hr4qM,ils,val
XdNOtjj0X8g,ils,train
8zQ2W1jk86k,ils,train
Zq6GgT75sAk,ils,train
g_73GPV4pUI,ils,train
0FaWPUTjVAk,ils,train
KAx0-Uf0Atw,ils,test
wjSyIhzhgAk,ils,train
6UYrvst-yPg,ils,train
I9u3zccXm94,ils,train
nDUFU2fOXmQ,ils,train
nkO1r7nyAEk,ils,train
Xw0jccghkWo,ils,train
g_MwANzMQAo,ils,test
Zq0xia-8Fdw,ils,val
P2OV-k5jt1g,ils,train
l5pICtjnisU,ils,train
9HVDyZ7elTU,ils,train
n4tC1ooOfE0,ils,train
ywGlQFzl-V8,ils,val
Q9fxHOpJUQc,ils,val
RN7AF0NrXSU,ils,train
TMICjz77ckM,ils,train
6mE_8gr8SEs,ils,train
WrESGhqFahE,ils,val
S6PHfUH9zME,ils,train
tXLs2NyVP1s,ils,train
eOda3y3I2YQ,ils,val
EpufRUDv5wk,ils,train
g_AmzaxmFKc,ils,test
-Rirm3bIi-Y,ils,train
OmNGyrKRAYM,ils,train
Bg3p74QnXy0,ils,train
YWb-GKamImE,ils,train
FP-RvGJHv90,ils,train
eyHQVaPL3WM,ils,train
JZhAZ8LmY6o,ils,train
6915HNhIXvE,ils,train
uRWZkutmkJk,ils,train
a-pHt054PJM,ils,train
Yhngtrd6glc,ils,train
kmTVvWIP2Ww,ils,train
tXFld9i2nDc,ils,train
NgH-eoZiUCc,ils,train
YSzWxtOT2ec,ils,train
ftEvEiGJHvE,ils,train
kRvLPlADGwM,ils,train
V_kAwH39B7g,ils,test
vL1DHl_bSfs,ils,train
loeCtg__pus,ils,train
FwOrq7tqQX4,ils,train
7DL5wqYc8vA,ils,train
Yflm6lzJbXM,ils,train
bkoO0-T6oGM,ils,train
Mnkrr63-99E,ils,train
1IAn2_uqPEA,ils,train
Vf-a3vaGTFE,ils,train
yNbTRkZe8MQ,ils,train
PsObx3nvMjA,ils,train
gqdtzNsaOWQ,ils,train
7AmGAhc2ghU,ils,train
L7IEPbNJCmQ,ils,train
6_7XxUG1HF4,ils,train
s-mUkIgbtA4,ils,train
I9youJ4wO7c,ils,train
bevaE9qRQdg,ils,train
ic93b44gsX8,ils,train
ZRRQ94i0TLI,ils,train
fFfrrmaJDGQ,ils,val
-d52jqR6NA4,ils,train
gQuuu5GIX6g,ils,train
dFClLmwl7bw,ils,train
ZVtNlznwT2g,ils,train
hM6wfk00K9U,ils,train
mkneUfJHjWE,ils,train
vU-joxmoBiI,ils,train
JgAQxnLCJRo,ils,train
FS21W9HH2wU,ils,train
RQERZ4B8-jY,ils,train
F4Bfl8o-l98,ils,train
OQZtE6j46z4,ils,train
EeSGYJXi6NM,ils,train
5C82cQ83onU,ils,val
NYZQBk_EdYk,inl,train
l1ICDuNTM-8,inl,train
LrwweFdzHY8,inl,train
_yvFThIwCaA,inl,train
2q4BqMnd2s0,inl,train
EQONDV21eWg,inl,train
NdIzOJT8uJo,inl,train
7g6nwJw_K98,inl,train
_p8CTvpyaBg,inl,train
p1G1n583JRY,inl,train
u_-z1FYThvQ,inl,val
2qWioUqEzZ8,inl,train
Ah7YB46RW4E,inl,val
d2Zn6_kmQX8,inl,train
gIOfvkNBt8E,inl,train
LurM-yErBsg,inl,test
jAP6F81A5z0,inl,train
BL7G4YmlMJ8,inl,train
ooUqTxqu7vo,inl,train
1gAwxz1zDrM,inl,train
V9NoYc7MlNE,inl,train
5v0VLG_QAic,inl,train
wcXxl4Ry004,inl,train
oRLVz5I2l6o,inl,train
Q63TLY0brrg,inl,train
1JIeP0DczJs,inl,train
zVogh6Q71kc,inl,train
b7o_q2g9JV0,inl,train
-ZM2WjtdK8k,inl,test
wpB5hedJuLA,inl,train
YKgAgl4vDX0,inl,train
m54qzBHNNss,inl,test
E83JWEp1KXI,inl,train
8yIvm7bS7Dw,inl,train
uw16HjpZBeE,inl,train
2T29sQa93rU,inl,train
zbnkFezY3Sk,inl,train
A8RyXZu780k,inl,train
I8wPrT8WLxM,inl,train
dhbPiNnBWVw,inl,train
CbiRxFAhPg8,inl,train
SDmzvnIZmjU,inl,train
SBUhZ6xJ5N0,inl,train
KchPWnLIp2U,inl,train
4p6913jXixA,inl,train
5FG2toXgTFo,inl,train
W_BdIS_5DU4,inl,train
qZPJFhy-lR8,inl,train
h2huECmVADQ,inl,train
eGoAwLDIi2Y,inl,train
LWzxehDbSn0,inl,train
jnEeq5KuHfc,inl,train
eH8cSIWoxZI,inl,train
8qoaTSwIIz0,inl,train
TwVVdgpYDWk,inl,train
SjD1s8x2tWA,inl,test
WstmgCMX-vU,inl,train
b3x4cIAY_1w,inl,val
uQ-NnsqR1Wc,inl,train
VKQycxqi778,inl,train
8oalbmGb7Lo,inl,train
v4ZqaOdDaHs,inl,train
jVR4g2Gzo_A,inl,train
RzJQz0gFMQs,inl,train
ZMh7EA33eWk,inl,train
AvYk84DOl0c,inl,train
ZMYwcHf7d6A,inl,train
maCmezUBCWk,inl,train
1-7xSVVTx_U,inl,train
ZuTjELD6otg,inl,train
eRbHKlc13r4,inl,train
bNR8DinWNjg,inl,train
PYybwg-EHNk,inl,train
AEI8jKJriys,inl,train
Wgq1l9bgEws,inl,train
zbiqh7S867M,inl,train
SewHHGPUCAM,inl,train
oJ1lf77f-tI,inl,train
X-22_m5nBtI,inl,train
-CiIjApNUpM,inl,train
hwZFMhDK9d4,inl,train
h1gmJWINKu0,inl,train
8zSXJUnRxTI,inl,train
7J9eKrTQ1wA,inl,train
FKB5SLeqzv0,inl,train
YHKq4DeI3AY,inl,train
svkn_pse5d4,inl,train
Aio53GGXSRY,inl,test
LNwUxmxc4Ew,inl,train
GW_cpiwCdPw,inl,train
Vayz9OLFAuw,inl,train
f19M_aaJAIs,inl,train
5z9c67BlgGI,inl,val
vNT-U7_Lxz4,inl,train
vxyqxwIukps,inl,train
dWgKaW6WdEg,inl,train
p-oEKjZoJlU,inl,train
KSv5F8IXYms,inl,train
OT-eLYFacYI,inl,train
CBs9wKUl0bI,inl,train
zWZt1PGC91g,inl,train
JZ1oksEYAes,inl,train
OEtuepV2CVs,inl,train
JiGU3zos79E,inl,train
R4xZ6z5_oCc,inl,train
U6nUYmF70C4,inl,train
-T31Ks3wdDU,inl,val
QjWw7zv0XEA,inl,train
3fcej4gU1nI,inl,train
aWvo3pqX-NU,inl,train
7lC0IYN6N-U,inl,train
feT1vr5wkfE,inl,train
7hvq415LOhQ,inl,train
T7I7wuPofMg,inl,test
bU8Cpzeq9lE,inl,train
v98UR3CtRW8,inl,train
JNp1gu9Uo70,inl,train
tyJmoaFv1rw,inl,train
Q0rPxIyZ65A,inl,train
M-FmnSCWPc4,inl,train
2Kv7iDVY6Q4,inl,train
PXlw7pbdgjc,inl,train
k74bXUEIFXs,inl,train
LcdSWKDspr8,inl,val
qUeGyAuQPn4,inl,train
jnFbqYF7I2U,inl,train
he5i9Qk39W8,ins,train
Jz1U_V93e_I,ins,train
cUc0iuCCQ_c,ins,train
mERLZY6cnGE,ins,train
4rqNUyq_i8A,ins,train
zWrK10Oiu-Y,ins,train
6U9AFGakrn0,ins,train
Ii7ir0R7tUE,ins,train
EVowQkvmuu4,ins,train
JqYder5vRP4,ins,train
DsT_iDM-IMI,ins,val
XyCHoeewHkg,ins,train
fmxjXJvuaK8,ins,train
t5KIrPXx34M,ins,train
rcrNTVSx04c,ins,train
9bcaYTt6rmU,ins,test
hy9yPle7WAk,ins,train
0dB7lVpTwMk,ins,val
KbkCJ0pvUq4,ins,train
Wf6Am2k9Inw,ins,train
XIYVemtyOYQ,ins,train
TfsDZkMX5fM,ins,train
TDtS3lXTuLk,ins,train
GYS8AvI2GYw,ins,train
HUDflBe-sew,ins,train
BOH1fo7tTXY,ins,train
J12VOr4ph_A,ins,train
KWWJaQVx7hs,ins,train
75OjygRE85g,ins,test
7DIjDDOLmkw,ins,train
ObqnF_q31MA,ins,train
trTrYTWbYOg,ins,train
J8F-TRIGCUE,ins,train
X3el5ECZLFc,ins,train
UcUuiypEQLU,ins,train
9kqU4gaqA7E,ins,train
19Vf1LlXjO8,ins,train
EkkQ-PISS9Q,ins,train
pui976uX-cM,ins,val
4rNcMZTkqS4,ins,train
ZxzQtT5MnjA,ins,train
l3K8axpq1AE,ins,train
9qM2lB-sxwk,ins,train
gJP-lgNgfb0,ins,train
TbzbNIN1nrc,ins,train
VyLNpCAuyXQ,ins,train
p32xxMxPIWQ,ins,train
2bcHJjXr4oQ,ins,test
OU4OSCDZWuo,ins,train
QfbKBloaz9A,ins,train
wzD63bwpAzQ,ins,train
cwS470pK0rI,ins,train
Sl5QuSUG9pU,ins,train
ARE80MIRHhQ,ins,train
TT5HYh1qHQM,ins,val
nMwoZ_xdkIs,ins,train
vpyueI29gn8,ins,train
S1RYzljJdlM,ins,train
lZWD2xHqTNg,ins,train
FYfpom5bgkc,ins,train
z3MIZPdvC34,ins,train
k5Ltw9MTlsg,ins,test
4p_gJqqGCOg,ins,train
OyoLvHlvlt4,ins,train
-52TuynsPz0,ins,train
6IX40TDtF5Q,ins,train
wHL9CxE7DvQ,ins,train
u2R7-Eg_aRM,ins,train
ZsedICaIecI,ins,train
IgSlq2t9dMg,ins,train
q1UMpU8APOQ,ins,val
n5OUkLIJ6m4,ins,train
1MubrkPLmZY,ins,train
hXkHwOHHKSw,ins,train
VGkN_oLsqiE,ins,val
2KoaQCJSzuI,ins,train
bULm7nniSMk,ins,train
KxiPtd61oWo,ins,train
3JLaPwiWUQo,ins,train
fLO-VdUSKjQ,ins,train
MDnl7ui694k,ins,train
5DenBpnSjKk,ins,train
5Zb1sQm_FdE,ins,train
7SzLUH_gHXM,ins,train
l9j_B2T3KvU,ins,train
Mlve7Ndp9Tw,ins,train
DowKs9ym_oE,ins,train
Fapv_Egd0F4,ins,train
RUVJf5P-RZE,ins,train
YrNpgpusPJc,ins,train
AzWFyZOUszU,ins,train
PnTq4CNKUzQ,ins,train
uYY1oZX0lLY,ins,train
J35oeM-w2xQ,ins,train
2uOAsmQPvsg,ins,train
LXAy7ithM2s,ins,val
CnmXF10upbg,ins,test
cOOX2nE4Vls,ins,train
sR5NibavEOs,ins,train
-3GZr4gY8Is,ins,train
RUosVbUE51M,ins,train
6_e2UEx1Qms,ins,train
bGAfhN4vMpk,ins,train
x2t3cgiK7Nw,ins,test
uQH7m24oKLw,ins,train
K5lgB4YzOO0,ins,train
5V48frEFMSI,ins,train
kv6DTmN379M,ins,train
wl7Emx6E07A,ins,train
zeTI65Q5DO4,ins,train
iirK0tT1IzA,ins,train
T1W4pDgMkoM,ins,train
BCbTchIr0ko,ins,train
Er76FKrXqsA,ins,train
XUipjJDCPKU,ins,train
MzoR3wpsDBA,ins,train
MUtSl07R0rU,ins,train
HSSVpcwN2Tk,ins,train
GayvBexIkIs,ins,train
MZRKO4W314E,ins,train
PIkoZ2kaoRo,ins,test
4P-gqpkEV6U,ins,test
uraIVzplmoE,ins,train
bqE5C2tmc9c,ins,train
AJtzXX1c8e0,ins,train
1A-XkRVfIvw,ins,train
7y5nuDFgmCY,ins,train
4BIfkSdL0B4,ins,train
1KPPkNkr1jg,ins,train
Y2z-EYqUKmM,ins,test
oiV1jy_sprw,ins,train
t9fu-yp17W0,ins,train
yn-hR8ns7a0,ins,val
HAVnWDm4NnQ,ins,train
52OxMXwPFHw,ins,train
tIrD67G8RKo,ins,train
w0Q_s8aWuJk,ins,train
WNg4vkMnQBQ,ins,train
BESRE5mtipE,ins,train
wkGWcwDEjcw,ins,train
LEsJmaQglaU,ins,train
JPJJ4vv2T1E,ins,train
iEY1JdRz-1w,ins,train
KYkkhPAVKDQ,ins,train
ht2jjYnxdyg,ins,train
2xVgmBjyF5U,ins,train
7CIB8on0JZc,ins,train
usILpoQtVwQ,ins,train
N1w6AeQjm7M,ins,train
m6wKimp7z8o,ins,test
A4MqkFDEVf8,ins,train
XACXD3KH_Bw,ins,train
-262R2STZMs,ins,train
N71xveAo9tI,ins,train
EH93RxohCMM,ins,train
cfWQAVA2K1Y,ins,train
oneo2jSkzM4,ins,train
hwBhFIyxC6c,ins,train
HX7dfkyvgPM,ins,train
PAQdSdHGqHQ,ins,train
fZLbpzvBpsE,ins,train
PWwVjZ17O2M,ins,train
ResLKKMl-0A,ins,train
38UucoEFg-U,ins,train
F9qGDEI3Xzk,ins,train
56cFg5SFeNQ,ins,train
3nAzRz8b-5I,ins,train
S0bzk-6TE6M,ins,train
AidVXMeFeJk,ins,train
RzL5RaYepuE,ins,train
iW9UD8rNkKg,ins,train
s0kMXpwF8qw,ins,train
HoeIyCOuphA,ins,train
xAkGuTsNbIE,ins,train
7xmzyTqVfMU,ins,train
Rq4G9jvrxrE,ins,train
kytITkHoyls,ins,train
tGxqcPs97-8,ins,train
krbQap3jGE4,ins,train
ixXF2UGOyoU,ins,val
XfQQwYN6YqY,ins,train
37TES82XVs4,ins,train
W_LjNlwlqSI,ins,train
LjfKlW5GSbc,ins,train
72y9dko6y04,ins,train
xMuK0fKAgP8,ins,train
tYsG_v5x680,ins,val
Jq6BM6SXYgc,ins,train
skgtV-UF4Ws,ins,test
oPITLi0VKh8,ins,train
8egwK6RxXVs,ins,train
2T8ykEcp7h8,ins,train
URkrw04pgbw,ins,train
sJlOxY0Rxdo,ins,train
Mx8v2tnNJu0,ins,train
xuczcBLxZqM,ins,train
Qf8e0l0aldk,ins,train
zh1V_GEAwc0,ins,train
h7dig-GuKPM,ins,train
VcmQimG6aZw,ins,train
T6in5LrQNEU,ins,train
aErkMWOyJI8,ins,train
YsuSHJ3klEs,ins,val
pbLw_XQ-gNY,ins,train
73qbtMj3bxY,ins,train
JBJf-xuCDwU,ins,train
_HQLXlMv7ng,ins,train
7vyRKYNLe6o,ins,train
jm3Yzwi_Csw,ins,val
GDDfHIuuLMI,ins,train
wPoTFqiFryY,ins,train
HQRWDrYLnww,ins,train
OwBtqPilK-E,ins,train
uafCWJGvqck,ins,train
JOxxG1drLDU,ins,train
9uwLxEO1p5I,ins,train
zjpu4hPL2rY,ins,val
I1iIHkozOkg,ins,train
yyLTRIF2Jmg,ins,train
6P8QhX5Ct_Q,ins,test
7X_1RpjBKHI,ins,test
E8XWRI2Ju6o,ins,train
jfWbrySQfrU,ins,train
itxDUiXDpac,ins,train
EDOx0MPrLv8,ins,train
5kymd5UTvAc,ins,train
yNxKuLpV_5c,ins,test
FBLQbeZ1Sa0,ins,train
iXgeC2Uchg8,ins,train
2B2z46vgaAA,ins,train
NK-CF8RFgDE,ins,train
Pt6NnxO0wkI,ins,train
i9BZgDiMRjQ,ins,train
alMJJ2UWYGI,ins,train
7sbJXL2rPMQ,ins,train
WR9X_64udKs,ins,train
wx_8l6eDSEI,ins,train
jLQJcJXSXBM,ins,train
HNTAlQdEsn0,ins,train
fJtmVZ068jU,ins,val
jDgu7cQ8j5A,ins,train
bPUi2BR0HD0,ins,train
jMdxYlvrkbk,ins,train
dRMH-cYpyA8,ins,train
AwGO6VPenc8,ins,train
JhOOVEr5Qo4,ins,train
woOXrfqFGiM,ins,test
nZ9P66KVB10,ins,train
TZD-1MggkKs,ins,train
l6U5vJ6Yf8k,ins,test
fLOGqJzIL44,ins,train
O5LH3EOKa3M,ins,train
Rzh28ZLZ_i4,ins,train
S61F-pQzY60,ins,train
vZt56rnH8QQ,ins,train
R4XnB75nCS8,ins,val
_z80Fp9SjhE,ins,train
zpN40_-f_PI,ins,train
AcGyHoq-YCw,ins,train
O7vrtOMTv40,ins,train
vR_Ko3HhcFI,ins,train
NsFsiFZ6JyE,ins,train
s9I3df__CNI,ins,train
0kldzhToGLc,ins,train
R7upLI1dYVk,ins,train
Vi5dyTRYIXs,ins,val
5z6xNqhmih8,ins,train
Rf2WJwoBF4A,ins,train
Cb5VVKfSxiQ,ins,train
brmHA_VJtkA,ins,train
EE0hgvIy0gk,ins,train
vj3PBzdSWWc,ins,train
1znW7rDCPQ4,ins,train
g2bYAgwOtEc,ins,train
BNOcyYe43RQ,ins,train
gbXXKaZcm3A,ins,train
hLFPOTwey70,ins,train
BxVYrXo2AbA,ins,train
ZuJkZxt8Law,ins,train
RvdDj-FcFkQ,ins,train
xf0nPw4767Y,ins,train
Ov-2ZDTGQb0,ins,test
tPR75kFz2fg,ins,train
xm5YC-KDXyg,ins,train
CgZzDArliZk,ins,train
rgkQZgoEutI,ins,train
sdl9B2_MrIg,ins,train
ice9CukJwRo,ins,train
gSCKjA1vlnU,ins,train
DT7QmIe03dc,ins,train
G-MqQD1AV_4,ins,train
8EF-jf08HVY,ins,train
QNIFAKLNnxc,ins,train
PLkSppxLsRc,ins,train
G_mFvxDBGeI,ins,train
n_1vARp28dI,ins,train
Hu6vY9QY0kQ,ins,train
WdxWjRwnowM,ins,train
jLb49xL8OS8,ins,train
uW6l83bbtjk,ins,train
kIOy5GJSdzA,ins,train
6KUwSx3EQ0o,ins,train
o9DARfrZg2o,ins,train
W073uequ0-s,ins,train
bGz1Dygl4fA,ins,train
Q9-jYdeQlhs,ins,train
zmmSiKlDOGE,ins,train
mW5I629kGzU,ins,train
OgRyZgil6xo,ins,train
-a1ujoD7OUs,ins,train
l3YulIsmMJ8,ins,train
cUCb3GVm8KU,ins,train
xWJQ1GaRPLA,ins,train
mAOsCttzvao,ins,test
HUMUUmS9JGw,ins,train
-ZfvxlrzzKI,ins,val
aCwcQvDfi1Q,ins,train
WCWuKipQGKU,ins,train
iAtNLanmM18,ins,train
aR8FXQ4j94Q,ins,train
inSQvqdFR1s,ins,train
YDGvl4egBwU,ins,train
fd-BDaqakPw,ins,train
asGok2kdceQ,ins,train
7-T-wcNif2s,ins,train
1AZJbi26_RE,ins,train
UGkKV6BwIsw,ins,train
7103MBI68aM,ins,train
p7kM5-ROSrM,ins,val
sDnnFvyCFLA,ins,test
zzCYU45901s,ins,train
_QxIMNNlDiw,ins,train
wOFo6Vw2jgE,ins,train
QIdcsiuvNuA,ins,train
VTkuYum_LHI,ins,train
MjZuU_o8mRI,ins,train
gn4-KVs0D3g,ins,val
qCg3UiB6vmI,ins,train
iJV5LaTMSGE,ins,train
W9VuNLzgYKc,ins,train
x0CcSANYQcQ,ins,test
Im-RbrxB4Ho,ins,train
FlY6caY1pBU,ins,train
PaFj_DAAgvY,ins,train
4hb-58e-Zjg,ins,train
mNrJZKxVAew,ins,train
ThOsVoZkp8E,ins,train
0L39hnBVT4g,ins,train
MGBe4qmgyxY,ins,train
kES_ZNjFKz8,ins,test
tcMLCDyW6NE,ins,train
v1aCnHYwR4I,ins,train
d6Ft1HowHVM,ins,train
_-vgYUFeMeY,ins,train
T0jQlhAwP3M,ins,test
gEgwa0Yx9aA,ins,val
hqrRpAsUgz0,ins,train
c0mwaGlEGaY,ins,train
Wvr7HcKSCpc,ins,train
Peu6sGMy5Dg,ins,train
tdo0OEPW9dE,ins,test
U1EmXmPhmTg,ins,train
hVk5kRmbmiE,ins,train
r7ZdfSrWM0A,ins,train
xmt-HSUWAvg,ins,train
CDIgpswCkvQ,ins,train
CHTqOiqOlwA,ins,test
FMITVobeAfg,ins,test
R06iikDmsOY,ins,train
RvLuUYDwdKE,ins,train
-6Kezg0HhG8,ins,train
1YaSaV3rYoE,ins,train
TvYfLZJkg_Q,ins,train
3bi7KNSxFuQ,ins,val
9ePCpdtDf00,ins,train
TduKFCLpygI,ins,train
OJxSniCPUpI,ins,train
jCZW5Ncm1C8,ins,train
5WdYfR1SefM,ins,train
ydf4gSl9r68,ins,train
Oi6uYleR1RM,ins,train
5xXaoJnnZ_E,ins,train
3QM8X40ihe4,ins,train
6A2BORfSS5Y,ins,train
hXPsMjxHSBM,ins,train
l8VEkNPjJeI,ins,train
RWDMN5XKAy8,ins,train
NJuzTZ06NXI,ins,train
_BS2jSXdK_E,ins,train
C7lS5d47tVY,ins,train
pav4Uf3kOMs,ins,train
P9Xf3pu-eKw,ins,train
E-XP6CSzU_g,ins,train
gjU1P_Iz8m4,ins,train
XhWEjuhXygA,ins,train
st75SMZT1tY,ins,train
7Y0zXulWFTI,ins,train
Ca2wsX9d2uo,ins,train
wMW2bGekfh8,ins,train
vkjkJDk1QWo,ins,train
MDhaLxsXqbc,ins,train
gBo9NvjdvNo,ins,train
-9qQhAqVOYo,ins,val
zjLM7xgXwkA,ins,val
4snO8fi09Kk,ins,train
gginw1B9v04,ins,val
DDJbQPdMiCQ,ins,train
16d50cwIpoQ,ins,train
zEwn_0fzCOQ,ins,train
fjmZH2OZW2o,ins,train
JBlDsrKXdHo,ins,train
NfzZrgbvpjg,ins,val
2_Kk6ELe_Vc,ins,val
QeZnGwXmm-M,ins,train
8pU6xx8g3Ig,ins,val
PyFE3-xF-xM,ins,test
Zj1bEj_IWFw,ins,train
lpufLUJ0Rgk,ins,train
v6jjcEyfX-4,ins,train
ojYFIliNLGI,ins,train
1pumx91U-gU,ins,train
ULduOZwlsIk,ins,train
EBLsz4f1D64,ins,train
wAncC9HGZIg,ins,train
sKUeLtaK_KM,ins,train
6qEb7tqcFrE,ins,train
vdlee4DkKIo,ins,train
T4tQrGSd-o0,ins,train
yJKNUweLKmg,ins,train
u4Yz3mmIjxk,ins,val
CrNzs_Nl91Q,ins,val
ld4fs1nLrAA,ins,train
QWAic5-xG1k,ins,train
Y1LX2Rt7Rdc,ins,train
6ul9HI4Kx2k,ins,train
vukMfuJtFSw,ins,train
4AaYPCJ-5uc,ins,train
bFb7iw3-HvA,ins,train
FYONtki62lg,ins,test
aDwdB7xHAOE,ins,train
glmC2wvt_Cc,ins,train
9fAmo0sakzw,ins,train
6sKMk0nptJQ,ins,train
nXA9Qpj2z7E,ins,train
rriikvsa1JE,ins,train
SsI29IFMKo8,ins,test
FE29I0dNDMk,ins,train
TLyeRmk7SGA,ins,train
o9sbQlM4VxU,ins,train
K7BrYP-tkXU,ins,train
UEh64QG4Ll8,ins,train
8li9dfztqk4,ins,train
B7sqmtgh0FY,ins,val
hGOL-7FC6vk,ins,train
oXkagYSRrx8,ins,train
5hpghLQx8cE,ins,train
iUak2g_lXbc,ins,train
mfNsKgpdtqE,ins,train
Gy1ESrd85hA,ins,train
m2Z9Yh01tQ0,ins,train
ZxOVR7-YxSM,ins,train
NIKHNIkrHjo,ins,train
uEb9gve9b7s,ins,train
tz7_Rj4JMjQ,ins,train
0wsJ_ARtFe4,ins,train
R_cjfdz4GvU,ins,train
vOayzlLJkLY,ins,train
KE1EsTlft5g,ins,train
tWPNjpGPzHk,ins,test
jwbIKes21t8,ins,train
ce9823jc57M,ins,train
ebFJ-aKDrOo,ins,train
6mxHTcyJBR0,ins,train
d8w0fW18Jns,ins,train
stXOrHDk2os,ins,train
ud0VBbksxzo,ins,train
uMbVIbgo83Q,ins,train
rZG7T9ujMEo,ins,train
iWoBmd3vD8g,ins,val
Ka8YODorn4Y,ins,train
C-cgPb_N2dY,ins,train
_G416GnhZQ8,ins,train
NhwE5aBEIw4,ins,train
npkekHa7y9M,ins,train
f3tYN4DxQBk,ins,train
cjOYkN1cQCY,ins,val
iixTXGfHf5U,ins,train
CTo15dG9Hjc,ins,train
LBtlp5l2cRI,ins,train
NJbrq5MEx7Y,ins,train
9T_BEkBowqE,ins,train
ZmA87slh9oE,ins,train
BskL5hzF6Jw,ins,train
T8D3ge81Jyg,ins,val
C_2vBWejU0Q,ins,train
vduH6mjEDCw,ins,train
dw7AzLOYDOI,ins,train
LI3wO3YkU1M,ins,train
Y7FiVp0ya0g,ins,train
wapXkwooMmE,ins,train
Kq5HfchSWv8,ins,train
KZQCIkqsRVg,ins,train
6OlSDCcwM10,ins,train
Zd0XOmUy4EE,ins,train
zARVlizI_LA,ins,train
SGoahyb05CA,ins,train
JodoevpeyaU,ins,val
GDqcbyv2jNE,ins,train
lv0zjU05hjY,ins,train
mpf9SWdRi24,ins,train
ETBstlLXObs,ins,train
kFLZk_zixkQ,ins,train
48jw74ujIz0,ins,test
XInr0GPfQR8,ins,train
eiWd9ZM9Mk0,ins,test
2Fq8P5tEo2Y,ins,train
XcPxpzTgyBM,ins,test
thrgTKl1QH4,ins,train
OoSnNeFoWuc,ins,train
iG8LYxcLZMQ,ins,train
bjJY86GfabQ,ins,test
pvfwMZrB6gA,ins,train
9b96L_5O_vw,ins,train
AI-jlgZ-Huc,ins,test
AJ7zHEnt6UM,ins,train
FzWSoX2RwlY,ins,train
lRtNNEv9cDc,ins,train
UOGnsmA2tzM,ins,train
qEVqpjpR6kY,ins,train
0bd_WDPgU9k,ins,train
h3pUQf3IO58,ins,train
vSuU9VmrWsc,ins,train
V2T0jJWzLTo,ins,test
KZAmYH-0b6Y,ins,train
jAghAkoN9kc,ins,train
1RdxaDonDvc,ins,train
TawGookKU_A,ins,train
eFpnjUY4nrE,ins,train
oOHIGxuEB5s,ins,train
aM93TL_6L8w,ins,train
2Jo6ne2ukvU,ins,train
S_sy1WfTmyI,ins,train
GjgBuruy-2I,ins,train
04dqblwXBPI,ins,train
bS-z6Osz01A,ins,train
stg1EOQirzU,ins,train
fi6uZrYapvk,ins,train
AVAL7rVfrIw,ins,train
bt4RhAPvMDo,ins,train
8unmk0ERRNY,ins,train
eaNUKzchSqQ,ins,train
6_yO8Lc8Hd4,ins,train
t9mpsf-B-08,ins,train
uSA6UCVo3dM,ins,train
dHc5mvZSPUI,ins,train
EIwWHTO5rZw,ins,train
UOP-m62eses,ins,train
I7i21BmN-ks,ins,train
VwsRPJN7txM,ins,train
flFNr50Tk7M,ins,train
Hl6EF30eYfg,ins,train
zxvcX32Cs2k,ins,train
OwktW3dKkRM,ins,train
XgYWxPtmjCk,ins,train
QEw-51U6yf8,ins,train
SI2ijj3Stgk,ins,train
v_fX1lku_6M,ins,train
bm5Stcw6M2Y,ins,train
LqonzASANm8,ins,train
a5FzG5AIReo,ins,train
ydE9XNaFnhc,ins,train
pe1Zfoo8cIU,ins,train
Ihko-FfDT4c,ins,train
-llxBzQI0_Q,ins,train
feitW9XDKjw,ins,train
XbkcCPBLQj4,ins,train
5d3NFSJXteE,ins,train
mdRVReoUMVQ,ins,train
69xycD56QgY,ins,train
CV2miJRalz4,ins,train
59R53R8cKrg,ins,train
Wronn_JmBr4,ins,train
r3Ll2IvRck0,ins,val
jC6VuHNpTLM,ins,train
s_gznW8OIZM,ins,train
_1tafiQHMEs,ins,train
TMMC_uTLuQo,ins,train
XvXfh17O4es,ins,test
KxqgVJSEiW0,ins,train
6c67F4o-0p8,ins,train
5V6rGuxtE1E,ins,train
ICP_hxUc5XA,ins,test
RS1cowATvhE,ins,train
YAZDuW6kEWk,ins,train
JWvDuqgweFE,ins,train
fmHcqQNPyn0,ins,train
HWZIlfAnV-0,ins,test
gh3-smkADHg,ins,train
zbPEWSHGX7I,ins,train
EFEvJ0wN8uY,ins,train
rCOBwcqgfjY,ins,train
Kb22VWQxt3s,ins,val
rnzykJX23Z8,ins,train
kb77Z7Z97tA,ins,train
0e8J0S0lqio,ins,train
rYR1SFnCD8s,ins,train
xcvmAX1Vegs,ins,train
EbGkTa2CQao,ins,train
EmYn6SpJAwE,ins,train
dpr9OXp7Mjw,ins,test
dE-BehOIoGI,ins,train
_RNPt3yP9fs,ins,train
YIQ5M50Ge78,ins,train
EYO0ko9YnNU,ins,train
lxK8Qzg870c,ins,train
PX8-5iT2fgU,ins,train
N_Tb-GIr_5Y,ins,train
ZRmRdg7PtfM,ins,val
sVJQ684WDDU,ins,train
TTJ2yeOwslg,ins,train
rB05By5oMcY,ins,train
lU_5b2Ox9FQ,ins,train
xvQic0bzDFQ,ins,train
qYzF151JVd4,ins,train
FEL783MPqR0,ins,test
HGUa82jvHYo,ins,test
4C_vDsk0bCw,ins,train
hkY08qGVtxk,ins,train
DGFV09kGX0Y,ins,train
JaAH3-Dm6mc,ins,train
vHvDLQyGrNQ,ins,train
ePRXwfqNX9k,ins,train
MRNomoL42GY,ins,train
A90exnX_pp4,ins,train
xiCedldurhU,ins,train
_wtSALo4l98,ins,train
xSJeWT509Cc,ins,train
5sIvCO8IPbw,ins,val
IcViaxFQJZk,ins,train
8w6k4jEJJlU,ins,train
w1KYhhuE7PA,ins,train
0P0G_QkBoZA,ins,train
vdhzcEPABjc,ins,train
8GSfwjJFzwk,ins,train
GPJ-1l9CR1A,ins,train
NfJW6OGaOig,ins,train
JgmrfOwqFeE,ins,train
0xG_XhIVARk,ins,train
gBSn9us5lF4,ins,train
pPSaLyDz7F8,ins,train
cYuX0zKUmkE,ins,train
_SiitJfFLRU,ins,train
w7uIJRi7v70,ins,train
d4DT0vQh6Cc,ins,test
lSmgYZRk0jo,ins,train
gNSgdqLVikE,ins,train
q2o7dEDNy0s,ins,train
PLkPPeuCvh4,ins,train
WR3_WxdtqN4,ins,train
c6nw9LYEflo,ins,val
sFcUjqpV8I8,ins,train
q3jFMMtMCWg,ins,train
JIxy-W7zNDo,ins,train
BRVazgpjCSI,ins,train
_4suR_1KTsI,ins,train
RecsrUoLlXo,ins,train
vgJDyzAZdVA,ins,train
zobgSPZZoXQ,ins,train
vRNFd_TH8JI,ins,test
3o9aQaaET1Q,ins,train
KOH0RmaagVk,ins,val
xiCeQk7jjBU,ins,train
K7bC-HIZbsM,ins,train
6uZKAzgRXUI,ins,train
zxmXQPUHPyg,ins,train
haTqvpkyXDs,ins,train
WPi2KGa6ZQc,ins,train
RjoF4XhlkVI,ins,train
mF1YVr_yS4E,ins,train
ZQWeI_VkthE,ins,train
5w94N4J_Dxw,ins,train
0Z5d6D2vBbc,ins,train
B42LmTVfOpI,ins,train
YI6UKPiZx5A,ins,train
p8A713rpAQg,ins,train
sue3_gqrEfU,ins,train
SqunF-BYKVg,ins,train
LErzeTVp0vM,ins,train
AuzWgCdSjwU,ins,train
z2-KdvVgHVY,ins,train
psVQEELdAC4,ins,train
CFlb53fwMBo,ins,train
C6yPDcZh7Rc,ins,test
WHwFfx0k_ao,ins,train
5FVCXq2SQkw,ins,train
563DT2MM3Lc,ins,train
0Vn5l-R3leA,ins,train
vPXTTy7bobk,ins,train
5QMD024bDYs,ins,train
SRHjUd2Lu1Y,ins,train
UZUQcm7O9_4,ins,train
JJq1jZR2tII,ins,train
CLNlyUZyCjE,ins,train
Tm-s2SqETkg,ins,train
qA10Rkk5hMM,ins,val
X7gYpob90QU,ins,train
VKILWg9rZIo,ins,train
4y1HjkSkhCM,ins,train
4RTPoNxCcAY,ins,test
vuhXqDncBlc,ins,train
upPzyk6LsVM,ins,train
DfF-CWb8Ixc,ins,train
VqVMZTSTmJY,ins,train
DylohsWe-B4,ins,train
t7z0YuxBNl4,ins,train
rv_kOmwKP30,ins,train
ADx820aE_Wc,ins,train
qkuRmerIGxk,ins,train
PiPs8kdztDA,ins,train
KyUCCiUG7bc,ins,test
oRdYvd9TlMg,ins,train
sOHkaPiXYO8,ins,train
-L5jtbg3TNk,ins,train
e1N2C9Qh8n4,ins,train
P4HhsVsOVTo,ins,train
yi_aROVUOhk,ins,train
JQEK56edVnY,ins,train
llET_jSp6Hw,ins,test
Ctu-62pVRcY,ins,train
Vzz7mq6EJlw,ins,train
RizpZm4Is4c,ins,train
RTQRPbRxL8U,ins,train
_7YogxBRrJw,ins,val
aYQ5sdW3F0o,ins,train
j7VL9V4CF4U,ins,train
A40x1Xle7IQ,ins,train
WPVxNX9glJw,ins,train
SYkFIR0AoGE,ins,train
jgjD2_kfHlA,ins,train
4_K8vARp-Gk,ins,train
Krevm5PT_8U,ins,train
5Y-ZSrRLSYg,ins,train
jHalXZA36a4,ins,train
w3t31D-nKuY,ins,train
c4yo0MUcmxw,ins,val
XiP1LBgL7JM,ins,train
H5E9nzucSz0,ins,train
T-5au9lZhYI,ins,train
2pTawX5HUrw,ins,train
Ja3xpel-pzA,ins,train
48couwymlMM,ins,test
J6sOe3XYMGk,ins,train
zx5-mO_hQrc,ins,train
BWxG4I8iGV8,ins,train
z6WQHuKwkVI,ins,train
tzHCbXhcARY,ins,train
eaiLTuMrZis,ins,train
ZVE_KjrY_po,ins,train
mQ9WbpO79MQ,ins,train
OamxfruET6s,ins,train
uew4otLB1_c,ins,train
7h9RgdkwCq8,ins,train
8zOqZ8dpM9s,ins,train
Y1TWhGJyzaI,ins,val
ENcY1WSlpZY,ins,train
t-S4rdNOga8,ins,train
Axa1a1RoKyI,ins,train
u7PLuQaM8Bg,ins,train
_Mh8nur5reQ,ins,train
bDNh9h-h0Eg,ins,train
TA0PBS1hO8Q,ins,train
zyOHGUKqxmU,ins,train
BYxcku06Tao,ins,train
I3hm5qT_isE,ins,train
-66D6LFizL4,ins,train
j_J8DEMHuSE,ins,train
tg2rTcnUbbc,ins,train
Ohq8C9E-nAo,ins,train
REyUqSqUD44,ins,train
7LJBvHMU5eY,ins,train
E0CfnTY6-Lw,ins,train
lPqBUDgIcMk,ins,train
I7-GAMTt0SU,ins,train
h0zIVUn94t8,ins,train
iuDsQsXP85Q,ins,train
RExSDsvlhc4,ins,train
0OAGZlqVDR8,ins,train
0p2otg5QjAk,ins,train
meO61SEJlDY,ins,train
L5FDVwNtlVo,ins,train
3i3x5eQ98fs,ins,train
_huF22uR90g,ins,train
JjdtkbGuqGg,ins,train
MkzMBveMiws,ins,train
OsjwD5VD5Dw,ins,train
lvrB6UKR190,ins,train
rZUA2aSUnwk,ins,train
RF9blLbjasA,ins,train
ix0SWvrRdG0,ins,train
v85d2NIdHbQ,ins,train
kmR81oho__s,ins,train
Mq83eHvnTiU,ins,val
DPm-2D7sllE,ins,train
uSymBXx92rA,ins,val
GIil2b5J0Yo,ins,train
Wkam4P-I_ok,ins,train
aqakoOMCNp4,ins,train
WDGSo7vRKQ4,ins,train
AcxgjLKM3g0,ins,train
5Mu76VUHiI4,ins,train
r73RqnteABE,ins,train
mJAypJ8HmGo,ins,train
eWndPJm4Iy8,ins,train
aetXJzZET68,ins,train
uZY6wcNzl50,ins,train
J9nU2BfRkuY,ins,train
pceCDQUu9xc,ins,train
yowkDkJzQck,ins,train
CGLImbjRNZE,ins,train
WEdZ34vvh5o,ins,train
_Ngjp9JCRh4,ins,train
w93F5mS5eks,ins,test
AVb1VABiJJ8,ins,train
J8WbaT8pwzc,ins,train
sJzIGvbDYTo,ins,train
ouaMiZ5aaco,ins,val
cD4RXKTsoqQ,ins,train
4sEsMt6wsFc,ins,train
6u-ZspWSpwE,ins,train
-X_zmve1y00,ins,val
RpR9H715MK4,ins,train
m0u9_aB6i48,ins,train
UHKXKOQFWAo,ins,train
LF0bHV5BDRY,ins,train
b8aP34E1QWI,ins,train
XSxvi8_Fpg0,ins,train
orOZSAYBP6o,ins,train
eVzCCud8OM4,ins,train
7Jb1V5yuU3M,ins,train
pfbCnG52Z7k,ins,test
XYp2oKbCmmQ,ins,train
WCtfpGQREyY,ins,train
95oFAAOtyCc,ins,train
ThKnhar5xwg,ins,val
Lmq3x4h1tZU,ins,train
xvfBF9CCMxE,ins,train
FIrCapM3IaE,ins,train
0CdK9XaLaBo,ins,train
MS_7xQAFsvs,ins,train
YvGAYm3nVMA,ins,train
ejM7er2ftuk,ins,test
ujggOxKdMRc,ins,train
oTM-OZVNTzk,ins,train
gjuVryYRGZE,ins,train
0eWD9pyw3Vg,ins,train
Z3Ykb8bw7KE,ins,train
Gogv85iKFQU,ins,train
XBOc6PCuLhI,ins,train
9BNKdciqjNk,ins,test
PsfFprZbyao,ins,val
KrHP6ZRoUkg,ins,train
CSpA-SVsHYQ,ins,train
6Bn9DiOzRgo,ins,train
7fqvJk4iyak,ins,train
xwdSda7dQFU,ins,train
M4IUmdHKLe8,ins,train
VDfV1Osuzvc,ins,train
xvZylsg9EpY,ins,train
u1te8LC1FMU,ins,train
MQPG-RM42Ug,ins,train
js5OOtI0aUw,ins,train
FqAtgsUajls,ins,train
LJpdOnKK1-w,ins,train
R7jANkk9yrc,ins,train
i86yr75Qjl8,ins,train
PX_fgYPx7H4,ins,train
IoFYNFaymYU,ins,train
ZXJ547roPyQ,ins,train
5nV8h34HFsg,ins,train
P0u31Q68-RM,ins,train
2bhuzXiE1Y4,ins,train
rVHMmtb6s1o,ins,train
35aIhMzM_pk,ins,train
tXzAFNB6-SY,ins,train
g4GfKC7z-2M,ins,train
eXtL6-Mp0lg,ins,train
TIcPNHyE4CY,ins,train
i8kZMUuadBA,ins,train
aBDnFhBANoU,ins,train
RXSf6qOi4jw,ins,train
v7gDFmNLePU,ins,train
WqSS2xAVfXY,ins,train
eoreGgdD004,ins,train
OtwmbWhCYjU,ins,train
FU8PUSnxzXs,ins,train
tRzP2TGk8_o,ins,train
kPXCoB2ubiM,ins,test
w2QBptggUiE,ins,test
HXG1ro6h2AU,ins,train
CDnCd4RlVIw,ins,train
eOf1FJd-VOU,ins,train
F2Fa8cNNdts,ins,train
MGgxDecNA8E,ins,train
oampXC8MSu4,ins,train
wAh6gnvKR54,ins,train
Y1qOs3oS67w,ins,train
-Oh__ltGnVA,ins,train
ssPFfV7qVlg,ins,train
1gALlCp2Ryo,ins,train
gE4XNN6pIQo,ins,train
JgjvlBQRcr8,ins,train
i2soE7x6wWM,ins,train
W_BvyyFXEqI,ins,train
7Gz36vX_oI0,ins,train
xcq-gWMvSuo,ins,train
QfRPrYv8ykI,ins,val
8X8yovokyo4,ins,train
3_QAeNi2b64,ins,train
-JcVFIbL0zM,ins,train
w9VwLKQIcus,ins,test
Fm7iJg3FST4,ins,train
7xObk2sM7OM,ins,train
kPFKX85NHME,ins,train
0LfTN7eZlhs,ins,val
gtcy7jByp80,ins,train
wmfpbdcq-60,ins,train
2ejvVRvtMbI,ins,train
tj-mbeMOOmc,ins,train
7nDd16l7B-w,ins,train
JUWMIZsl7_U,ins,train
NIFjmiiKaPg,ins,train
6bJf7HdCD28,ins,train
31tJ9RkikNo,ins,train
otQEYbNCCEw,ins,train
4xCN3wCJFcY,ins,train
YyReS-ZcOhs,ins,train
pOwrF15Esyg,ins,train
i2AS1dHmO3E,ins,train
Nlm6MSPjmeY,ins,train
Ur2-JnVYtXI,ins,train
572FldeSbs8,ins,train
ulJ6hoacr5o,ins,train
1-xtZ5QI5vM,ins,train
ezgMsd6R59g,ins,train
laaiNAT3gHg,ins,train
eEAyfWsoks8,ins,train
45FSJt0gBzM,ins,train
74fXyi-W_xY,ins,train
vbq8QbOwOt4,ins,train
BXHKc3BI_qQ,ins,train
BOcASOljFcw,ins,train
5ZCZs9X2QVY,ins,train
8NpIyj-P87A,ins,train
pc5zdif15yo,ins,train
7SuwVT6TH4Q,ins,train
2LFCj6ZyVJo,ins,train
3Jw6n9Uj6WI,ins,val
IWcIgxJHHXk,ins,train
7TeYKQU2KfQ,ins,train
ur9gfiurgNg,ins,train
PmlGTPIiAWc,ins,train
06RDoDxrCiY,ins,train
CC5_5WxH3LI,ins,test
rOv09myVOmA,ins,test
-02o_0vVwzI,ins,train
H2x7QuQFpdY,ins,train
wr3x5hm8op4,ins,train
nWXVnRgJCqk,ins,train
ZX-bph5Oic8,ins,train
8qtPi9hJlLY,ins,test
12OgZRupn5g,ins,train
KtigkNtKODk,ins,train
CIDvqwTSB-E,ins,train
dRiQOwKNqBw,ins,train
go5P8v0njWk,ins,train
vZ7VA7uHGcw,ins,train
CRJSZ2e7BU0,ins,train
SDq5-UEu1C8,ins,train
epYVatSd1Ww,ins,train
Pll-wdV0Jeg,ins,train
VSxm-l8li1s,ins,train
aI1oEbVkDbw,ins,val
3Pk2c_Z4ahk,ins,train
wMk3tNUUv2E,ins,train
Z5r6PdrJrxM,ins,train
TO1kr7v4LcU,ins,val
JKkcqYohksM,ins,train
5oIL3_USoNI,ins,train
0TfA7r1iLuY,ins,train
PlaF1CmKgCA,ins,train
Hh-ii0LPoLE,ins,train
zpxxJ9RBAr4,ins,train
re06WKU5T28,ins,test
wXvYzhPuFxw,ins,train
UIJqOOy7mmw,ins,train
Xx1YQB1zBbg,ins,train
N47lRQ5oxaw,ins,train
hQ9tDaprqNg,ins,train
FK7alMJX24I,ins,train
zTbplO8ZEdU,ins,train
ImfeEQ9KUuc,ins,train
TxBypuSyEsA,ins,train
9X9BXb0iHnY,ins,train
5gXrpshJ_yU,ins,train
Nl251mednhE,ins,train
qC6_tUhy3wU,ins,train
UxXBlR-PRbc,ins,train
5SAIwdCACXI,ins,train
rFKZza9xqqU,ins,train
hdCZtwn3K8U,ins,train
gt2nFOUXeaE,ins,train
Mp-V65vZbuE,ins,train
Y90mBJ5-a7Q,ins,val
dMc6yX57088,ins,train
rPEVSw1X6GE,ins,train
-PqvpqhDygk,ins,train
OLGBmA-H1-M,ins,train
6ZupjCEn4dM,ins,train
saTQeywWCz8,ins,train
ha1Qp37Xm5M,ins,train
6Jd93fM-1P0,ins,val
71wu4cGjqW0,ins,train
mImfkNz3pP8,ins,train
UiFdJfoegZM,ins,train
43MWEJwmL60,ins,train
2naAtE7Z9WA,ins,train
1WJ1shXLdXU,ins,train
kLUdmOI9SUo,ins,train
861Zesrbz9A,ins,train
och9zU5YRh8,ins,train
WUbvmbqqhus,ins,train
-mgyMrPGXjs,ins,train
bqD6mDtF1HU,ins,train
hCCcqQbxQg0,ins,train
9q0jwQOSvwQ,ins,train
mjvqIq_fvRY,ins,val
i4nAL393br0,ins,train
JyT1reZx-Qo,ins,train
iAuE7BYDf68,ins,train
Lp5Mx0BI5Oo,ins,train
ZInElUJQLHQ,ins,train
KqmOQvXq818,ins,train
O9kqg-Kt6MA,ins,train
I0znbub8_ew,ins,train
JP-dDQ_xomQ,ins,train
V1exJrtsJQE,ins,train
mrelvnz5n2I,ins,train
QNhQg1vXwV8,ins,train
Fj2oMveXO18,ins,train
tH0zce3kNtQ,ins,train
gZvvwtj_6hM,ins,train
TFXGyQi4Kwc,ins,val
Dt1YwYrUvjk,ins,train
1bxMy-_H4aI,ins,train
eCB9HOaGk7o,ins,train
oLzbR5zMuMc,ins,train
8P0c5EorPjw,ins,train
wUC5NP5ntFc,ins,train
B_EqcW76NVs,ins,val
5J3Z5yoQhbM,ins,test
PS4J2AOJacA,ins,train
bcmjvqC8PUk,ins,train
jAAwqjfRDEk,ins,test
qi0aG4Zmkrw,ins,val
wAdO2USWX8I,ins,train
rZS8eF75CBQ,ins,train
36YV-IPiUXM,ins,train
DJF4530IqZo,ins,train
wXtVcTd1XNs,ins,train
h970AmQhpEk,ins,train
eEaNsySRac4,ins,train
C2QyiKTiX24,ins,train
pBLzS4DO5oE,ins,train
6HDwfAfHo-0,ins,train
GmPeJpTxq8s,ins,train
z-FAdxXHnPY,ins,train
eYAi1gGuW5w,ins,train
FVt2RxDdy5Q,ins,train
gSDyf6IWD8I,ins,train
KkwRAzWuMGo,ins,train
BtcFPZVLgkw,ins,train
4DhGy83DK_s,ins,train
m9803ObiYk0,ins,train
NNgkuhJVaT0,ins,test
uSQlcebMpow,ins,train
Y4hrw_6E1D4,ins,train
CwKHPZti8NE,ins,train
0I7qATQgHCQ,ins,train
fc7CKkbq8Rg,ins,train
MQgas61LZ4E,ins,train
CbmEnkwvyBs,ins,train
UJna0LLbQOo,ins,train
nvfK4jQ7MH0,ins,train
WTcegAkcaAo,ins,train
zEbVX_8kjwE,ins,train
8x7BaklQQzw,ins,train
tsz-hpDtUTA,ins,train
1WEsh91hlf0,ins,train
Ej-kcAqGnd0,ins,train
F8uQ73eXgyo,ins,train
eWfL8W5jvKc,ins,train
sthYVofld4Q,ins,train
TasXC6zupXM,ins,train
-DOfVzL3bfc,ins,train
PGH5lF7IXY8,ins,test
SvUmN4Q9U_A,ins,train
3h9c04Ky6Tw,ins,train
2jFH0SpdTl4,ins,train
q29zu11wjog,ins,train
tdfR36wKXWU,ins,train
VeY-z5Zyvv0,ins,train
3c7HNJQeP_8,ins,train
EFMJ1zKB8FQ,ins,train
NdK3_hlRRHs,ins,test
nK7OryqkIzM,ins,train
6FrNq2qtl3g,ins,train
LcYABxEpbyo,ins,train
RSeUcIW7QJg,ins,train
aCiHrQoHv1Y,ins,train
8f4rcs_HnZk,ins,train
5Dc552hY1Kk,ins,train
uyOIarWSopM,ins,train
vXe3AqSrmSc,ins,train
_PkkQIlhgjc,ins,train
Cl65mn2FqRw,ins,train
Lt5GAA6MIuM,ins,train
2t7k40wz8sM,ins,train
r7l8g09ZsL8,ins,train
A4vtU33nkuo,ins,train
JC2E6UPAmgA,ins,train
tYARECcU1eE,ins,test
AjjKMGP2jHY,ins,train
_unAAQZanaI,ins,val
a1DR41r-l-I,ins,train
bg_vEE9s4kA,ins,train
ZXSsN_yc6gk,ins,val
OZPQkS3Q3PY,ins,train
gd3Gu5lY8qw,ins,train
wy7tetrnsXA,ins,train
sNpB6aQvTfg,ins,train
VTrNkCv35yU,ins,train
5z6HirQDJYc,ins,train
SLHokx7DHbg,ins,val
2ZPL6B56p6s,ins,train
_dKbX0LJYH8,ins,train
IyVEIDZvF2g,ins,train
muLIKuI5-zA,ins,train
5oGU-O7U3Bs,ins,train
rSH-5QGYMww,ins,train
obAIIi5Y7go,ins,train
hFneVZhwM_w,ins,train
ElGR9ueo02E,ins,train
vzRTf_U_j8E,ins,train
ib9amTj-jVU,ins,train
lJQo4X1eez8,ins,train
yHwfsW5_kME,ins,train
G2GaIwsCYJE,ins,train
KuwUQqVz0fY,ins,train
501p6P_h7Rc,ins,train
KOYOd5-4G5A,ins,val
7vffPQFsXq4,ins,train
V6dMrT9oeHA,ins,train
vd7RmSCdVd8,ins,train
I2T62eq87-E,ins,train
uTBg_JP27x4,ins,train
ql7JNWylxmI,ins,train
V67JWMGVnAE,ins,val
jC_4zBaEbsg,ins,train
gp0w_zrLgfw,ins,train
NIkOBj-5RZ8,ins,train
WMA57efZqZw,ins,train
LzhVKYagSg0,ins,train
EQkqk2iomiU,ins,train
LbE_0jRARNg,ins,train
K9BApkzONso,ins,train
3JNYANfcELo,ins,train
RKxFSWic7Vk,ins,train
RFzTCnXDO1Q,ins,val
98R8V0hFHeE,ins,train
gmXiDUlzIV4,ins,train
Y7ky9Q9QMlc,ins,train
ctTqVfjStmo,ins,train
wgZWg-haAXE,ins,train
mfd967kgakI,ins,train
NXhwlBYeuus,ins,train
-No6hbbqB50,ins,train
0G5F1AiNbsA,ins,train
AbkjxjOaK8Y,ins,train
SH8RWihMdLk,ins,train
H5_I-S4dVy8,ins,train
17LuC7SZq0Y,ins,train
aJguVSxT3w0,ins,train
n79ka9XGAMg,ins,train
Jyq5qgWjoEU,ins,train
1sSrxe65ipw,ins,train
Ih1sV1YuTMk,ins,train
UZDRzf9ItLA,ins,train
GVk6amxy1O0,ins,train
5nN9jCRd3p0,ins,train
-JX1mDhfPeo,ins,train
JsTWu6VwatQ,ins,train
N0PW4HXhTlM,ins,test
PmyaaqinOlY,ins,train
VOOv6zeOdRA,ins,train
Zb-LScrNC40,ins,train
g4t9p3HNsqY,ins,train
wICV0hZTrLk,ins,train
bd6oqoYjAM4,ins,train
6ckuBWSDvIw,ins,train
w9DupzON44E,ins,train
s9bWguOVijc,ins,train
3vCea9zWFek,ins,train
FheGf23bK38,ins,train
jiPpUlMh2OY,ins,train
13yAhiFX8MQ,ins,train
IBuD4hoQRLo,ins,train
bgAhZLTLRfs,ins,train
JSOdUBJ-59E,ins,train
FPF1AAiBV_w,ins,train
r0S2Gv78jmM,ins,val
gqgdlJ7ojzE,ins,train
yCGbMMl-w3Y,ins,train
WQBjA8GO3vc,ins,train
OaJTq3IpdKw,ins,train
OYiDPoyylNQ,ins,train
Bg9Oz_yDfk8,ins,train
j9SSBpD6sl0,ins,train
ESUSOgCaBhI,ins,train
cvTfabl43YY,ins,test
PhBtRMOHdnw,ins,train
7fJDOKFbEeA,ins,train
PYuQbXqfcxM,ins,train
xVBSSHBB3cE,ins,train
DZm_AlkVBjs,ins,train
7s2Q1Xgs8E0,ins,test
OA3yYnRAFq0,ins,train
ndd3vIRSZvY,ins,train
yKfiUoF9oDA,ins,train
cPaHoHMSbCE,ins,train
hZq94rbnBXg,ins,train
gxbQ8EIfDkg,ins,train
zjuofB5Vx_M,ins,train
_tlsLkAskkY,ins,test
un1jyNNTLUQ,ins,train
uKnVONFOAf8,ins,train
VAUi1pKKlOs,ins,train
Pq_t0WFvIOY,ins,train
XZSaV4nRYdQ,ins,train
HmPeoLkEvcs,ins,train
8eWsJMxCA_8,ins,train
GkaicLfaDBk,ins,train
QeMS0kTkV-E,ins,test
3B4QSLppr3g,ins,train
jfPxTZHSa2A,ins,train
okf3UaCg9G0,ins,train
COVVT3c7_No,ins,train
ShnYEAW9Oqo,ins,val
OC_2CAtv7VY,ins,train
La1GLebURpI,ins,test
8lX0pvFRruY,ins,test
g2nKKlHqK3c,ins,train
0AAg-E7Wggk,ins,train
Wo6i-YEKN90,ins,train
gyPNfKmWJwU,ins,train
lU5vFtQzTs0,ins,train
O8VSWefjnlw,ins,train
VTSn7pcA6oc,ins,test
Gs78ruj8l3M,ins,train
_-M-OpYD5dk,ins,train
bfZcMjVODaY,ins,train
rPpmyVZb_0M,ins,train
YKPwP5omD7E,ins,train
uz7-ZnrrK_U,ins,train
17zGKlAx3Qs,ins,val
qEj1ma68s4s,ins,train
UMTbW_itd0I,ins,train
LkuzJCAx46Q,ins,train
W_C4vMPNlQ0,ins,train
jHfFbV8eGa4,ins,test
WxELwaoBSFE,ins,train
VC7gMImUmZ0,ins,train
1yuQknXIfCQ,ins,train
1SzOaOe0s4o,ins,test
eMUf0iCcvUU,ins,train
9ggkaJlslvw,ins,train
1S5YyEFNcvw,ins,train
Iyjic4knCRE,ins,train
Wkl2tT7xqg8,ins,train
99qVK1hrMko,ins,train
naR0y2oZYmY,ins,train
Nwukl8Uxy9w,ins,train
SYpyn8msOzM,ins,train
pyxCp2gBDrY,ins,train
ZWZYrnqmc6M,ins,train
qJ_JjtF6JHo,ins,train
K2ZmLI1t6rc,ins,train
73PclckA8-w,ins,train
mcPev0L6Ud8,ins,train
HwQjsQwW384,ins,train
XeZmr6_LUCU,ins,train
fgx6VaVaFjM,ins,train
tQ0tBTQQUEo,ins,test
1o9Ds0fgYGA,ins,train
faZQNy4aErk,ins,train
MMCChJ2aD20,ins,train
D6XY7TZa3qY,ins,train
BOQYAFQVS8M,ins,train
Nf2rTSJMEWE,ins,train
WRvOHq8iwW8,ins,train
F3PJgdsCrXw,ins,train
52SQNOZx33E,ins,train
afxUANI4114,ins,train
QELWWvXzHAI,ins,train
PosjBL5RY84,ins,train
HrZopLhl26k,ins,train
izySCMLgX94,ins,train
_MEvvBNhsv8,ins,train
Zgm4rQtAAUs,ins,train
3LrWOynkU0U,ins,train
XqGCuF14zko,ins,train
w5t5h5cZauU,ins,train
XdjMAyoAVVc,ins,train
NNQaE_9YhrQ,ins,train
igc8plnBDUE,ins,train
creD7FiahQU,ins,train
Z9B4IPms_U8,ins,train
eh-rXTlyNmA,ins,train
QU38YwNAzpg,ins,train
r4rUY30MZro,ins,train
b01Ykkdq4pk,ins,train
wJl0pTNn7MM,ins,train
pdw1Qm7Rwko,ins,test
fsPKGXNQcmA,ins,train
iN46J9rYeJw,ins,train
ToKOeIeTwo0,ins,train
stUiuxnoiGU,ins,train
RY8liUle8J0,ins,train
puaxDEl9dQc,ins,train
cvJKg_mn6eQ,ins,train
de6zugmIvLw,ins,train
sB96l9EhZYg,ins,train
FnZ4F9Fd6FU,ins,train
EWbcQfcgmW8,ins,train
0DeD2bZKyU4,ins,train
5bcib3pPvH8,ins,train
S9ymb66ZqqY,ins,train
9zQleTPz3oQ,ins,val
ZbpkNLIIHCo,ins,train
xbl0Ew18af0,ins,train
G922ltn090Q,ins,train
-i1Ff5hUFAg,ins,train
pEbt0kmh-5E,ins,train
tpKE8EDpccU,ins,train
3RwjPDZDtYo,ins,train
9OVwO3oTu7w,ins,train
8uhcjx5BFt4,ins,train
l2rsMUOBCJQ,ins,train
qCYdIQ9-92o,ins,train
FhK4JRyBNEs,ins,train
5K_8j-9WtX0,ins,train
maCRL8WG0GQ,ins,train
SKhgRNah4R0,ins,train
KWm8xh30H64,ins,train
gLnsIh3zyVo,ins,test
9zAluhOzzms,ins,train
_WRgJduFSF4,ins,train
yo_bCg4AqR4,ins,train
lubs5FvkdWo,ins,train
vz265voBILY,ins,train
D_xnY9UeBGY,ins,train
KhFnJTQjAlM,ins,train
HjA1fL-iLfc,ins,train
7uc4U3LKAnI,ins,train
4DxTklS-HKY,ins,train
YZeR4ZSOY3U,ins,train
L0T8bWEUpcE,ins,train
dxCt8EjKFgE,ins,train
7b-RTo6o-wk,ins,val
PSUME_70xMs,ins,train
YDRNx4MIFLI,ins,train
xXaloGS6AS8,ins,train
SjgSkFQpa3Y,ins,val
p8RWgYfAZB8,ins,train
CtvQxf4_vVs,ins,val
Buo5js0xrUk,ins,train
e-D4k38pSrE,ins,train
KSmFyrhmHbk,ins,train
-CpDPjXeB2c,ins,train
tVZ8-pRoWis,ins,train
8iNmxQUPGFI,ins,train
jujc1iCs2xo,ins,train
MnEmcdC6iVQ,ins,train
9RJm4gjkrYo,ins,train
M0j6lPOVjA0,ins,train
mj50wGC4JV0,ins,train
cIjXgAiikjw,ins,val
29wswV4-oUo,ins,train
PP8aWf-ZQHY,ins,train
j02JGVFWveg,ins,train
nRl_LsKK7A8,ins,train
5HKExx2ePY4,ins,train
P9GUd934FXc,ins,train
xbKotDv9uac,ins,train
XMDnDB_v8_s,ins,train
Hvm90RYR-hs,ins,train
wojWeMJD67I,ins,train
Y86FjfPXf6g,ins,train
ti07cdNs-YI,ins,train
PQs-JiWLQOw,ins,train
0j9lSfefFOg,ins,train
PP7aZVfahlc,ins,train
YsYMrwF6fqI,ins,train
05ayBNKZO_U,ins,train
wQuTvtPFbE8,ins,train
W8vy5X3IB8E,ins,train
VF8jldtNQkk,ins,train
G18CQ1BbVm8,ins,train
kcnOPW2hjBQ,ins,train
SnkmGUoEKKI,ins,train
-os73ORmcpU,ins,train
dGoHzxACjr4,ins,train
pPq_NKN8tEE,ins,train
naI3D2ufsx0,ins,val
evlsugmzxSs,ins,train
JBiSPPVoRxI,ins,train
VyRr-Ek4nMA,ins,train
uUaEojpgkco,ins,train
R7Rq6El5CPA,ins,train
MG1K15xrNO8,ins,train
dglIhyWwGzg,ins,train
_6FPi6ZnPkk,ins,train
VW_HnzKFbZ8,ins,train
1PGxzk68hdY,ins,test
bzYb3Ym8MAY,ins,train
oQJIQgerrU8,ins,train
N_4rTaISxAs,ins,train
g4ZpvhFfR30,ins,train
eUOBZZvfQQo,ins,test
uoEZfS7hnLs,ins,test
Q5VF6BRUTvM,ins,train
fOyzY7CUXwc,ins,train
Ffj0JiynX_k,ins,train
yeDl_spMxQo,ins,train
fPLC_F1fmdw,ins,train
yyjwh-wEKtA,ins,train
z6CAACWTPL8,ins,train
6-N9dArz_NI,ins,train
lE2T-BS2Jlg,ins,train
B4q0_HGX9tw,ins,train
SD8nI0QM9xU,ins,train
4VPOKStqngU,ins,train
_QtoJDWGRgg,ins,train
3Y92A0wfZsk,ins,train
TRD7AMsNKac,ins,val
nX5NqnH5N9Y,ins,train
j5v9rLgPWJ0,ins,train
gKpW_C_uurw,ins,train
H2k5g2cQS7I,ins,train
-nvT69OIuZw,ins,train
5OmV_TBgYyg,ins,val
TyG-EA80KOA,ins,train
8nF2hQDhn40,ins,val
DFUKmzzM3-E,ins,train
jx77fvRU1yE,ins,train
t0F8O0EU6lg,ins,train
GjcLokpSsuc,ins,train
kVwc8pyg_PA,ins,train
CyIINLx1j9A,ins,train
rLfBvutM1zA,ins,train
0yYzSK0uvgc,ins,train
cQDG8yymiek,ins,train
oOfo84w9FBg,ins,train
qfcMy-cqnIk,ins,train
WaZUeIWMuEc,ins,train
6aODVugP8g8,ins,train
tnV4bOboJws,ins,train
qBw7hOHA0W0,ins,train
q7fqI-hk4XQ,ins,train
oPJ0QhtIETg,ins,train
G7mRwJHSAMc,ins,train
Qy_MRZ6oaRk,ins,train
7OpvCdycZmw,ins,test
aOTIF7A3dMo,ins,train
5sNmtuvaC6g,ins,train
W5Se-Z_e7yw,ins,train
W7aMwDxAins,ins,train
3ZNJFlZ9e8Q,ins,train
UDYYRAftJFc,ins,train
NpI-dm_GWyI,ins,train
hllDCj2rmeE,ins,train
bAtk0vSdD7w,ins,train
qwvo-4B3VT0,ins,train
incmJJYIisY,ins,train
VwPUxMuBEEA,ins,val
3Li8JMZ2T-U,ins,train
lQ2H8EVR83w,ins,train
LA_NCuICj8c,ins,train
DWZ3ODhREUw,ins,train
4zYlxceH6nQ,ins,test
VphqvIFiWIc,ins,train
E4ppJO2uX50,ins,train
21hYSM3QzEE,ins,train
JG6TEXYqSVY,ins,train
SscKbtkib4s,ins,train
Swa7xNVJXIo,ins,train
_twmNDJdvt8,ins,train
YBWWHFmuJP0,ins,train
VzplShRyv9I,ins,train
0Bm6H5HbOV8,ins,train
RSg2MPuXG1E,ins,train
qY3kPMyL5OA,ins,train
wd8GWX7oLHc,ins,train
A55aOx91o3s,ins,train
YXX4adsGdRU,ins,train
3-JF0xS6HTU,ins,train
6gqK_rRC24c,ins,train
CXwF3xQ29Io,ins,train
Iv-6e-qWlFI,ins,train
s-yHmimg9HI,ins,train
BRfPkO2VZE4,ins,val
96A81YQFQro,ins,train
q829mO4-sbg,ins,train
ZFOtctAS0pM,ins,train
aSz-tRJ5hFg,ins,train
-3MmWw3cOlQ,ins,train
T0olXrvXGXk,ins,train
uk-FlAD8kSw,ins,train
N7DCRgLg24w,ins,train
kg7VHP-F8UQ,ins,train
QaBNQTUOHsE,ins,train
j0X7dYw88Ts,ins,train
vVlu9VIxHac,ins,train
34P_eLspHUE,ins,test
SpSlbhEuGsw,ins,train
zcmnqvGOIxM,ins,train
g1o2Bc8MfBc,ins,train
jwURE0PAb00,ins,train
98zSpgeQLKM,ins,train
shYwwl7Eht4,ins,train
mlnPBj2kpK0,ins,train
O-H0lCJlu-k,ins,train
blwxfpEqMxY,ins,train
qgSnvAM6pr8,ins,train
5VKB2MdECIo,ins,train
y6z2PmhQ5xE,ins,train
0ki81EB1qNA,ins,train
X4BmcWkLI0c,ins,train
YxJe3CZDgZU,ins,train
-9XlYswCHMo,ins,train
xPiaKRqjxN0,ins,test
5_WgaKCtBJ4,ins,train
n64WHR9nOVI,ins,train
wHfq5j_-G4c,ins,train
yPhdNBZoeRE,ins,train
cXAGShdmzyI,ins,train
bAmck-EzLSE,ins,train
shHZdt961qU,ins,train
YULcESP-IXk,ins,train
XMOVFovJf7Y,ins,train
UdrtYNLZwuM,ins,train
eJMTS6CqDVE,ins,train
SXJAMQSqWuI,ins,train
aCZ89pbxUsE,ins,train
L-WvJ2fbzoc,ins,test
H9joHwCaLQk,ins,train
QXwaMsthlhA,ins,train
ATeClo7LhLo,ins,train
FPwFSZyqQB8,ins,train
kVjexC2ZEkc,ins,test
1KuIYre0FwY,ins,train
JY3ThqEJR1w,ins,train
N2ipjaQCxXw,ins,train
ztY5rLf8HDs,ins,train
K2StNAyxHP0,ins,train
Qwwq_iZAi_g,ins,train
NQEC5C0RkeY,ins,train
plLHW0ZDeUA,ins,train
erQfJwzN6M0,ins,val
lR1nJ6dQziY,ins,train
RxxSiadBXC4,ins,train
HTgNHlRB4d8,ins,train
Qkfhdh9RBF8,ins,train
eEMdeIeyi2I,ins,train
UH2GIFdMUIA,ins,train
dE7RcAiywC8,ins,train
s8aa2AhnlQk,ins,train
gBC5gVbroPc,ins,test
F4yT9bBrKoc,ins,train
hXy5hER_g3M,ins,train
CuD8J2662Jk,ins,val
UAWFzHhi33o,ins,train
yHnr1LdMX8M,ins,train
gNBBQfxCifM,ins,train
m6vNQrSJVu0,ins,train
WZO3jzSDcec,ins,train
AbTZr-iDeKE,ins,train
0hhaCy0-2wY,ins,train
YI92yiENWtA,ins,train
6_HRAUDmtEI,ins,train
WJikm6tPBmI,ins,train
A8R7CR4mNhE,ins,train
ZdSkXWaAS6w,ins,train
bdtELciOQtU,ins,train
pLnxr2qoQlk,ins,train
RgRcpdkbLlk,ins,train
iI-PlJNWG-I,ins,test
wVOdhwRXpNw,ins,train
jGWYR8roPsk,ins,train
6Qf7T0vd6PE,ins,train
nFYH-9AljDE,ins,train
aQIXj9hCf-w,ins,train
MlWUjNKNCEg,ins,train
WFHSC-3z1uA,ins,train
DX8crJHnhI4,ins,train
nLYwT621mTM,ins,test
4yPMui68WNk,ins,train
mDGDbndtrSA,ins,train
KQ8QdfGzGRI,ins,train
EgsptUvzYhw,ins,train
6lsLQJ1lj0c,ins,train
iIzIKGSushc,ins,train
ZZx-HS7y_GE,ins,train
mS-NNyUCy6M,ins,train
3tqgJUK0KpU,ins,train
YFG96GPzVc4,ins,train
h3S1EfLRCxY,ins,train
gzy3WxisQF0,ins,train
gSgc5SPFgGY,ins,train
dfDzhw5v7rw,ins,train
YBczWXR1ln8,ins,train
iHSoyo_J5n4,ins,train
9AUi6-k8Ro8,ins,train
RSR6cJurSxc,ins,train
EDAljPTZ814,ins,train
b7PkvYURzeI,ins,train
Ug8UHvgPXts,ins,train
eS_i-wxYD-s,ins,train
ejvmlz8gzqs,ins,val
BAmUcEATbsg,ins,train
lP6-TAJ57Xg,ins,test
LA7jL_2VVIc,ins,train
mJwf_AJ66fk,ins,train
RMEiCSxcVig,ins,train
GSLg0OZlGvc,ins,train
47Eos_wXIOo,ins,val
uJJDEfnJH_w,ins,train
tDdVyOyHM2g,ins,train
jT4qT2K-jrU,ins,train
2-kaeRii-Eg,ins,train
XIsrp--1z3I,ins,train
4RvLDOlwKEo,ins,train
9bzIdUy54gg,ins,train
c_tSw-xSD9M,ins,train
gV_-BKCgmCg,ins,train
3GUcMAPdEAk,ins,train
qMuozg7VSIA,ins,train
xQiJwJJZ7_E,ins,train
JcefOwNWqYo,ins,train
egs0WTTXBcM,ins,train
XLTpB3A3iO8,ins,val
zDafiXjp6s8,ins,train
ZOuROYJdTU4,ins,train
gM3sVMPNEe0,ins,train
rGhun7xYoUU,ins,train
qdqA-A_YsYI,ins,train
ZqrOie8Zm44,ins,train
kZeTenzqZYM,ins,train
06mrl-8_m3Q,ins,train
e850qoxHvRo,ins,train
OfbALLFNbio,ins,train
XrS54uOaN0s,ins,train
lBQL0mXhC_Y,ins,train
XtJtaIYrebA,ins,test
RHCBvMP7P-E,ins,train
S341htDCcH0,ins,test
W9WWRoJrPOU,ins,train
51SzQy-vRMg,ins,train
FM7l6kzZDbY,ins,train
ewbt2mfhrEM,ins,test
kfjsMOVMZIk,ins,train
Sw-g--1LjNw,ins,train
Y1_sK3j7Fik,ins,train
LEWdMKucLI8,ins,train
lY7OpTFqg_A,ins,train
Trmee9-4QBo,ins,train
FxZ8LzlQeBM,ins,train
Z93y0zohbfY,ins,train
bAMnZLC_Zio,ins,train
QwbjYf5fGYc,ins,train
Ah3GCIJVPCI,ins,train
w7QvZtR2eGw,ins,test
FglGSDhMteA,ins,train
ThXB0rsy2ek,ins,train
H0y0M4kERbI,ins,train
z7mNOzT561E,ins,train
uo64QjAG0sk,ins,train
23OamKY0hT0,ins,train
wOdSnopFs-k,ins,train
PMvMb2K-I58,ins,train
CUY8FvtKhFk,ins,val
-RbvfUuaO_Q,ins,train
WpuQepNSai4,ins,train
EWrQkq8HgJY,ins,train
hjOSX2b0IF0,ins,train
WayOrstaYTI,ins,train
xad4CZcphsA,ins,train
hSlBYfeY83I,ins,train
93tvIK1EHjA,ins,train
xownkZ7p1Y0,ins,train
jGaJ0bW-GmU,ins,train
IQHzFr9N2hY,ins,train
hDy7pnnGx-A,ins,train
jw1etoV9lgU,ins,train
irI3HRLX3wY,ins,test
R1JYFrme708,ins,train
gy65Sc1HLWA,ins,train
q3UQlqmev5I,ins,test
FviQ5r08fFI,ins,test
ai-z7GFRlLY,ins,train
dugAIZDbG2g,ins,val
olRCKpGLPpE,ins,train
KPWxcoLTCG8,ins,train
IQrd0x5iruQ,ins,train
-Vgj6aHICCQ,ins,train
6Iwil5965xU,ins,train
29HDd2xxLNc,ins,train
Ty_SWlF_UUY,ins,train
0z4cZ4dpZ78,ins,test
vwkD6Ats4a4,ins,train
X0ZfOXq_xDk,ins,train
oJdFT_y8aKw,ins,train
ojaSrzLkS4c,ins,train
X6JpZQF0Hbk,ins,train
y9Ug9pgR8J0,ins,train
eBZk11Ku_k8,ins,train
MLx1gs0w1-I,ins,train
pvu1HXf1QBo,ins,val
Mj3XH4VMyAg,ins,train
M6LIpsCqHgE,ins,train
8xnwcJmfItA,ins,train
VaS0pV8kLOs,ins,train
I3CthKTM_g0,ins,train
nO5mTHFqc7E,ins,train
otU_P1VoQRg,ins,train
nhQSf8mC-Ds,ins,train
-wKCnI663ck,ins,train
uIGC14smg2I,ins,test
_67-e3ZFmug,ins,train
SIgewwd_XYc,ins,train
URcKy0GSFBQ,ins,test
cnp2Gi8L8wQ,ins,train
DitCiiiWIII,ins,train
cdS_Cjo4ODo,ins,train
8ajPhK4b6Ro,ins,train
6mPeL2763ok,ins,train
NuH4iC_pJmI,ins,train
kiMRRycN1uE,ins,train
qEoX8zBekE4,ins,val
cZfwGZhfWVI,ins,test
a9kxPZe_c9E,ins,train
1efw3qkC5I8,ins,train
4n4p6GeLSYo,ins,train
dNasYd0hNAw,ins,train
iCLJGSZ8eCw,ins,train
W-0ZldpB0kw,ins,train
AYHTRop5zmA,ins,train
cObuEYw9_fA,ins,train
ImC0Ptb4eA4,ins,train
mImJzZ-Hin8,ins,train
tfZUGgoIzrI,ins,train
E6IJ5WGqH6A,ins,train
b9Ueh7lwkrA,ins,train
v10M3UbjIag,ins,val
GQwxB1hre-s,ins,train
gKueG4MktV0,ins,train
JdRbqrUSg0E,ins,train
HVP-f4RBHaY,ins,train
41jjrkiVsnw,ins,train
OODohO1IsdQ,ins,train
Sa99NgrfG9Q,ins,train
S4V-HPNUgYc,ins,train
v4KKWoEf_AI,ins,train
4HrUjag_8JM,ins,test
e5hDYLcbiaw,ins,train
k3UALdLdWfM,ins,train
vJiBCr8yk4E,ins,train
56DV8QLvKwo,ins,train
gyI6DHn7qf0,ins,train
gJoTVz2RHfk,ins,train
oESI1uUbmXc,ins,train
RjokJLkWDaw,ins,train
_O-PMrB4480,ins,train
869tCS5lMl4,ins,val
MrMOF6dG1lw,ins,train
AovweybEmD4,ins,train
CzdvSP8Chmw,ins,train
L0jBwBNk93s,ins,train
eNc99mOyZ_c,ins,train
am0D4AdnsHg,ins,train
AEB4tVCs2kU,ins,train
Vw2z50aBSB0,ins,train
6HCpkkc-SJk,ins,test
JkyFSdklRHE,ins,train
rOy8irxpy3U,ins,train
eHhC-bxE_wo,ins,train
77PFvTnIDQo,ins,train
y0iDqN4tx6Y,ins,train
RAE1StEpan8,ins,train
y_X-P7fcCA4,ins,train
nm80kts8eMQ,ins,train
900oIU56C4M,ins,test
fGUljW5PdnA,ins,train
lB7cQgq93l8,ins,train
euolWDNnuio,ins,train
bCn-x8I3-ko,ins,train
z9kvegt6uaY,ins,train
4_1jUbYWqsE,ins,train
kt5tPmvBOEA,ins,train
jqRWa1iJWAg,ins,train
nK5ssND41rw,ins,train
Skf5BDZ9gFU,ins,train
gzISxBfBKy0,ins,train
iHCMoqUipqE,ins,train
Wj66eKck0hQ,ins,train
jKa_tTtrvGE,ins,train
pRm_idQ04HU,ins,train
RALgncA0iUk,ins,train
zTg5oQhMixE,ins,train
rY0Enc0Gxqc,ins,train
FOiBrT6uKbg,ins,val
6qswA_O1tM0,ins,train
NH8izLF6zA0,ins,train
7mqctVM0LNk,ins,train
eHNOazX8qe4,ins,train
cUZ95aMLCis,ins,train
bmSnGKDPxWE,ins,train
lfZ2_WIVwPQ,ins,train
uBTQ3joEuwo,ins,train
kxFOa_SNoSc,ins,train
G5fhZ5rY6io,ins,train
yhbUbFothOw,ins,train
EYxLFhpFLZs,ins,train
aVgigaF0rCI,ins,train
M-q8DBJTb_0,ins,train
_AT1aXEr8UQ,ins,train
Ok2gnylVAao,ins,train
C7p_8GYYW80,ins,train
b8KgupT0t0k,ins,train
wtFK8irZQIk,ins,train
BB9fmPZlfoE,ins,train
Y0BGzyf7kQI,ins,train
rkLRy2JOjdQ,ins,train
8zx_bSG1sqI,ins,train
ulMPk9g3qzo,ins,train
9pkF6zu7fuk,ins,train
nRBNz_7pUhQ,ins,test
xATBZ5NBkGE,ins,train
HhoAjhx5S1Q,ins,train
RN6YizSjMds,ins,train
667O16YlyTg,ins,train
uuArfpxSXbA,ins,train
ZsJv3SacZjI,ins,train
Syz4_QNkaRA,ins,train
OAF58-Vj114,ins,train
lHrho74KUMQ,ins,train
GnMZH4CZTEY,ins,train
kWismFNrKZg,ins,train
zvCZ8dUVKuc,ins,train
8aTlkLdiBzk,ins,train
JYDyQyQK-Ns,ins,train
IW-JDRSMNjQ,ins,train
8_2jABtsVjo,ins,train
FGQlWA55xWA,ins,train
JDhsgXRCpaY,ins,train
w2gi7h9T7rI,ins,train
jQVZzeYTHrQ,ins,train
dxSllguQXec,ins,train
itZVIcQb9VY,ins,test
m_1B3sT1Cjc,ins,train
Nnd8V3cIMbo,ins,test
6-TRzbv19D0,ins,train
9T4O5mmEbOM,ins,train
BbMAvUwfInM,ins,train
HEmFD-BHAuQ,ins,train
j7g7DyYi9jI,ins,train
fMxMiOEzk7M,ins,train
O5H7yqCWmHU,ins,train
sergTrjr-VI,ins,train
sThusaXsImY,ins,train
tDeNUF0YD3M,ins,train
-ZbrBd5MtQg,ins,train
nBS7xwRMH_0,ins,train
y94n6CmA4vQ,ins,train
Pm7HP8gmy5I,ins,train
qnq5m1omuW4,ins,train
clDqcLQ6Sic,ins,train
YZql1UuYeec,ins,train
72NDBfvwIQA,ins,train
c18658uSBWA,ins,val
mN9oYvvsXw4,ins,train
SmLYcE_iUWU,ins,train
7QTdo3Y7pGI,ins,train
Lq9w6eJ2q4I,ins,train
t3280Zx_bro,ins,test
7b6Tlo7uu3w,ins,train
5ZBanWLhG_o,ins,train
IXXg477T7tA,ins,train
106BTMBqkxI,ins,train
Fks2HUj8JGQ,ins,train
kl55OyLOq5o,ins,train
k7qa04cqNiQ,ins,train
ewJQUBc8_VI,ins,val
F1KaIltBaI8,ins,train
vKq653s1MhY,ins,test
AKwt5RGMoL0,ins,train
IXFS7AFLKrI,ins,train
ioOlEiuWnos,ins,train
gPfSP77Gcs8,ins,train
sY_LlC-xirg,ins,train
IKAdaNsBVzw,ins,train
akFSljzUdM8,ins,train
IT34aX0w0bI,ins,train
-YmuMzE-icc,ins,train
STh0QvXXp94,ins,train
7WY-dyEkw7o,ins,train
IKF48tvuz0s,ins,train
39KObBaSGco,ins,train
Xu-WEC1gdkk,ins,train
N8GbJIAn06E,ins,train
r036mW6wWbM,ins,train
uB3FwlW8l20,ins,train
8JKXErFWgYo,ins,train
aMPk7JhaCZQ,ins,train
8kSwFIzFfxM,ins,train
Z1P0guTVyow,ins,train
awTReM3g_SY,ins,train
IbXfrEip2Jw,ins,train
ByqVkDCxXQQ,ins,train
LkWmAzMOuVY,ins,test
K4hrfv_w86g,ins,train
LmG5HhCVy_8,ins,train
g3tPcrDCv8s,ins,train
xmJRpZr00FE,ins,train
4lN_m_b28uE,ins,train
_y7hCcfH6EE,ins,val
DTlVlByno1Q,ins,train
-JjPN7jMRe8,ins,train
Hfbg74TMA9w,ins,train
yzFILFXvFXY,ins,train
gI4iDqEQZBM,ins,train
O0lrHbIlLTE,ins,train
uoCOTYTQiFg,ins,train
SKSdDpSWDl0,ins,train
jimNqbXVw5Q,ins,train
EKKjHYq8xqY,ins,train
h0Tlv3ZaoJ0,ins,train
hQeGItiGFPk,ins,train
hika_2ZN2uQ,ins,train
1NbxTmipuhw,ins,train
HV2282lBe4k,ins,train
ouGRm_LtuPI,ins,train
VjhxYDxPhQc,ins,train
a64HYa8KBWg,ins,train
U4f3TtHM8YY,ins,train
2IfF9gXWTjs,ins,train
4vM1y_THYs8,ins,train
w84uz95z-mM,ins,train
WaYcB8EdzLQ,ins,train
9CG-9isBwhs,ins,train
rDwfMPFsUNg,ins,train
rsjbjxeNPGs,ins,train
fSdVbyjBxfM,ins,train
uyssVN60w_s,ins,train
9ocVmNqf4bI,ins,train
_69Iq8Wbm-k,ins,train
ImoZMipuv0w,ins,train
LeZYqzdihIA,ins,train
_fdaZoV-4_M,ins,train
HBfIB1zhdmA,ins,train
22PIxJlto98,ins,test
kC3bGpYllio,ins,train
vlY290QP_zw,ins,train
BYAvY4PencE,ins,train
5yI1G1IQ_Ws,ins,train
dtYccJRBfq0,ins,train
4Usl0qJoFME,ins,train
nhe6TWW2DDo,ins,train
5oq7SliGzo0,ins,train
hMrfN3X_IkU,ins,train
KHxPM1OuAa0,ins,train
NwOL2FClwb4,ins,train
nEim94pl5Yc,ins,train
GhsE_byFykQ,ins,train
jshvhmCfyqA,ins,train
9TxMNeLT-K4,ins,train
rMFJBLWkhzs,ins,train
49emIcqMURo,ins,train
GJoqc60ZPi4,ins,train
yJQDlVizPmg,ins,train
Gr-AWS4yGqM,ins,train
b-WS0Bz-wDE,ins,train
Q0UzN89Fp1M,ins,train
G4wk31KWGZo,ins,train
GPvwq4do5qs,ins,train
aBcP3M0hLzs,ins,train
Yzq3KmEMEdQ,ins,train
QFV4g5D2AT0,ins,train
2s6ImGMIeIY,ins,train
IM0ySECztDs,ins,train
oJokj7e5rQQ,ins,train
QVMYUlGXKKg,ins,train
F_-i2t8mWAQ,ins,test
eRqQ85ItNRU,ins,train
fWA0wmFpRwE,ins,train
Ml7toQgBy5E,ins,test
KlzzJa7Ldkg,ins,train
ClwP9w3mI8M,ins,train
F9BUfb2buNo,ins,train
TZzKcjETEMA,ins,train
hG1Vp4QE9x8,ins,val
5e9HjMdQids,ins,train
RLokeEfALHg,ins,train
auBAGcp86T8,ins,train
crfhZlFtIRs,ins,train
Osa5KuOR-tQ,ins,train
X32NLsy6YPk,ins,train
aDwuRnVvNqg,ins,train
r2EATfZE_Is,ins,train
6-lO_P1JFkU,ins,train
7LSRn9mnijc,ins,train
sWGX6Ux-Neo,ins,train
uuLmiwgxwFU,ins,train
loVGU6mWwrA,ins,train
-cLk6IyCZPg,ins,val
4yx3THxwz2M,ins,val
IqzgY1XMdSs,ins,train
XMNis-gdJSM,ins,train
ve5_kKwpJws,ins,train
gkhkmwbCpP0,ins,test
JUtqDJujTes,ins,train
KnTZqxXorM4,ins,train
yzNE-xdChNg,ins,train
0rO413yD-gM,ins,train
jVqzQq4LJbw,ins,train
mqU6D0zutBg,ins,test
KP19B5wM90E,ins,train
YCBXaLZ3UHs,ins,train
1AGguo_nNTo,ins,train
D6hAYYV6ftU,ins,train
c6BSWrdec90,ins,val
rpeBHzGT19A,ins,test
PEJQp1Hl7sA,ins,train
8LGHbvlAQWw,ins,train
mzP5sKbmxp4,ins,train
w3GbpdGCli0,ins,train
tV-df3Q-H8w,ins,train
_NoD3cgO2Co,ins,train
-i-LhgthSq0,ins,train
pGbERHbbUfc,ins,train
v9nMFhDEUeQ,ins,val
7miKmdR_0kk,ins,train
NHdllM94INk,ins,train
IauivcpD9a8,ins,train
rM02JrROmDA,ins,train
VvPtuS1H9ZA,ins,train
j0cH5sJBoPM,ins,train
gbAnoXDZLJc,ins,train
nIYFUM_UM8U,ins,train
erK4zgyJYiM,ins,train
i3FGX3IoX7M,ins,val
Hk04aC6adcY,ins,train
5DR7-Prs-6U,ins,train
fNnpWFKk_pc,ins,train
T9c9ZR2fjkA,ins,train
GjVBhxcn6pk,ins,train
L_d9lNXIfz0,ins,train
5Y1SHzJfRWM,ins,train
Mwk6VC1TeHk,ins,train
x8Cd9zJLOs4,ins,val
FJWxThzpAnc,ins,train
4yZ8q88tHo0,ins,train
FWw5KD2A-1Y,ins,train
2ewDjWBj04w,ins,train
LFb9P5Hem9s,ins,train
57MdmgGzJJA,ins,train
mBwUZndwaAI,ins,train
Q51fkaBaWHg,ins,test
Ffg8Cw7-v9M,ins,train
mMRijyTRzZE,ins,train
G0q8egi7vjQ,ins,train
8-k_4jj4yj0,ins,test
I1j_mmdzTu8,ins,test
BT1B0aC4e1Y,ins,train
uN1ZJ8N5GA0,ins,train
10Z40X0jWH8,ins,train
yUyURuuwGh4,ins,train
CKmpOjdeJTo,ins,train
5kuWmBz26QI,ins,train
2nX5dJidT98,ins,train
jyk2brh1ucE,ins,train
ZgYTCu394fw,ins,train
DNkVfNDvh80,ins,train
4Cabax1kFQk,ins,train
0NLuAg1AnGw,ins,train
tz5cic9oqz8,ins,train
9Gtb4WArczU,ins,train
7QnzfXBXLG4,ins,train
KJ2VmWkblLE,ins,train
dPEUHgLlGPs,ins,train
EbJYyuHJHDY,ins,train
Ry3dzRk-sCI,ins,train
YdPgkmAbNhk,ins,train
rWwritxlUsg,ins,train
3oUN9g7mNoM,ins,train
4WhjVWWyfNo,ins,train
Sc2la3n7A0E,ins,train
vVOkhBxOl1o,ins,val
5cDBhPly-Ks,ins,train
z0vsyO0H-lc,ins,train
HeR-1lC8mG4,ins,train
C2DND1z7QP0,ins,train
5f9BQzqKvbk,ins,train
3kb8g7CMLeA,ins,train
vo40kdtLdoc,ins,train
mLtpsqVxlD8,ins,train
yw1n07pX8ZY,ins,train
LwuezjV7cVo,ins,train
HZmviwwDwBc,ins,train
cRlrDR47tJU,ins,train
Pe3hhOb7sDw,ins,train
AdOUYlWvu4k,ins,train
hzaUgS2KrGM,ins,train
9K4UFpcjvDk,ins,train
_WFp8WPBZpA,ins,train
c4Z9opZwfxs,ins,train
H8j31bnABDM,ins,train
py45Y6JaC1k,ins,train
Zd6X4DBPdgY,ins,train
yiY6DO3sYN0,ins,train
GF7_c0b2s60,ins,test
F3Yf0r-AVWY,ins,train
H3VpWYjkbGE,ins,train
i-AsoUA93hw,ins,train
czYQhwjZvT8,ins,train
qOIbdfwQ_j8,ins,train
cu8nETGJx-I,ins,val
_vwK9f2W668,ins,train
FjaU7X0sDZM,ins,train
vm1TqtDntIw,ins,train
E2AY1Cb5DMo,ins,train
-taM0vP2UkE,ins,train
jnOqByRwJEs,ins,train
C1j4PCQlnPA,ins,train
llkrD0yVp-Y,ins,train
MFeXikwMKU8,ins,train
JN8v-f9sSuI,ins,train
O1iSicYCcPY,ins,train
bAQ8bzJiibk,ins,train
oddhddDJV14,ins,train
on_9DSNkFII,ins,train
CU_9inWbb0w,ins,train
jsAKlNBO6tQ,ins,train
2tGMouDm248,ins,val
2xvuspvULNk,ins,val
T2CiSB18hvg,ins,train
voVGoRiFdCo,ins,train
_OAD_-QlkYI,ins,train
GQxsF0wT47k,ins,train
fdiw20EYK0I,ins,train
INy1bioywno,ins,train
G2lNB1VqQ14,ins,train
B107-cT0Ir8,ins,train
ZXyRjDSG8Ug,ins,train
DmDOTxjQccg,ins,train
trKlMSkJCIw,ins,train
UAVnDD7rdUc,ins,val
xJ18dL3mGto,ins,train
5gYlOcyGa9s,ins,train
Wn9ePY67FnA,ins,train
NB4K_x5eLjE,ins,train
bN4S33jeVY0,ins,test
j2-RRXBo5Kw,ins,train
JGN3VQM7MNY,ins,train
3DMRbB-jA-8,ins,train
26vyJQqL89o,ins,train
VaEqMim5_0Q,ins,train
HKIPesi0PEY,ins,train
nj4Ab8DN_78,ins,train
9YZSRguNEQU,ins,train
F7kGmOqItxw,ins,train
jwKy-fPUNUg,ins,test
aWigiXopsbw,ins,train
gRjcFfCV1Ys,ins,train
b7nLvWpKhcQ,ins,train
B-G_jNSEbFM,ins,train
LZ1uX1GwWGI,ins,train
oDCEb89_bK0,ins,train
Qmpl_GHVss8,ins,train
n_9CR4fYv5U,ins,val
VA8oMrboVEI,ins,train
OHVsJGD6MW4,ins,train
u4CclVU8EBw,ins,train
3xViLjP_KZg,ins,train
V2xGTK09lFM,ins,train
VzZof-9hHmg,ins,train
HTc1E6PE1mQ,ins,train
8hE-NC7hg9I,ins,train
O8av6uV5Jp4,ins,train
dC0wSewaNa8,ins,train
WgCNp92yrCo,ins,train
WIbnYdMK_ak,ins,train
PyHIWxxFo1I,ins,train
deAYTFhvcv0,ins,train
mcaUFTiAf9c,ins,train
kGIquBK9gVY,ins,train
qyk6bu38LnQ,ins,train
QA5nQVhfQws,ins,train
-v1VZJg2D1c,ins,train
B5M_dD9dJMo,ins,train
SyeOi689Y5Q,ins,train
Gm1Ycp8VH6c,ins,train
Xs4Y97F6usU,ins,train
slDoFIt4-TE,ins,train
5duAUaOaMRY,ins,train
FCsZYYGiJNA,ins,train
jdIsqMzZDyg,ins,train
gVPkal7jzfg,ins,train
mArtXEF6i9A,ins,train
2Yso6MpM5m8,ins,train
Tmp6gVsSgNA,ins,train
ucQsMhRR0dQ,ins,train
2abR8Ur0Cgo,ins,train
CrB4vJQ4lvM,ins,train
hICV7Bi2PYI,ins,train
rNpIqG-PATE,ins,train
XdIjo_-WZAs,ins,test
2rD5T42-Zxc,ins,train
jKmC8V-ZY0Y,ins,train
gNrOhW_Qlzw,ins,train
WGKo46xWQmg,ins,val
BTKY5yimw1w,ins,train
e6Rsct6oAwY,ins,train
le89WsKWvOE,ins,train
N_EDPnRR8AE,ins,test
zqQ9fzNwq3E,ins,train
ck9PXWdSxkE,ins,train
lHKwYnAixiw,ins,train
jTd8VYhR_oI,ins,train
KZi_e2YmGPc,ins,train
buLGkbvh5eo,ins,train
Gy4PuhocvRg,ins,train
odc-loQY8Ds,ins,train
SfLPPnEcgig,ins,train
o9q2xjWseqY,ins,train
6aHARifuJ04,ins,val
5n2sRmL71pY,ins,val
I-iz1BY_-lo,ins,train
lS__3q86SVo,ins,train
XatY1CxM4So,ins,train
c0MtFpWkHGg,ins,train
79DkYNYPRVM,ins,train
CDMVNwgji4A,ins,train
McsJi0mJS5I,ins,train
TpMRwvYBSDU,ins,train
cZyWwTNF4GQ,ins,train
To1BJ6u8uFM,ins,train
EA6sBYjGQeE,ins,train
NewLNY_wtso,ins,train
WYopLCGZTw4,ins,train
ASqwN3pPnRI,ins,train
9fJrSW37Pcs,ins,train
37rQFYF2JLs,ins,train
RdmzOYWAV3c,ins,val
n7zv7HV-WZU,ins,train
mYQWZX_F1J4,ins,train
8h5pbiqj8IE,ins,train
vx7kM3scqN8,ins,train
L5Arzw1CdPM,ins,train
H5xIBnn3MyA,ins,train
t-xjf3J8UAc,ins,train
NbReCL5p7ZE,ins,train
tE3NMUuLE44,ins,train
gzajfgnXa5w,ins,train
4mm73NUv7w8,ins,train
wOTgutcswx0,ins,train
57HXKccdtOo,ins,train
saYiPgqZ1NM,ins,test
WRG-D1gymGw,ins,train
DSZ8dnDmYhU,ins,train
TI7VnbHnKDk,ins,train
g-P3YBzn1Xw,ins,train
scBg_Onc5t4,ins,train
0WXFA3CQdUw,ins,train
SWU6T1C8Kog,ins,train
MKpnK0Dgyhc,ins,train
Dx0_4yGXg24,ins,train
UOXFqDU5fNs,ins,train
hf3hUHRbCA0,ins,train
aVt3oVIzyuI,ins,train
Z4UfvAvtGFM,ins,train
s9h-EHTn19c,ins,test
vPLyxT70LSs,ins,train
zr2tP06jIec,ins,train
so5t1o5C560,ins,train
38BLAvxnP7c,ins,train
8GYLwgG35VI,ins,train
jRdtOYY1QgQ,ins,train
oZRxNOVoY8o,ins,train
jigYTCqaqvg,ins,train
xJvDu0WtfNc,ins,train
TA8vYKYJNqM,ins,train
NF86ZmWheWc,ins,train
n6AIN8KqtGY,ins,train
kBVoEgrqwzk,ins,train
-tJb82f4YNE,ins,train
7cD0hcsBU8w,ins,train
4AJGAv1TKHI,ins,test
cgL1ixkdRnU,ins,train
zd9i4nUXXzU,ins,train
cr3cltdQaqM,ins,train
4MskRfNVelw,ins,train
Xn7rA8LS8Hs,ins,train
n-8abFTHDUw,ins,train
dkcXUZQzsts,ins,train
oQKpL-1mmss,ins,train
W7lW1QPcCjE,ins,test
eLuznz9uP1A,ins,train
kuwamelju0s,ins,train
gC4IuZHsyro,ins,train
kvsQmZm0N_U,ins,train
JGKskVAy2eI,ins,train
QB2nuExFZIo,ins,train
YMM17IgxtxE,ins,train
SUaIhSU7C2o,ins,train
rqmgrjzwNPU,ins,train
AufEcp6Vo1s,ins,train
xIHahBW3Utk,ins,train
ZRHmf4Qs5MI,ins,train
q8A3gqVsdbM,ins,train
sEP3G56USzc,ins,train
FqzKYHGxETo,ins,train
ikMkUJE-q-M,ins,train
AQn0bEKj5Zc,ins,train
nCmklc_4jMI,ins,train
WPT5GYk4vG8,ins,train
HwRzhnmwsmU,ins,train
OKlED0kqmIs,ins,train
0xhyutnPYIE,ins,train
iL_thfIjA-k,ins,train
WCY_RaDsRaw,ins,train
rK9senE7z7w,ins,train
boqqCJIpZdE,ins,train
UikabZor87Y,ins,train
QQDTGEyISoA,ins,train
SLel0RcHnUU,ins,val
RH47F5r2pa0,ins,train
Vc2SmkqU7H0,ins,train
ErKALw8Wouo,ins,train
g4TuweSGNnE,ins,train
efsNgaL7bKw,ins,train
2u-4ClwI094,ins,train
lhiHlqONhxA,ins,train
rJJabRh30hM,ins,train
jzf2_gAxajY,ins,train
pswuzUpWqs4,ins,train
KpzeL7SyZzk,ins,train
NYq9WgM-qPQ,ins,train
wGr6rMNUVF4,ins,train
buHQoyt5EGs,ins,test
ocQvQ0FviEY,ins,train
4uPO64GeCRs,ins,train
yZwOoikcLgI,ins,train
NeBqu40Zopc,ins,train
hJQEuJb9dOQ,ins,train
hLlDgNaWT2U,ins,train
N39Fx73ZVqw,ins,train
BYhv9S5h99A,ins,train
rW8JtW13Nn4,ins,train
9u78x459crk,ins,train
-Nen4rdyXz0,ins,train
DtpkNN_nB1Y,ins,train
tm76fbPzzI8,ins,train
kOp8GZru3Vc,ins,train
N3skFWT2diU,ins,val
qMNsmIckrO8,ins,train
iDzYmYeQ9x0,ins,train
ICnpPUzFCzM,ins,train
kMucFOy5fSo,ins,train
GnKDWPLODdA,ins,train
5YqRcacQcyY,ins,train
hMHUmsuEaJQ,ins,train
rpHQRFjWsz8,ins,train
TTj6QITYj7M,ins,train
PORcKMrZlTA,ins,train
Rj39XBq1bRQ,ins,train
5sB4f-fq7fk,ins,train
Jo9lnt_8_Uo,ins,train
M9llWy1Qj0U,ins,train
ievR8Cwyx_c,ins,train
alh9zVh0JvI,ins,train
Nix4lXWKOm0,ins,train
eYhIPKO02Ks,ins,train
gwrORDOIDq8,ins,train
4M6bo0hQe_k,ins,val
X5vD0MExCl0,ins,train
cpO-cNrySlw,ins,train
vOHliXTP-zw,ins,train
SFeJmyDDW40,ins,train
E8TK5IcbiQI,ins,train
1T-LXHcX6Tc,ins,train
iTU6tdnKRtY,ins,train
FTK9EX0FHkM,ins,train
6inrSYwfA7U,ins,train
ZonLvXVvoKg,ins,train
TpvTo0DHT30,ins,train
HCm9iRW9c9c,ins,val
_ePu3UX6JsU,ins,train
9EPfbvmQrX4,ins,train
3cB6i8DAE0I,ins,train
fJBkBbYH95E,ins,train
DvBvNGC8lwQ,ins,train
rnVQgO4vl-M,ins,train
LrvMYunahhE,ins,train
uoxONsdT0-k,ins,train
NSLZ6zDC5eA,ins,train
6lpFRqHU_qk,ins,val
Ojx16cHd4kI,ins,train
d06227DNdf0,ins,train
lu_-fAD4PWA,ins,train
mW5R0tZaOy8,ins,train
xtjxeozAZKk,ins,train
zBdB2ykH5Do,ins,train
nc5yX0YVIik,ins,train
NR-MLi17Qw0,ins,train
ukAlr88uJKI,ins,train
rF4vrzXEgnE,ins,val
Qva0KIYYNR4,ins,train
Jb7bCRAgmKs,ins,train
4bFXNZP_Igk,ins,train
P49xqFQLUAk,ins,train
O3opCJ1uS0Y,ins,train
6ErzWKfdwAk,ins,train
rusR76XHvYk,ins,train
kWuFAdh3M0I,ins,train
Tl2CvOtnLVo,ins,train
qeuZQ0qkdNY,ins,train
FV9HYG3THmo,ins,train
gVCrlwm9Soc,ins,train
aJ_H5XBRM1I,ins,train
ugMzzHlCcno,ins,train
mQe4YUuMOhs,ins,train
CFR8_-tfSuA,ins,train
NzAyHwxv3KM,ins,train
rUE9lw4WjFM,ins,train
x5nM0KRpDqs,ins,train
RWccq2ZlFA0,ins,train
4wLRiiMeGgs,ins,train
J4Lqj2a9_6c,ins,train
gCgiOLK5heA,ins,train
mjbFIARPXR0,ins,train
C8ODkYqmwqA,ins,train
Rw1S6rZFLP4,ins,train
q6eTMXmMvpI,ins,train
HIpd-cxvLnk,ins,train
CpAqGn1wv9I,ins,test
3NsuJOjCQPY,ins,train
5Y15g9Yde58,ins,train
pcES0cDHnHU,ins,train
Q8vgM5X9-_s,ins,train
ALkyPRYBDHI,ins,train
GCdPE7Ipa5g,ins,train
unh5PDKB1Q8,ins,train
d6Dn6GjRR34,ins,train
af8Q4A5XPks,ins,train
MYZtavjXt0s,ins,train
1ZEBD-qV1zc,ins,val
ObFne0rQ4gk,ins,val
esTSSODN0Sw,ins,train
1Aqp-Xwh6VA,ins,train
B0LLhsroBdQ,ins,train
1ha26svJA6I,ins,train
W-8tGQjrYXU,ins,train
gcf0hkpR0q4,ins,train
u90E2sfXzsY,ins,train
tocbxt6ingY,ins,train
SJz83U8mhs8,ins,train
ci2CvWPyU08,ins,train
_4IhWNRqpJQ,ins,train
GeLmLyBf10c,ins,train
7dQlRx1dN0g,ins,train
i1k80qy-88Y,ins,train
HRhBfYmZ1lM,ins,train
2mWths2UyvU,ins,train
609I3qPlImc,ins,train
dayARjbXIYU,ins,train
oYL5k_Z535E,ins,train
scWstl567SA,ins,train
uANBcvbk11g,ins,train
v5MXim2c1yA,ins,train
s3t3AZOyz8o,ins,train
Ah5kVcL-y0w,ins,train
29B9l7jTFXw,ins,train
1-318kMHYi0,ins,train
UoMr7GlcEso,ins,val
WXbO2sesRiI,ins,train
jheh9_ENRL0,ins,train
LC9-muAELto,ins,train
-IJZ-JBppPs,ins,train
7vEZDhC_df4,ins,val
_EAhPXqVIgA,ins,train
lhjtfedqr8A,ins,train
8YnA9MlYgNM,ins,train
DlanTpi9YZk,ins,train
gC_voxV4TK8,ins,train
SCLBq1MESNw,ins,train
Gf-ss620loM,ins,train
-AtNJLqhV3w,ins,train
PuZUpecBTPc,ins,train
6h944TYWYT4,ins,train
awB8JBCP-4I,ins,train
f9THfR5OhGQ,ins,train
y_z2Cw_j0Ro,ins,train
hZ0egom7bkg,ins,train
XfZ05pEdkC8,ins,train
ZM9RtpYc_sY,ins,train
SecfDBpB4LY,ins,train
HjxVaFNSiw8,ins,val
0LR54Yj0D5Q,ins,train
_YJf8RHDTOY,ins,train
LlFOR3eFlV4,ins,train
DVGGvl6KLH0,ins,train
J28mm99TVWk,ins,train
q6hDvT04aqQ,ins,train
VYHhHuryk4s,ins,train
9sxcM1ZbIg0,ins,train
PtmCnoSGWIU,ins,train
Sj4A0P2-dDM,ins,train
dH8cyeF8q2A,ins,train
icqeLeGREyM,ins,train
JvhnS2-yVhI,ins,train
mk5KGTFvwRw,ins,train
A8E4Gw0jT9E,ins,train
cGjUCTt_0WY,ins,train
JLg2aPFbDe8,ins,train
IajTVYQUho4,ins,train
iJVl81TgG2c,ins,test
52jQUge00pQ,ins,train
fSxWCC98zN4,ins,test
nsH1MSYkRS8,ins,train
1pq48b6a-Qg,ins,train
4ImwwmMTuS8,ins,train
3aePB7pZU7A,ins,val
RDWDDPWDv9c,ins,train
I4bRwWYz-o0,ins,train
8kKzWFhEVz8,ins,test
cxoi0-NZ3mc,ins,train
5_92BCUHmGA,ins,train
J-Qa6pI8u4Q,ins,train
impSmyK8FsM,ins,train
hdQnAZJlhy0,ins,train
IzZpJElhHW8,ins,train
_2EdTdwmBPA,ins,train
jwCZMTMg7b8,ins,train
DhPf09HepCo,ins,test
6Pwiwg808KM,ins,train
Fp_AKse4VUQ,ins,train
ppzdq1ox0ZM,ins,train
0ZNdpa2RDDM,ins,train
qsdvlt3ohCE,ins,test
qKx-Gbh_dkE,ins,train
LCwcm44Fk9I,ins,train
SzNEcRjwSUY,ins,train
HIy4uQfI_nc,ins,train
MRrYDz9vnPE,ins,train
oHANWLfNeMk,ins,train
pk5H9ZM73I0,ins,val
CyK0DKnhouM,ins,train
obMIY3ZRlP0,ins,train
-F6hwEvo7Vs,ins,train
DdxB37Gr56s,ins,train
rVVFO3Jfsyo,ins,train
vVeGeCsNTAI,ins,val
KmFzBq_dXmo,ins,train
XVYvif4b0ms,ins,train
DRm0ep1Kbfg,ins,train
hAiud7_JtrM,ins,train
SW67LwSoSTU,ins,train
c-lM8_THuw0,ins,train
q0ScWERbS6o,ins,train
Tt8OXobcoJE,ins,train
v0YbG_WZjVQ,ins,train
kYnvSmX-3m4,ins,train
ERZgNVITEeE,ins,train
vckpqdlWK30,ins,train
pvudSa2ZkT0,ins,train
Ugr8YvGyf-s,ins,train
Q8Ll9mQNaI4,ins,test
5hmHRIuiUWg,ins,train
1rEcrJSCSIM,ins,train
EBARbFY_U8Q,ins,train
wlgyoBxhZyo,ins,train
CQuKGE0OhPQ,ins,train
G7ODzBcqbPY,ins,train
vwgACivz66E,ins,train
2CqEBeuSgYw,ins,train
VeueklBIv1w,ins,val
92v6S00mX_E,ins,train
dimYSkbGmPw,ins,train
MMeO8ZqeDwc,ins,train
YQiJoYGmM7s,ins,val
9N30zP5G2vE,ins,train
haz3_5LzpDQ,ins,train
lEvuCGAwgP4,ins,train
_EFWbJkhDmE,ins,train
FIv8i49Eh9Y,ins,train
t--1j0PAa5M,ins,train
V8gQIz26XRI,ins,train
-XuR2ejW4KQ,ins,test
08FE7s-T1x8,ins,train
b0R_w8ob8Ds,ins,train
zx8mlxbo3a4,ins,train
ZVHen2ixBCM,ins,train
BYmfQtArUbE,ins,train
pgxj13ZpTFU,ins,train
Yj8Uo6A3JTo,ins,train
OJDVkx9lhgY,ins,train
oDITiWfw1Uk,ins,train
n3eVs_lQn08,ins,train
49wpHLwUqQs,ins,train
THH1d-wy16M,ins,val
e4nFtmnUeI0,ins,train
ZMjjBw4bVCU,ins,train
W8McjJKAH2o,ins,val
ue9yiX0LwFY,ins,train
yebwK1ZKJ5o,ins,train
ULxUNIyM4xI,ins,train
k8oZC6ihe0w,ins,train
79Vyump-Zuk,ins,train
wVYEJbUSALo,ins,train
rNJm0AWo_Mw,ins,train
ClAzxPuFUnA,ins,train
MBmNKdcVt0Q,ins,train
nZ8o9w9lUVQ,ins,train
CLkSOaW5ZHw,ins,train
tOnZRxaheYs,ins,train
18mQNyvt-5k,ins,train
QppMjOY8lKI,ins,train
xnmXMy5XqhE,ins,train
OErqhYu5rOQ,ins,train
Rloh6PLRvEA,ins,train
dvr2ajSvHgA,ins,train
ZG92EzjwS0c,ins,train
NLfVfPE-7AU,ins,train
dEGkRvpEHQQ,ins,train
n988oRQcXc4,ins,val
xmsT4B0n3dE,ins,train
ao-__itnQXE,ins,train
3Y-62k1Q3Cw,ins,train
5GKk2El0d5E,ins,train
T5HrQoyFIJo,ins,train
34cARUBoHPc,ins,train
NIopeEennUM,ins,train
tFqZ0hDoXVo,ins,train
maYJX3yRRQI,ins,train
S16ARsChGKw,ins,train
-cocVdgc4SE,ins,train
-M8WlCLuT00,ins,train
ZVYszGvafo8,ins,train
d5SJdMS1EL4,ins,train
QldhqFJtf0Q,ins,train
-OFuGRmgORM,ins,train
wFcWPfNsX3A,ins,val
yFv9RyRn1FE,ins,train
ggVhRXwJw_w,ins,train
PNsv4C8fOxI,ins,train
4smeE9UeGWk,ins,train
GfX-1Vvdu3E,ins,train
C_sTsvdhEKw,ins,train
yyAaAbqEM9U,ins,train
JFNrrYHkKHA,ins,train
1bbjVaZhIq8,ins,train
YPel5OnFHto,ins,train
bvstO1n_IXk,ins,test
bY4wFC-VQeo,ins,test
mfBEdnZpCKE,ins,train
fwjPvLGlRRw,ins,train
OL_NaTHC3JE,ins,train
6GI99Iiz44I,ins,train
MQoVwG8-w5s,ins,train
050NaX0ReDg,ins,val
6wl9rdTcraU,ins,train
XCc4cyBsjXs,ins,train
JkAMJlJmzRk,ins,train
rpfzg8Dy-jE,ins,train
IplIh2zkvVk,ins,train
TwpaVyUAyrQ,ins,train
2ZCzbuLTgrw,ins,train
lOu1T-4BcaM,ins,train
hMzgDtUhLSE,ins,train
rCnplbBjTag,ins,train
ZMNluhdNQ4k,ins,train
Q0E6aJumK-4,ins,train
5gniKgbWugI,ins,train
IzzLokOjawM,ins,val
dab-9v-zj5g,ins,train
IpCZn6T6qZE,ins,train
wYzTrSnHS9A,ins,train
CiQn4BU81Rw,ins,train
VvWsDONvJwk,ins,train
Z6S0E_81FAw,ins,train
XkSrOHbPPX4,ins,train
lbUvkAQPSaQ,ins,train
N1uHbuOeNyY,ins,train
0zxFWJx4YIg,ins,test
zNHzmRbja4A,ins,train
YWgEoZ4nIuM,ins,train
xQgkO6UcIac,ins,train
zrdyKBTBEuA,ins,train
lUOm2yv4DIs,ins,train
WolmzKj_73I,ins,train
y8Eq0OIJwGs,ins,train
Z_kSNDSNcRA,ins,train
HE5XiI6oEhY,ins,train
ej8SKL0MyB8,ins,train
39vCWEfqSbA,ins,train
re_Avrs6cZY,ins,train
WbFaJxbcgVU,ins,train
qZC9wL2g-QI,ins,train
NEcd80G8_M0,ins,train
-zhpZas6SJA,ins,train
fcPugQdb5yU,ins,train
G7v-W9pxw3g,ins,train
38eQoeDxteM,ins,train
9AgR8XHyr24,ins,train
sxNu2VR2U1E,ins,train
F6deV5w2y2U,ins,train
H903Pold11I,ins,test
lgLI8AqYotM,ins,train
G6Fchs6ZHgc,ins,val
2gwc1G8h6vQ,ins,train
y9gdcZ3rk1U,ins,train
7NSapmIlFbk,ins,train
GaE40LcRVFc,ins,train
2FBP3qZKugg,ins,train
MvgvKPLAC14,ins,train
HLhS0HtP2bg,ins,train
EKji0bMJWZI,ins,val
FKYsEKd5m-w,ins,train
wXCbjqr7VBY,ins,train
VutD0piEOs4,ins,train
lz2BvVa52JI,ins,train
VinByJDj994,ins,train
Y_MM06wqBbA,ins,val
fzgof_kflIE,ins,train
uTE-7XOpHWI,ins,train
fXA9v0ocfps,ins,train
Bm-vHQIcqTA,ins,train
g4FraxWT8Zw,ins,train
7po05x2W118,ins,train
qN-H-plANL0,ins,train
f2I5vyUFmCE,ins,train
lpnuVacvruw,ins,train
xMU27Rmdwxs,ins,train
nSIHp-kILxQ,ins,train
JxyH-eM4Ex8,ins,train
WiX-10Ow1v0,ins,train
Z9xLnuH7v5c,ins,train
mIIR9vALz9s,ins,train
xB5gxq2FIb0,ins,train
wB0Fx6nACxA,ins,train
fWDI_XJTOeg,ins,train
tLIrB2T0gyQ,ins,train
XjdZnKjijXw,ins,train
cVFObDOv8GQ,ins,val
WZzxj1cddVc,ins,train
BXJSwpauGl8,ins,train
3BTxMWZlyfg,ins,train
3gOMk3UyOUM,ins,train
lPb42yVV4DU,ins,train
1Ktc73VP3bc,ins,train
31Y4yjlxhkk,ins,train
UiyEEvpCgr8,ins,train
pGI1T3Nupiw,ins,test
CGvgTEg1oA8,ins,train
68WPE3Ez3QA,ins,train
Xd3nr1CFE2E,ins,train
VESjLUVFwHM,ins,train
-kolHafchfw,ins,train
10l_IwV2hsc,ins,train
lwxECNkxp7c,ins,train
VUHfWuLCrMg,ins,train
8lgmQewOrFo,ins,train
JDMrQZi1v3s,ins,train
JWL9-3OtYOY,ins,val
Ioho4eJsl8Y,ins,train
PTDBXUkMWfw,ins,train
NYTA-W13eBE,ins,train
ATr3uWo1V8w,ins,train
16BTpVtSbyw,ins,train
cAEUu5fpvWI,ins,train
3kqEwwElVJ0,ins,train
O24ijfrEtJQ,ins,train
bK6pkwTTW7A,ins,train
M-k0FpnXW7o,ins,val
hAKsh3NUHqk,ins,train
Aj87_NMmJoE,ins,train
6Dzzlc423bI,ins,train
rtITSEiw3qw,ins,train
bMqwQWqdZJ8,ins,train
v3xAaszWUPg,ins,train
WIgFm1Ldjnk,ins,train
-hpbvSjpEiY,ins,train
QQkQ_r9IHs4,ins,train
9zuhOvx6cm8,ins,train
dLYg39kQQ6w,ins,train
NKyOm27yZNY,ins,val
JEciPrq_kFI,ins,train
IJG4C6hwEco,ins,train
GWOEFXCQErk,ins,train
66O0rolmXHo,ins,train
SjR7iiGrgbg,ins,train
XxdnCED-QZo,ins,train
L07vzMEpCjk,ins,train
5oxh6dWm9-c,ins,train
wGj2ix3DV5s,ins,train
VoZln6oD4BQ,ins,train
Vy4A8Rcvqgs,ins,train
6Fjjwd3xxBc,ins,train
Ko7dfCczkuc,ins,val
yZH-BasX3IE,ins,train
1nw4ao8jHks,ins,val
GmsmXTiTIIM,ins,train
jrrT5UkcaBs,ins,train
da1Ee52dRAU,ins,train
kHfU2Hin_M8,ins,train
L48gfehCp94,ins,train
O32Xf1fiSjU,ins,train
RKmhHU5MgQI,ins,train
5r-YvsQn2M8,ins,train
ODbaU2jLjlU,ins,train
oZw6Lk530E0,ins,train
8PVRf69bfrE,ins,val
WWCFi7c2G7I,ins,train
glNqZ8w4iy8,ins,train
zWRmXJnur9o,ins,train
lvDGfx0ILRI,ins,train
BhuiEYiS0so,ins,train
3u5tRDrm4vQ,ins,train
stAicIXWXz0,ins,train
YbhR8ne8mUg,ins,train
iz9b1AdNQKg,ins,train
YX8igLtF6W0,ins,train
SMqq4fHS-ek,ins,train
OlPplqwE0rg,ins,train
acYDEhMHp88,ins,train
OCC08IV6XYA,ins,train
_Ot--cpA4bY,ins,train
4BLLS-6GLkk,ins,train
CWiXPVlIbv4,ins,train
xHgZw2NnroY,ins,train
i7ow1CD1J9U,ins,train
H7swKJ8UUKo,ins,train
P3L944dj9sw,ins,test
fAaXq89d02Q,ins,train
O2tPkaUW93s,ins,train
o9Zw0ykH9lk,ins,train
IUuvpVgfWUQ,ins,train
LjEAh_EtjX8,ins,train
c_jsl22yxDg,ins,train
8hd_BBmCals,ins,train
tgrQ0xf84JM,ins,train
yrqCR4MlUCU,ins,train
wT7YPgFpbA8,ins,train
ES5BQR7ADl4,ins,train
0aoOTpkflo8,ins,train
hzADN9XeHA0,ins,train
qG367iR7BBo,ins,train
wAAIDrSQoJ8,ins,train
EKOUBbGsO5k,ins,train
dCCDasaIKUQ,ins,train
dkrznwvJNsg,ins,train
5Z-NeEBC53M,ins,test
08KXlG3cqsE,ins,train
UBAQfroTOZI,ins,train
nrsQwlxAiZU,ins,train
omQk5UYajwc,ins,train
_FO1N0wasOk,ins,train
XZy3jeTQCJ8,ins,train
bgqTlNEg7OQ,ins,train
YSR58Qt1Lgs,ins,train
iEoXBfyVsDI,ins,train
jgPvcHBW-e0,ins,train
JQhsbDp9QGU,ins,train
nMw3q_TgwDA,ins,train
sm0ZmynP-20,ins,train
dCcjzXBazfw,ins,train
zJu6za8K88M,ins,train
3pHRzddVvaA,ins,train
tVld8cnuOc0,ins,train
gf75BherMuQ,ins,train
RclqjiOiH5Y,ins,train
EmvKGkkGsf4,ins,train
d_tKEpojjA8,ins,train
IKPZoTMETt8,ins,train
NLoloXSa7mc,ins,train
dnH7SlfXMGM,ins,train
5j7VzwDwIbg,ins,train
bIczZ9I1vVI,ins,train
1pAuvN64OJY,ins,train
IKI65ef9agM,ins,train
lb3INtoHN1Y,ins,train
JtGOXL6hteg,ins,train
-DRXIjNewqM,ins,test
cwdtRrXfpg0,ins,train
QtJ9a1TrZY8,ins,train
JGapbGGnwkc,ins,val
ohMZu3lrXiM,ins,train
4OzHhMyDAQo,ins,train
52lWP4SNTZw,ins,train
3sDm7BvHGJM,ins,train
uZYaPqtjguY,ins,train
cGSyoyZ7Fhw,ins,train
kR8v-c_Feqo,ins,train
WqUTL0Cwp7E,ins,train
dp4xePv1YXw,ins,train
gVJnIpl40vs,ins,train
_jJP9E3FDOM,ins,train
H6JUnAwTLKQ,ins,train
pcFouu0J6EA,ins,train
5Y-Iyzf_-BI,ins,test
V1vEjveCVYI,ins,train
NePL2NVs7AA,ins,train
hNCPuQ0mlsE,ins,train
wHE7bP1HV2E,ins,train
r33uryvDXxY,ins,train
y-4MJOUhJGQ,ins,train
XVKMq5KwIf8,ins,val
ApxP96y_DIU,ins,train
z7EaZut-2Lg,ins,train
IfdpiThfOGc,ins,train
j8RSYWzO9Ac,ins,train
gG7ScvEmybM,ins,train
m6Puj9XxuGQ,ins,train
vF9Yj_gPTPI,ins,train
gmNoRpJTF4c,ins,train
zytRwVvuKPI,ins,test
Z4BReXq-ddw,ins,train
rQk8FnfeBgk,ins,train
edQJhPf28R0,ins,train
1_LamT1w6V8,ins,train
pv9d1wjPHrk,ins,train
WKEr6Njl7aM,ins,train
f0a5l2wdz44,ins,train
ZWiDstQ7wE4,ins,train
aYABVGs7VPg,ins,train
U-4hmXNauiw,ins,train
Z0FnJhRNX0A,ins,train
-S_tvuXjvDM,ins,train
cuO0Wl8_acM,ins,val
UGdWC8OWpD4,ins,train
M9l7qjCCUS0,ins,val
M7jTnC2O9sk,ins,train
bSkvXlO-lH0,ins,train
0HwfxR7V33E,ins,test
Mli-yDa9FhI,ins,train
GGuvxB9n0Uo,ins,train
hf0-PG50CAg,ins,train
c58INn3qS6I,ins,train
BgYDuPWcB2E,ins,train
QOwrM0CrQGU,ins,train
6n44vJ24nlE,ins,train
Z3vzLTljG-U,ins,test
hd7sjOEJ5_E,ins,train
3R1KfNn0FWk,ins,train
Yls-M_pMfUU,ins,train
LntUi1DeTF0,ins,train
s_w1dTtfbM4,ins,train
G0uOM8OSQec,ins,train
Fk9HmZZyDic,ins,train
21JT4CJOP-c,ins,train
kksYvL-yR6c,ins,train
XQni2AgKb_c,ins,train
Xb2ORvRN3JU,ins,train
TNmyS-veYmY,ins,train
hVcB2C5tE1w,ins,train
B2SfqrKW5aQ,ins,train
tb77uoKQZmo,ins,train
F5cprZIaMYY,ins,train
IS712L3mReQ,ins,val
Xg4r_F2Q4-c,ins,train
WGfSDzNYtNQ,ins,val
QiIj1ao0Sys,ins,train
WkX8tXbtAUA,ins,train
zSjRIOnVRvw,ins,train
nwRqN1jh-2w,ins,train
TAP0Hz5pJVI,ins,train
HPoIgUkIcps,ins,train
VLlFdIYdZ8g,ins,train
nL_3eiWorvQ,ins,train
4dHn451ceWM,ins,train
jNnIZSNeCX0,ins,train
4m3YATvLO38,ins,train
4RiADjwCiPI,ins,train
4jfiZF4AeyE,ins,train
wgruP4adweY,ins,train
00sxCZ5WPgY,ins,train
59_xpm8-PZc,ins,train
cnMCIa2a1WU,ins,train
1HN-XvgCRP8,ins,train
PHaImwZ3aUI,ins,train
osZaPwBrszc,ins,train
vKDjhe1Adoo,ins,train
YBz5GIGGKFk,ins,train
T6VAXRnCxuc,ins,train
E7QfdEddAEE,ins,test
7w34NSKLa0k,ins,train
8gNvCD_ciqQ,ins,train
R806S25Gh9Q,ins,train
besW7KjEShw,ins,train
0zFcI40cpBA,ins,train
Nsoqb49eR1U,ins,train
jClPJCE-lV8,ins,train
xm91VvgHVh8,ins,train
VsCttY-n3bM,ise,train
JD17pVnZ0ME,ise,train
e5B9JLt1kiw,ise,train
qq4-pXIbh9M,ise,train
tNVMBCy6DyU,ise,train
-xgEtbmKVHc,ise,train
ZAH-_wziROU,ise,train
IXuCXIgIuxw,ise,train
EYRa2c1mDGM,ise,train
Dkci6s1mTB0,ise,train
LC3Ywr13RwM,ise,train
O6O4DEHz0KE,ise,train
a3LVJqFKvLM,ise,val
SnHEKVvJRUI,ise,val
SvRDDu2cMxQ,ise,train
aYo_kBEOHSg,ise,train
pqbcE-DIMf8,ise,train
HqEi4TmsfJ8,ise,test
eJXB-zrdJwM,ise,train
30s9qY510dI,ise,train
cYq7VTEOsdI,ise,test
N7C1juEgTAc,ise,train
7BLYEtcb40w,ise,train
doPPx4a-1i8,ise,train
QE1MYsTkAjY,ise,train
mwhqKjyHT7o,ise,train
9K44pm3mffY,ise,train
QsV6X3GRmfk,ise,train
oIsqzBmw4AQ,ise,train
dB84Pz8sXZA,ise,train
ywhXkuhwl9E,ise,train
nW3YQkO12Sc,ise,val
JCW07ZmSAHs,ise,train
XSiP02MVpyM,ise,train
pFbduDmSy_k,ise,train
XCEmeGTGX-A,ise,train
_jpIi6zSgAM,ise,train
ErZupy18nww,ise,train
4BWrX60gG-Q,ise,train
3xgHMnsM-2g,ise,train
ykvvdkKxIMQ,ise,train
kqgs2GPdnVA,ise,train
6wEL120Npls,ise,test
28vtYX-2jrs,ise,val
SoKdbIG6m2E,ise,train
pD3Fv9XDoCE,ise,train
HzBsJb_5TmI,ise,test
MOC2uY9wMHY,ise,train
4GGWpVMK8o0,ise,train
LNy4JS9jxbc,ise,test
EROVRGdyXNo,ise,train
Y44wPZH-NqE,ise,train
immlxwC6pSQ,ise,train
mhnGzrBRfXI,ise,train
kclQfsB55Og,ise,train
rKtLlFE9590,ise,train
kfaXhVVGc8c,ise,train
zYDB64Bqkgo,ise,train
O8mqF-kU-d4,ise,train
hMZxAnR2jE4,ise,train
b2PK4aHYpNo,ise,train
LwgyDOxshM4,ise,train
FeCm8gnJaso,ise,test
BxrOaOJqrio,ise,train
Myc778A46Hc,ise,train
fB87sAGgBoE,ise,test
iPDBPGPhhKs,ise,train
cFjhxwDsu8E,ise,val
mmm7ryMVBw0,ise,train
RD7kIwbYBao,ise,train
IkSvlWIifFY,ise,val
4CZLmK7BICQ,ise,train
wv2QF4VoQGs,ise,train
AYUkP1ORH1M,ise,train
VDBP5dPeepU,ise,train
EcUR0kwt7Pw,ise,train
lkWj53iq2oI,ise,train
eFpz0EMbvvw,ise,train
Tty_JmMRMBI,ise,train
FTb4xNftoo0,ise,train
2NgZZg0qJHM,ise,train
4tLLKrIov0Y,ise,train
nNBJA-mzwNM,ise,train
IK36oq7VNio,ise,train
ukqson2bZSo,ise,train
qJCcUW4TDcM,ise,train
YwErjMEjEyo,ise,train
3i_IVupiuA8,ise,train
JR1utQHZd5o,ise,train
z0b7GNqyE9k,ise,train
JxPk7twvfLc,ise,train
rq_FpIdnmtY,ise,train
fDU-vPWTgmc,ise,train
h8rr1JL1Z0k,ise,train
wb9GQp3kCcg,ise,train
2Xuq_T1mACQ,ise,train
Q93gqn0J0r8,ise,train
Ow5dDxx3GmI,ise,train
kN3ysl_MAc0,ise,train
Q4Y9pAVcDCQ,ise,train
eldYZJ_8KKg,ise,train
lgoY-ss9nO0,ise,train
e0GXCnnLusQ,ise,train
Cptk-nB3Fec,ise,train
-jGnOwoKG14,ise,train
5-aw9TTtPZs,ise,train
Jp-ffGyNtCA,ise,train
bG9bVNJRoU8,ise,train
jioR3cWNzLc,ise,train
cjsC-9KC30E,ise,train
DDTcMKQb7J8,ise,train
GUMkjpFI3Qk,ise,train
pODRXlCIT_4,ise,val
6eRSEkb7Ftc,ise,train
wtp47sr5dHA,ise,train
lGHVBb5qqzQ,ise,train
FH8Mh_O1AFY,ise,train
ugANBBc4B4I,ise,train
GGAlDS9iW3w,ise,train
jWm2OeRQ2Vc,ise,train
jlMtogtVIjk,ise,train
fWX1UBlYwVA,ise,train
hpOmI9hBgXo,ise,train
PMxVnFO-2ic,ise,train
wleN2sfytqA,ise,train
_DDs4FO_VdI,ise,train
KKK4kmIYrP4,ise,train
6wbNx1BZdyE,ise,train
qiQ5tmK1O0Q,ise,train
tCykNix8UVE,ise,train
uAm0J08yNpE,ise,train
toSNEtsRtYM,ise,train
5KqfeOI2tSc,ise,train
Q5x1hi7Tq1Q,ise,train
KVaTVJfl01A,ise,train
XPZAIC_s3Ek,ise,train
6SZp1snMozY,ise,train
jleecxN2qSk,ise,train
yBXpNrrJw6M,ise,val
_bIYNmqFxpE,ise,train
SpuerVheCSQ,ise,train
aB9sSdcJ7Z4,ise,train
wn-7YvHpv-k,ise,train
eiIUYX32A80,ise,train
XmXCumtBJhc,ise,train
oCt5XfEsZa0,ise,train
rmW-CUE164Y,ise,train
aIxDPA9mU1g,ise,test
cFkeclo8nIU,ise,train
HZVoF7XOZ-A,ise,train
CajC7BYzHOc,ise,train
HO35QRPb5rE,ise,train
zr1306y7C0E,ise,train
GaAlQtsl7Lg,ise,train
4T3Oa_QPY9I,ise,train
YrLJ-rungcI,ise,train
UIKF-Xp4E3s,ise,val
Cy7pzyks5B8,ise,test
v11Q4IAf490,ise,train
aumjgGrURiw,ise,train
9fUqizPbRwM,ise,train
lgYlm4iyQNI,ise,train
WaVQTAnsAWg,ise,train
HDPTUVn8z6k,ise,train
BZvLrET9sy0,ise,train
lJ3hBY_DCPY,ise,train
3Zr43IVn-DI,ise,train
p_GWgzRdPM0,ise,train
yicsXFVic6U,ise,train
ahAij0wVcwQ,ise,train
CB7JzznEAnM,ise,train
vFEbH6NJx4s,ise,train
MBIwOkTLVKw,ise,train
dI5SMDuzfvA,ise,train
SEkxZm4ToSY,ise,train
-prlm4ZqLqM,ise,train
wAks5kuJMPU,ise,train
p-51G9z_CAk,ise,test
qKmJBLFCo90,ise,train
Jjgh8fEi8oU,ise,train
Xjlo8VqF_BU,ise,train
sJnoRyIJIxw,ise,train
yRzKjTjXHX0,ise,train
VqLDnvsdlMg,ise,train
1UpDFSojFUE,ise,train
qXyp8IJQt4I,ise,train
5-qMmtva6U4,ise,train
C0i1ftUjXWs,ise,train
x4_w1QwDjYI,ise,train
J7hDwKaMUx8,ise,train
qQHYkfSc-9I,ise,train
iZ3bPGoqZ7w,ise,train
VTWofWSET0k,ise,train
is62916h_jY,ise,train
Uv595Uc3e1g,ise,train
dl35kDtHrcI,ise,train
V4qGhGqcyck,ise,train
zcNrBe8U_C4,ise,train
I-qJEXYlLx8,ise,test
fCh3-qSQ0Dg,ise,train
KYYFL_o1L70,ise,train
m-D_GuqAjgo,ise,train
Ql8Hx5dEk1M,ise,train
9RX9T4Axl8U,ise,train
33AR0bl_CSE,ise,train
eXMr_Ovu8U8,ise,train
c1yFmWTRpaU,ise,test
vbuIef4PkhI,ise,train
03QTRl_eQzY,ise,train
UdoZur4i-b8,ise,train
UJfmQHfqIjk,ise,train
3KTp-0cFJ1w,ise,train
3NNdB_uB8Rs,ise,train
N0o7eJ7lcoE,ise,train
zQfPDqvwU18,ise,val
u8XK4hPhURA,ise,train
uYnEpQbhT6c,ise,train
HQo8V14IzU0,ise,test
U5gEV9Np678,ise,train
4oTj7StJDY0,ise,train
7qfPfA2d5xk,ise,train
qCv3lSCzgQ4,ise,train
R3RDBpps-pw,ise,train
INCTc8BQ1GI,ise,train
7_SrqUXReVI,ise,train
DrX8BghTW-c,ise,train
gpW4w61ZgRw,ise,train
A1DxM70jBaM,ise,train
psHFPSldP5Y,ise,val
faRuH3Jthuk,ise,train
6aktE9htL1w,ise,train
G-2QALD3y2k,ise,train
wYEpsi_fjZ8,ise,train
peWPpfq2Ti8,ise,train
zYpq32WDGfY,ise,train
pWJub42-HzM,ise,train
Sao3_Bd6SMU,ise,train
rsjKClyuFNs,ise,train
fkkwurQxvXU,ise,test
wOE3Ie2dVig,ise,train
TSzg3VMOPII,ise,train
mgOZbqcmtuQ,ise,train
L-Ei9zncw5A,ise,train
VClsB663dyI,ise,train
6karkd6kVjE,ise,train
m0lPTagf5-Y,ise,train
dTcebzLmupM,ise,train
UM17KyVxEEU,ise,train
cfkzPvBgB3w,ise,train
teegWATXjew,ise,train
MLUSAzzyMxQ,ise,train
VvSb58-xnOg,ise,test
q06C68dXIQw,ise,train
q-jSbPkH0QE,ise,train
U8VFay0Y-FE,ise,train
D232cMuy-34,ise,train
SjfJzLwyt6s,ise,train
ps-FUe9ze-k,ise,train
dyRhq7aSzXo,ise,train
SS5dxgVH0yw,ise,train
gvO-iep2ZP4,ise,train
oYkA6AHzH5Y,ise,train
fDPsUd8Nn0s,ise,train
fzQjIkTPJz4,ise,train
Qt7ICf3cDFA,ise,train
GMnpub3oZJg,ise,train
SmP6yaXgB8s,ise,train
p6TIjUYQjHA,ise,train
8Ecz-AyI1eM,ise,train
rMcb_W3JT-M,ise,train
lzT_GW-_W0A,ise,train
dmGBmG5L92M,ise,train
8fyqhXBI-Ik,ise,train
XEvpq2iPHX4,ise,train
KF0cZ71PcVY,ise,test
0we3QUosoDY,ise,val
G0ufGPMq41M,ise,val
WdQDNRaN9CQ,ise,train
UsaxzR25Rg8,ise,train
4N5A5UPlPl0,ise,val
p1dM4MdurKk,ise,train
eFjCCURgryo,ise,train
TgK8Uf1Iz_E,ise,train
NKCaUdCyOPM,ise,train
NTRmFkh8elQ,ise,val
YBgLxituJpE,ise,train
7YPW-WZsR4U,ise,train
YTdq2T-7PUM,ise,train
4PdCD6UIDx0,ise,train
2JnbLEF53t0,ise,train
GZ1ECe9DBkk,ise,train
L4212c6p8ls,ise,train
d5FR7C_dw_4,ise,train
a0z3tdpZZnQ,ise,train
Lr0kdX27wAE,ise,train
Wj8UR_FMyaw,ise,train
rTj780_xH8A,ise,train
pNUBahzqqeI,ise,train
0dEQkk12fVY,ise,train
HqSStFHboAY,ise,train
8dvkBJO9ts8,ise,train
UM9ithIrDto,ise,train
7LyScRg9QzQ,ise,train
gHHkM7-TCW8,ise,train
-UTsIJEDaUc,ise,train
FZuxSk-AzWE,ise,test
GruG6BVN7Vs,ise,train
d3lj_CLzL0o,ise,train
H9GPhDLfzGI,ise,train
rORlouHn_x0,ise,train
Qhq8ON7r2ik,ise,train
BIJq0I3E2Ds,ise,train
TVXYrUzZd8E,ise,train
jjhrZ0DJY7E,ise,train
Sh1bx7okisU,ise,train
AA8pf4lvnNs,ise,train
TjDW3U5vCMk,ise,train
5it4lUJQUjE,ise,train
m1yDAFipAyk,ise,train
VUPKjslbYgY,ise,train
2gzfHRJ7nNs,ise,train
R4jTiL5Lgco,ise,train
n_3UtTSPjkQ,ise,train
4GUu-DGnuew,ise,train
fiagWXouik8,ise,train
uBOVVoGqO6w,ise,test
9MThM2QMbWQ,ise,train
Q-wCZdNAMAY,ise,train
Gi-2vER8yUg,ise,train
Q-5UMKn0gVM,ise,train
1PFjwsdX9t0,ise,train
6mTl_4slAKw,ise,train
X_KMb1qUgpk,ise,train
cKuf_gr4OTI,ise,train
e0NMKoPWbds,ise,train
W-N-fCUq3RA,ise,train
8AgA0b7vfuk,ise,train
dP9VluTGU0o,ise,train
VBgWw7l75j0,ise,train
4IkFK4RztV8,ise,train
BEYKRMu0AAc,ise,test
P2hZQZb4zV8,ise,train
ddsGJtLlTr4,ise,train
_5jEFzzdMpo,ise,train
aFM0-l5GI-A,ise,val
XHluYI4cJ14,ise,train
9CIxIF_L3Ak,ise,train
2CNp5oiPUQs,ise,train
72yiCSaCbhI,ise,train
uPUZhKlEFqA,ise,train
kQrEsq6Zv00,ise,train
X3UISTofDQ0,ise,train
OP0RCqgv0t4,ise,train
h9MRtRXKJUw,ise,train
LG4QgtDgLdY,ise,train
eRpRx1nK-LE,ise,train
Gc5jtLt2KHA,ise,train
OnfQIxuYWtI,ise,train
0Ejxz9dA_t8,ise,train
G3lZu2MGFfk,ise,train
OIW99kQfU3A,ise,train
G65J9deSmtY,ise,train
j0Ph-jJOEr8,ise,train
iAFTtV84_to,ise,train
2FtjrRgE2vY,ise,train
i62K72LRysA,ise,train
DKlshhC5xG0,ise,train
1_scr4P1Epw,ise,train
JTPoJVELjrQ,ise,train
lpNT5ufdFK0,ise,train
BMqh29uUw0o,ise,train
CFbXC1QBV30,ise,val
gnc2jMnwZAo,ise,train
MK9Mlv0cvBw,ise,train
VNIghmHvPno,ise,train
4GNH8hKRbLI,ise,train
MhAA33YgKR8,ise,train
5fj9NBpBmko,ise,train
lxnZ5LOjqSk,ise,train
HRoxWORXleQ,ise,train
3xmTSxcWyJg,ise,train
61zwMYQnh9s,ise,train
qOjAVVxDBDE,ise,train
at0BQEArCFM,ise,train
nIsMwNApI18,ise,train
svGzL5w6C4I,ise,train
kOjkrmZYYFI,ise,train
h_vKw05WIPg,ise,train
UNopBdjXN8s,ise,train
JG_CNrtk-8Y,ise,train
OMa2-CjDgQQ,ise,train
-z4BxXvBx28,ise,train
DeKP5nEvKkA,ise,train
V4xm97wQ51o,ise,train
tQWsAfiX2l8,ise,train
IEB--56RMRc,ise,train
6ucfK65NHX8,ise,train
u5kojHAL3YE,ise,train
0gtAdyQkGvg,ise,val
FVpwblGcTOA,ise,train
rdWpEGbhuUI,ise,train
Q5qkBmdGRug,ise,train
D5jdts5VISg,ise,train
GFNHgHt5DkU,ise,train
FmQhzcJSDgQ,ise,train
ngI6NsWoYcw,ise,train
tMPp2H4Y-BM,ise,train
4f6fgiTc0LA,ise,train
lf9Y8p70dd4,ise,train
WDt6kZkQBoE,ise,train
Yp5wWvbKioA,ise,train
-oulhYrNyYc,ise,train
F_BZCgoRWsU,ise,train
oC_JVBejAIs,ise,train
CtMXHPo5Zl0,ise,train
ZmuoBeJYWiE,ise,train
afYtMeDxFTc,ise,test
WkAhXzH2-h0,ise,train
Kt6k75pNqik,ise,test
K8FK3bGAkLo,ise,train
ycODU3wz5b4,ise,train
jX_FG4--pLU,ise,test
k_6gLL3b1_8,ise,train
Hf7RO7lMw84,ise,train
xOJzUNW2l9E,ise,train
lttzHLHm3Fo,ise,train
2u7-U3vdsnU,ise,train
_bLf-CJ7DZQ,ise,train
7SRwjRD-crA,ise,train
fz4ojbl5vFs,ise,train
rrGTYfL-mPg,ise,train
rRLUnTzsdK0,ise,train
gEakG0LMjIk,ise,train
XYPaB4F-WzA,ise,train
xnJpZPdWcu4,ise,train
iThrgF9bWTA,ise,train
gd99wunC_9g,ise,test
fHDXnRv8tn8,ise,train
kbNYakSLeos,ise,train
7qVoHLn-DBg,ise,train
v_TzuHa8L2M,ise,train
PBxCNm7iheQ,ise,train
x4pZvalY42A,ise,train
2mnVRk7XcHA,ise,val
Oc_Cce8ld4M,ise,train
HISqS0PNqD4,ise,train
T1cy9thjRL0,ise,train
bZRdnB3Oc2Y,ise,train
XjNmLP8ybZc,ise,train
eCNl_wMz8IA,ise,train
OlkjW4e6JzA,ise,train
4YIDslIPqlU,ise,train
3SyBeD67mdw,ise,train
HtqRIt8QZNE,ise,train
y_YrdQd4jKM,ise,train
FjQZrI_u6gU,ise,train
wTQfaqiBfcU,ise,train
XGxU2vhOlZc,ise,train
0upzydpansc,ise,train
tX116ftY9jo,ise,train
4WEJSMiEwuo,ise,train
bBivuUgAvLo,ise,train
izpAXTc0Hy4,ise,train
ptteXPcbpEE,ise,test
3c1KgaSsPx0,ise,train
-4-CfyjuYYM,ise,train
t9CYQs7-GmI,ise,train
BP4LTlUi5UM,ise,train
AI-PfGG6fu8,ise,train
J5kqkfw6nTw,ise,train
-IjV0pnSexY,ise,train
BaF7ps9iAbM,ise,train
s7DMXqJEgWc,ise,train
pRhLNb5GZzg,ise,train
pnSS404iRag,ise,train
u59hI9yxofM,ise,val
s3wBbd5JTks,ise,train
RjX1cbvK5X8,ise,train
uc0jK24rEqA,ise,train
BmW55kjatRw,ise,train
Y7DGX2ypTD4,ise,train
02QH3_8Me6s,ise,test
ZdZfSxCk6Qw,ise,train
v3WUpQt7nUs,ise,train
mf5lFqh3CcY,ise,train
wxE0cTklcGk,ise,train
5xV6G_z0IHI,ise,train
z1DRVRTvksE,ise,val
23dkx0FJKZo,ise,train
rkeJP42Vl5s,ise,train
pb_8wb8ZfJw,ise,train
wBUbJlvvcT4,ise,train
YjK1FN2Zmfc,ise,train
Mbw9LFi8yrE,ise,train
u1IaPhcBYVY,ise,train
RF0ol2yFtIE,ise,train
_rcwE2Fajto,ise,val
D9owjjaOa0Q,ise,train
Jl7RJm2moZU,ise,val
jEMspFzdcdo,ise,train
1uDhBBpmxC8,ise,train
icGCA089G5k,ise,train
Psvycoi5dR8,ise,train
VLrizXpk8aY,ise,train
Uf5hRWT7KEM,ise,train
wUEGbg23RPo,ise,train
rBiuPaXjhuQ,ise,train
nqoWkVirCAk,ise,train
w4QoyuGV-D8,ise,train
9BLF3MbLYAE,ise,train
1vvP4ML4iuk,ise,train
jkue5aLLOQM,ise,train
9ggN4p_WhW8,ise,train
47PDDZykb0U,ise,train
mhJdmQ3YctY,ise,train
vISRECJuv_s,ise,train
VKcK8hMER4s,ise,train
yKO0BO18vKw,ise,train
H3dRJeaGJes,ise,train
nq9v_ib9Tvk,ise,train
-yUiKPS8LnM,ise,train
26RZ7EM-WSw,ise,train
ccWTc2GeArg,ise,train
iIuXX-z1wRU,ise,train
1jhsr7d19mg,ise,test
3hJmqj3jl1Q,ise,train
v0sYPaL-1z4,ise,train
objDM84jEbc,ise,train
nZ5boO1wVBY,ise,train
SM7nGf7_HO8,ise,train
tswefJ4OuQU,ise,train
UFopQ-TnPVk,ise,train
xj2-SByaee0,ise,train
yEN880SOtYM,ise,train
HK4_d6vc550,ise,train
ZW9RApBIEl0,ise,train
_h7wAx9M9O0,ise,train
eAQi5kIOf1o,ise,train
XoHsCue9Kn8,ise,train
7sXfDfoOt9U,ise,val
r_iuRVRgUfI,ise,train
_IVLq_2P--w,ise,test
rxPx1OH4OZ4,ise,train
ZLtpuhf3zcQ,ise,train
eJAOLGlunM4,ise,train
7E4mqnqUzHI,ise,train
I6jRClw-O6I,ise,train
akt--rYh0Sw,ise,test
biWYhPxpyKM,ise,train
QMc2bByNMxw,ise,train
Kfqe_dJFzbg,ise,train
KOwol6qds8M,ise,train
4ppzFyTuhfA,ise,train
EbiV7j2ltXg,ise,test
ATXeGPVHsVo,ise,train
XtHKyKYFi4E,ise,train
JuTvaYdhgRE,ise,train
GV1Ocnwmksk,ise,train
8yP7lcphpXM,ise,train
Rw-ghZLpBf8,ise,train
zB4oiclVYes,ise,train
jBlZgJ_p3_8,ise,train
6BkL7CngeNs,ise,train
Q2wbaNiO0qk,ise,train
RLGetQy6Jcc,ise,train
zGRUGNCDCgs,ise,train
WQhwldNsOac,ise,train
6jj0upfn6RE,ise,train
mFcruYi4YRw,ise,val
V7jQPrbK7gM,ise,train
JmjB0jQSxz8,ise,train
0l_po5jOEoc,ise,train
rTHimbYUAr8,ise,train
LbBAT6ZnoSA,ise,train
ETVwAwKgCVU,ise,train
YJQPcKcUt-c,ise,train
jeLD_aNyVwI,ise,train
4INKv7ZAL10,ise,train
Voy7-zgIR8M,ise,train
tpUMmF3vFgM,ise,train
ux0alXPD3Ow,ise,train
5rkXP5qtCeA,ise,train
IAXzs4m8VF4,ise,train
sgtJzUMqb4M,ise,train
wIIiUkWog0M,ise,train
zwsA654ENGo,ise,train
2ldX6hre-F8,ise,train
dfqvIuco_0c,ise,train
8HKy1ixvvsU,ise,train
2zw7ZNM1jxk,ise,val
uw1_QkavELE,ise,train
ptMvbf3of8g,ise,train
EqFUdiOOf0Y,ise,val
UTdcXMNeI3g,ise,train
sox9BJqrd2I,ise,train
0SIy6ed4r80,ise,train
WhiO4OWbZ7U,ise,train
UX-rHlxaxsw,ise,val
DyN91wOW2yY,ise,train
C1JWKpQoeRM,ise,train
H0gjo9TtXn8,ise,train
cF6B1Ww3zyA,ise,train
GqbPOfsnafA,ise,train
4o_0zrywnUs,ise,train
XECtCZonf10,ise,train
jdYt1EVn4Gg,ise,train
jrmejcANHZc,ise,train
cW7zJ2lFUbw,ise,train
1DQ3TjjACk4,ise,train
jJ3JsDUOgfU,ise,train
bcRc7VYDGPw,ise,val
sZWoiKWetKI,ise,train
0Bf_lC3ocCc,ise,train
us0yW13VtKE,ise,train
_fuS-f4cvL4,ise,train
TOuqRaajxMo,ise,train
mFjXiKyie-c,ise,train
nryL9D_Jobg,ise,train
g5SAfqEtius,ise,train
_88YsEvyvzI,ise,train
05YV3dgDtXY,ise,train
Q0bwrUVpjVM,ise,val
qtyH-5BDzv4,ise,train
kpWkc_jFQPU,ise,val
bSpAKxcrGmg,ise,val
mqTvVMuz6Pc,ise,train
q-gg2bjNK64,ise,val
Pv3OuyeM7CU,ise,train
5onTfZFRt2I,ise,train
23CGtq6bcuU,ise,train
vjtYM-YN_bI,ise,train
IiDbItEJjwE,ise,train
HuJ6q6z0yl4,ise,train
Hib3hbVcKAg,ise,train
3jOeF8PdDmM,ise,train
rPQfKkmC-M8,ise,train
-1tL-2UD1D0,ise,train
dZqhPgxDn28,ise,test
3SJaJsCcvpk,ise,train
mLF_5zhFJxs,ise,train
FFHQt4aT5O8,ise,train
k1ESAQTM3VU,ise,train
0spFpQr5gwQ,ise,train
q1N97KUxuNU,ise,train
fJ3U1TD-MwA,ise,train
wRRsgeU1a-4,ise,train
eAO_-tasjPM,ise,train
Zh6MBAYpDGs,ise,train
OkQ3cJUVdyI,ise,train
1q3UWJNvSEo,ise,train
MpM7KEgMaiw,ise,train
tMCIDF2BZr8,ise,train
YnpONDmprR0,ise,train
-CfNQOIIxa8,ise,val
_KXl1sfAIAE,ise,train
WffZEI6fvFc,ise,train
z5juriIkyVA,ise,train
FeFI1oI9llU,ise,train
Sbwxq3LxYaM,ise,test
2Nmnf3DKw04,ise,train
c17FXlLyOCk,ise,train
i6Ovq4ae1JE,ise,train
-8GWFtO9pDY,ise,train
0CKjQ-mbvLY,ise,train
LjgBTbj8leU,ise,train
DYcK2Xygw8g,ise,train
DdULQWw54lE,ise,train
NhjCP9xbNDQ,ise,train
gqYMZ4qAbTg,ise,train
rESi9ZmCDYU,ise,train
pza_ZIArDw4,ise,train
qOeq8BmTAw4,ise,train
0BB8FV0xzQw,ise,train
IRdWn-MtRJ0,ise,train
LuJlk1InNbM,ise,train
yRMu0YEvLrU,ise,train
xS4T_oqDIwY,ise,train
VcxM_v2GDkw,ise,train
EJQq5zDtCjk,ise,train
pD7i8nO7eO8,ise,train
JwRgfVdT738,ise,train
hl1rP3cIV1g,ise,train
jIIYhIS4g7k,ise,train
HLwoX3R8ZOA,ise,train
nYZuTeXHVR8,ise,val
ctZTkeljyw8,ise,train
xSpgz5VDT74,ise,train
-y4l4y-Pc9s,ise,train
0EzNUZcQEsE,ise,train
oHNZZHxnHYM,ise,train
uCoYbeGP2A4,ise,train
g_GwSfYPbx4,ise,train
XweoaJ85Szk,ise,train
Vbz8b5nySfU,ise,train
wYBs76wawt0,ise,train
Gu-QGBjvsgQ,ise,train
8d4K6EHmZsM,ise,train
UiPYXfKnNFg,ise,train
SQSu06xOx0U,ise,train
zG7ghYgAse0,ise,train
DpC5_2ieYcE,ise,train
i9lSclUlbbM,ise,train
9qwErCIhvh4,ise,train
e-QW2VtVjKM,ise,train
t5mpK2q7wmo,ise,train
9zcFFHnNrf8,ise,train
cawlMvRxhhU,ise,train
O6T10aCChWc,ise,train
gjx_THzlEZQ,ise,train
dRaQ8dSNclU,ise,train
quSr-_ArcmI,ise,test
B0bE7p0PwSw,ise,train
kkeakuPado4,ise,train
4_zYKx0OHuk,ise,train
vUbqIdLJacw,ise,train
XD-rqxooAI8,ise,train
b9sdjyUSmB8,ise,train
MsE87U9-LsY,ise,train
RCfMP91HEPA,ise,train
-sEdIsick_w,ise,train
5R_CC_bAi0Y,ise,train
SNf8W2lPj5Y,ise,train
aBllezEDBx8,ise,train
ENlDoJ3dY74,ise,train
_jVK9VF2Oy0,ise,train
2lhcXB7zbw8,ise,train
Rz64f5GesUo,ise,train
_F5RFvdESc0,ise,train
Hnz5C77DM98,ise,train
GADLvadUBz0,ise,train
CRnYY8nE0qM,ise,train
k5Vfgif-v8Q,ise,train
Cklkib9tVFk,ise,train
EchfG27FTo0,ise,train
9qXEr3dTwes,ise,train
_Y2Lxg7U_58,ise,train
Do181qa9yfA,ise,train
oME0OMjs5v0,ise,train
SrNGKGLpfLU,ise,train
TKcpt_WUhhM,ise,train
2TvHGGrLFQw,ise,train
CHvdRy9InDo,ise,train
MuZ1qH20Cps,ise,train
tW1-bOfdH0E,ise,train
mjv2erxfEv8,ise,train
ws6EBpjtF-Y,ise,train
i8Oz3jVyw8k,ise,train
iTVc5fLHBGw,ise,test
BwPh3NZchxw,ise,test
BYacWW7mN4c,ise,train
IX3RVG0Tzbg,ise,train
Ebca2omv598,ise,train
KmxzU-_WLn8,ise,train
BMaCsa-v5fQ,ise,val
UmVzPiquT9Q,ise,train
jZd4pEjFQxA,ise,train
EMtSwvRflJk,ise,train
ED6EjB1H_o0,ise,train
KLtM7Wk4DRE,ise,train
8YTHyZ3QSKw,ise,train
yps8xtTx2XY,ise,train
OgYWF_ev5xU,ise,train
SLpxSBzzEm8,ise,train
neEl1rjmGQw,ise,train
oqGqES-e9G4,ise,val
zd90wRRpb8g,ise,train
Q4UuIn-y308,ise,train
hXigyLkUVF4,ise,train
lAGwJEJ818Y,ise,train
Gp3nNLCv7l0,ise,train
F1xM_HJuiss,ise,train
7GDCpPbDlRc,ise,train
fvsiuCRw1d8,ise,train
8wWPKJkzq5M,ise,train
A152lADerw8,ise,train
kWikpCPjYcE,ise,train
kIAtGc2C9xU,ise,train
86Au38PAF5E,ise,train
-AziR49RM0I,ise,train
uzsJik2DkuQ,ise,train
BmFo4Th6jqg,ise,train
ql_fep5YNZA,ise,train
_t61X0faR2E,ise,train
VB0ZOoiMu4U,ise,train
NHCDY1pNpN8,ise,train
QVnVhTfxvpw,ise,train
uCnkrc7CPMw,ise,train
WtmkWArrN5s,ise,train
3T7rTtptPOw,ise,val
8LvJN3m2oow,ise,train
CS1vZBOtkZI,ise,train
P2Y9Q8_GO1k,ise,train
_31ShcG2-jc,ise,train
1vP4HNL8fzA,ise,train
pmyv7pDpfng,ise,test
qm8MugO_Tfo,ise,val
5t_SjgbHJpg,ise,train
lNkjpNeY2yA,ise,train
BKLq5kU6p6k,ise,train
dzl8lI0KcH8,ise,train
OxaAZ22M3xw,ise,train
MCtTND8ikF8,ise,train
r3IBBkpoTnU,ise,train
BdxiUVwmL1Q,ise,train
9iA5pD-9DXs,ise,train
s_Fb07qgFxs,ise,train
7AS2UaFA6UY,ise,train
SmvUJJ5QUrE,ise,train
_17Aoal13OU,ise,train
hF9dUAqg8xI,ise,train
3cGD9cuWGkI,ise,train
AKDA1Haai-U,ise,train
TngL4liVrFY,ise,train
jm4Uf2K7jrc,ise,train
3KDkKuKx1bA,ise,train
Tt1PK_YWETA,ise,train
KAtczl27q9I,ise,test
6K7o6IJZv9k,ise,train
T3TqpJWPDEQ,ise,train
IQNJ_rJ_xls,ise,train
gM_-O1kTKqU,ise,test
CH_AUk_c7-I,ise,train
nBAoRjRGsRA,ise,train
MPvdKt2NxfU,ise,train
Tgj_Y3yIOCc,ise,train
MbWBxgYsfFE,ise,train
h57GIUjFEl4,ise,train
yZQJgUAJ6LU,ise,train
aca-Bli3B5k,ise,train
xkFC8z9aIeo,ise,test
553q1zEz3Sg,ise,train
SyDT9s42uyw,ise,train
HKZbxr6o7K8,ise,train
80bUg3P0NfE,ise,train
s_Ete1yH4XY,ise,train
oHxYk7FWw_k,ise,train
a-pDjPdyEt0,ise,train
3X9ACC38ioE,ise,train
IXPHWcD2xpA,ise,train
PtmhTuhumHc,ise,train
Z6MQ4ngoZW4,ise,test
Rdm635Hb3OM,ise,train
_EQzLs2PT9c,ise,train
wHAji_PyGms,ise,val
ssPBlaSi1k0,ise,train
xAGDftH6nMU,ise,train
Yj0nIlJcvR8,ise,train
mtpPXouyppg,ise,train
1hx1FwxD1bo,ise,train
b4TYE4ASR2M,ise,train
E_XyQaPqDbM,ise,train
xn8efnZeabE,ise,train
_ilTrWBTfX0,ise,train
UoK4hd8M_dI,ise,test
DHT8y3P2GSg,ise,train
mV0UYb4xD74,ise,train
tqKmryHh4YE,ise,test
YlBVcp_Nyes,ise,train
XCezKiT1UfA,ise,train
b-wFAErtxB4,ise,train
LbFFQMlChuI,ise,train
3nlo6AH2_-A,ise,train
mqdvGbCdSpA,ise,train
l8vG1pNkE5Q,ise,train
BdSpApd9zNM,ise,train
XsIAWE6OGXg,ise,train
097U5PQiJgc,ise,train
61zCMA4oRKI,ise,train
L8WO9r43i2Y,ise,test
M1Uw0KWR0Wg,ise,train
NdIwXa8jPgo,ise,train
lKqKVZ-YAB4,ise,val
G8X5gIvz6NU,ise,train
A45Pq9mfUmI,ise,train
kvNzl8gmdRM,ise,train
ecmc50oeFIs,ise,train
7avbS99zCa0,ise,train
-IsjfGXL68A,ise,train
kZjFClCSaKo,ise,train
fDVX7xHw9rs,ise,train
CGX3yiHOW1U,ise,train
BHsDrt4r7sw,ise,train
x8tjBAUo9ZU,ise,train
zHbzDftc-3c,ise,train
DKwG5N3DF_Q,ise,train
LDUl-5ah4ss,ise,train
OkTvgoXQ4us,ise,train
EMDKHUcIJtw,ise,train
DejkixlDI28,ise,test
nnpxQDZWwM0,ise,train
N1KMM7uHbXE,ise,train
OSBjMOsi7Jg,ise,train
p7W7KvrMcRY,ise,train
EN01BFwFU_M,ise,train
31FaPBRIV0Y,ise,train
w08rCAWLU0w,ise,val
k8zPNDXBg1s,ise,train
viNylXpmHEY,ise,train
YXg4SrlhG4w,ise,train
D6rjBquhEcM,ise,val
Ui0UcDi7DU0,ise,train
XNkXEBSxnHo,ise,test
B5sWGucP6M8,ise,train
pvoVlSTcXNc,ise,train
B57OYpQ4RN0,ise,train
PTvxz5kzzEE,ise,train
igk-oGOFUy4,ise,train
SOHQ0f_zbXY,ise,train
uvb5Sfda7E4,ise,train
DZEBlV81cng,ise,train
h-5P7NNcbS0,ise,train
1BGDcIu32I4,ise,train
Zva8wofRAUA,ise,val
0wGwdqUwNYo,ise,val
EuXi7pGfcW4,ise,train
307zdd-BQaw,ise,train
N1ar10YAupk,ise,train
gEKzYIOf2Zg,ise,test
QQaMz-1EHUk,ise,train
W9FfF9S-jlI,ise,train
EvUStzyNKhQ,ise,val
VTi0lrB3YfE,ise,train
QMVxLelumyw,ise,train
YuHBYbsOVto,ise,train
T1UWBI_ZZy8,ise,test
hMRbuWuDWsA,ise,train
EbLYPQ3mBig,ise,train
tW_R9iPj_JU,ise,train
JYKmdZWYICk,ise,train
mIGx0yrRwik,isg,train
kvY5L_sdPBY,isg,train
dEXdTD1WWq0,isg,train
HLrRVKiDyPc,isg,val
N3KZ_l6Ns4A,isg,train
rkFVzkI2D80,isg,train
i1rLUDdrLIw,isg,train
VqBKBXlIn3E,isg,train
ycXCufnQMmY,isg,train
wOnyhAEScl0,isg,train
LJEywSnkODo,isg,train
UQBzaoYwDyA,isg,test
8lpYpjXBWpE,isg,train
GkIPMtLFcnE,isg,train
vlvb-KdZ8x8,isg,train
pfAA_Zv2vBE,isg,train
E8kIc46MZ0g,isg,train
IQ1WLw54Buk,isg,train
luJkUchAhAY,isg,train
NWOEw7rhj4E,isg,train
-HCQTUug3-g,isg,train
WjNW7gYpPXc,isg,train
JV9MCsMI1-0,isg,train
0CNADIcj86o,isg,train
OEl0o8mPM2A,isg,train
RyIvIiaOL2I,isg,train
D6HFeHVo8Qc,isg,train
iKSXvf2jL5k,isg,train
WqoM7_0n09k,isg,train
VIQIPyovo9U,isg,train
dJFAB8tvDkg,isg,train
8UZOIUCsSIM,isg,train
TmXUAWERUg0,isg,val
Ni-JdbtrS8I,isg,test
PpBI5mQNEPo,isr,train
uIl4zBRU3FQ,isr,train
HcCoxGOEQLU,isr,val
8InDzFTsoCo,isr,train
B87Dcmf3WRg,isr,train
OJ-Z6jOUdfU,isr,train
tk_2saTnIYs,isr,train
uPsfctfYwA0,isr,train
L9t14ll3FbU,isr,train
xnM08C1M670,isr,train
t4mqHX1UfVo,isr,train
h3uC5LbfDSg,isr,train
BdXZQEI90nk,isr,train
c4k8tAUbFHo,isr,train
axBrFHLsSPQ,isr,train
PcD_S82MbNE,isr,train
R3cQYrI2WO0,isr,train
ert__g1fvGU,isr,train
xdSXt00q7Mo,isr,train
r98kjkU5wN0,isr,train
FO5xjHxAv6E,isr,train
ZqgU7wTH9CI,isr,train
aE_QtYFTHFo,isr,train
wehB2tTd-sI,isr,train
4yUqqHzusg0,isr,train
uQ3pzjRpM6M,isr,train
44d9pEEldc4,isr,train
MUzaiPX1pJ8,isr,val
vZ078VuORKE,isr,train
6WD91OPdCC8,isr,train
jF1F4N8n5cQ,isr,train
fSmu4hfvdbM,isr,train
AHItKGM2RDI,isr,train
OW3CdpmD3w4,isr,train
og7MJjMmTe0,isr,train
o5x9NdOoeBg,isr,train
YhHnA-ZjzKY,isr,train
ywcN2s_7jJU,isr,train
611nWdTqaDs,isr,train
tkierQGzK9s,isr,train
7wLuVSi4-xQ,isr,train
a2HanHTbO_Q,isr,train
gdkJVENJAeY,isr,train
jY-U1bBErks,isr,train
a1l8XeHppbQ,isr,train
Qgr2hcEiPlQ,isr,train
sHwhP8vvdiU,isr,train
Xr7dvNTj4Sc,isr,train
plLpacJfg4o,isr,train
7gt1CycQTlE,isr,train
xa7MF4JgHpk,isr,train
I-yeHEAQ5aw,isr,train
tqP_QbsUL7g,isr,train
1dvlPox4zUo,isr,train
as_oE3SZInA,isr,train
0bQ8DNMSKEY,isr,train
xVnyEsV24Hw,isr,train
hV1sVB94QxA,isr,train
iUhhL-zizkU,isr,train
uLlMbrg_2Vg,isr,train
3jqYwYBp7S8,isr,train
Sseat1159GY,isr,train
hNXkEVvFFSg,isr,train
fMwa5NIdm2M,isr,train
Gd-F0tZF9CE,isr,test
mn9TvihB5ZU,isr,train
19-Ryj5gstM,isr,train
2MEikalURro,isr,train
pvhrA5dtrew,isr,train
3orl17zfYhs,isr,train
I8sllqgzVXM,isr,train
mfeiAdlQ-1g,isr,train
hOvfueZ8N5Y,isr,train
qU5P75JoCXc,isr,train
ON1mfgy-iZ0,isr,train
idEUjUhhF70,isr,train
zPcs285h1GY,isr,train
uIcJxUECZaA,isr,train
mq7c9KbD1dc,isr,train
TlrdDzKauO0,isr,train
DW9mIVhfO2k,isr,train
KeNKj1JEFq8,isr,train
Ca-Kuat7Nlc,isr,train
sIYbhVnx3EY,isr,train
SiU9xEatDnE,isr,train
C2h1rC0wfmY,isr,train
T9R5g1Kmmvo,isr,train
4Pmw_c0_1FE,isr,train
-wCx90V_hQU,isr,val
FRJ1brWc8Hc,isr,val
CcqVc1Oo2bc,isr,train
N9Oy8ZwvaVc,isr,train
ersntMG1_FY,isr,train
ozt3bd_-QNU,isr,train
RHgz0dG6434,isr,train
TeDdiW1Q2cY,isr,test
ETA9MysocEQ,isr,train
oiMVz0TDb88,isr,train
BmsXqw-MaGs,isr,val
Qdm1IDzr1MQ,isr,train
3UurAGxGaLs,isr,train
kI7QW_f_kbE,isr,train
-9Gz7E5LNIY,isr,train
K8i0E_-nRN0,isr,train
tujj1IGxTK8,isr,train
LohgM99CbK0,isr,train
UXXmzbNktwE,isr,train
DcNbKwpSiuY,isr,train
MTH5owgRpl4,isr,train
Uck8OnELEus,isr,train
0cqOOQfeMRA,isr,test
b9gg_7iP5aw,isr,train
jfyrPB5z8NU,isr,train
AVFWXTA_DQs,isr,train
OL3ie5DJz3w,isr,train
n1PLYmFirIg,isr,train
HXfli0g7HwU,isr,train
KwFsOVGZP8c,isr,train
RazFSYF-g1g,isr,train
cvu9aQWmMoY,isr,train
Mp4OynJ6J9Q,isr,train
gffrJXMS8Eo,isr,train
ZEGi2IZyEAM,isr,train
81PhSaRlucg,isr,train
bgwKF_Xq2q0,isr,train
Rj76p51Tj0I,isr,train
WfI0lY8wVKc,isr,val
-qmkf_al_cQ,isr,train
glS2W38MX8c,isr,train
RGQ2AgeAwcQ,isr,train
pffa3AEELWs,isr,test
89WXoyaGRec,isr,train
vJM7DPW8ifA,isr,train
hUDzfp2awf8,isr,train
XrK2KYJ9J_I,isr,train
TOlEeq96fws,isr,val
wuRiIr6ZZos,isr,train
bqUEDx0UwbI,isr,val
-s2Vjq9saw4,isr,train
yUpejGnj7H4,isr,train
RAb0Mei4vjc,isr,train
cOI3urnm-oc,isr,train
DHteqH7KeUI,isr,train
FGn67S94Wck,isr,train
xQ5P8878Z9s,isr,train
TSy-KwO66Gg,isr,test
GllBrxBUdDI,isr,train
6AhBf84AwT8,isr,train
ZInafoZ27i0,isr,train
Fl5FQy0JtxQ,isr,train
aR546NyN_2A,isr,train
ZKl1gMVdZsg,isr,train
eiEa6mnloAM,isr,test
XLu-4rhrgMI,isr,train
XHXHBSsQomo,isr,train
meuYgd9ab4c,isr,test
FVKPWgttlwg,isr,train
6_2-TcstcrY,isr,train
gwtH9cZ4_b4,isr,train
comI_48MNv0,isr,train
LpU8xv8L6kU,isr,train
lO0JMk2TKlg,isr,train
xuPG6TCCgnA,isr,train
zefDfws6f2I,isr,train
BdKnYcCRTvw,isr,train
aSTX_yhrRtI,isr,train
lrXSXGd0ESk,isr,train
Wi2ShK6wook,isr,train
-IForyarCxQ,isr,train
Dt37rZDPrmI,isr,train
LmOAqfVEKaE,isr,test
gbwk5q672Vg,isr,test
Ct4lX4y_kv0,isr,train
2SpylN1JxcE,isr,train
-siC5QUGb9M,isr,train
W0SSBrtFYf8,isr,train
1BzxdorNfT8,isr,train
bEH0piI_oQ8,isr,train
LLrBqmz0AyM,isr,train
X3y9wm32LVs,isr,train
Gz0JR6ddfeA,isr,train
oN7yHaOkjUE,isr,train
FRZBu7siLbI,isr,val
IHQG8ySTNA8,isr,train
3Tlw3Jrc7gg,isr,train
URv7GzgtfDI,isr,train
HRpDWJNlQ0Y,isr,train
yXx8jc9dlDs,isr,train
9LtXzqglf08,isr,train
parIA8W3hzo,isr,train
hRT2XU34hao,isr,train
k8q6jzJMAMI,isr,train
-mNS1Irm3Lg,isr,train
xk0eM-VcoCU,isr,train
e8MWmzPxm-A,isr,train
KbKSZDvMut8,isr,train
OabMvOWA7kM,isr,train
PaDPUv5z4Ds,isr,train
cPco9lZYyfU,isr,train
t8dsHgxD_48,isr,train
W7gqnYf89DY,isr,train
1sbbxT_DrDQ,isr,train
lWzk4Fx_3TE,isr,train
l_UfriNIAJ0,isr,train
pNuTyZaJotU,isr,test
AYePphaHyMs,isr,train
WSsaqKldH9U,isr,train
X8pIPpBxJwM,isr,train
K_42Nwr7to8,isr,train
_VCrb7eSApo,isr,train
QH42oo4A9fI,isr,test
qz1FEe5pBCo,isr,train
5FG-SNxejow,isr,train
4on7OqZqaYM,isr,train
o6haIn1hRFc,isr,train
yU-KGF57apk,isr,train
PqWkh5MpiJ8,isr,train
M-8OVTUYcAM,isr,train
iEQ7Zs9dOwU,isr,train
hhw4QHB2aFM,isr,test
DpL_g5jE4Ek,isr,val
DXjqEdiKe_E,isr,train
MBQLVz2g3gI,isr,train
5iP1ZUZH260,isr,val
P2JO0cYIIe0,isr,train
dl0Mq0SLLn0,isr,train
QL51VwTpBgM,isr,test
iJRZLhBzfb4,isr,train
uw1XeMu96xk,isr,train
NUr5-Y5Fomo,isr,train
8i0MZ729qyk,isr,train
Z97wyhnipEM,isr,train
aY8aeZfNYrg,isr,val
h7cd7k04cnk,isr,train
P0JGI_jNixI,isr,train
nA7W0HoM8fc,isr,train
DAb015q_t64,isr,train
ljgaFQMxLN8,isr,train
RfGQSzNAVa4,isr,train
vYbUcZjoyZY,isr,train
qU7dInX4aQ4,isr,train
mvpxQqyvEoc,isr,train
WZ3Ho17MgCE,isr,val
vd9qkP0IVa0,isr,train
-Tfts4owQD4,isr,train
sR2bdb4wCHc,isr,train
HjfPU7mQOu4,isr,train
V0NeVibKyqU,isr,train
4UqbtlomWL0,isr,train
82vtz-3Wdvg,isr,train
xbZINTfslG8,isr,train
PKSqo-ZZtos,isr,train
SE32KBjoNXI,isr,train
mKBVJ56xn9E,isr,train
QP8HzRm8mFI,isr,train
pKdSyk4Mmqc,isr,train
JtLvqUHbcpA,isr,test
Wj-CDd5Y6SY,isr,train
TayJw7BhQkc,isr,train
pqJZBwU1jCo,isr,train
vYJNd8gWXNs,isr,train
Kh2Ks7es5WI,isr,train
eyHITvoF3BQ,isr,val
iXRwYg8KXNQ,isr,train
CCuWBR3tw2w,isr,train
z1jlcv5Bysc,isr,train
6zpuf8S_u3E,isr,train
OtpdlzgA42U,isr,train
HJ73Sj_jnD4,isr,train
w_QSSzTlPo4,isr,train
9iGZfoI7hUA,isr,train
cF11kGfdoHc,isr,train
Rqe2dVVvvs4,isr,train
WAEOTQ-Kf78,isr,train
My7XEWhMfR0,isr,train
wjs1sJ_0OxA,isr,train
aK_uzpt_dGU,isr,train
NDRzAzVANmQ,isr,train
jM9PsdmxC1Y,isr,train
PfMOI4xFNas,isr,train
YpWpTDQ50H4,isr,train
c3zag2QAgZ8,isr,train
kQ4xp7fhKZI,isr,train
Kft9k73zJOQ,isr,train
s1q8CDhz4o4,isr,train
9umAsvvju6w,isr,train
UxMYUTIZCGs,isr,train
PQ8I3DL_mh0,isr,train
zW0FGrpGnNc,isr,train
ycpTdnXdcoM,isr,train
OYZ9M5Cl49M,isr,train
SQCEr4bl0sE,isr,train
hpGg9LtosO0,isr,train
hnyYQtNVXZ8,isr,train
M_AtOjjTBpo,isr,train
uIY2sYXfpTM,isr,train
Tuf3Kn6yn0Q,isr,train
w0-Izinakp0,isr,train
lEg95pqhoqY,isr,val
dcIa-SRWigE,isr,train
Sz5jIcyJ7WM,isr,train
OCRrtq2tj8Q,isr,train
0CXppwsalLw,isr,train
dpLqYXSiVLE,isr,train
tmck7QyuGD4,isr,train
wD-owFlzFgc,isr,train
vjjoxicvvY8,isr,test
jEMTN3_KwMk,isr,train
RI6ii8vSwME,isr,train
E7CPwp8-vDM,isr,train
Twrg1GlB8sE,isr,train
cRTd5qkTNHA,isr,train
HinR89sM5ls,isr,test
B8g2jPXZXg0,isr,train
8LomSOdkk3Y,isr,train
VTuIztE6GVU,isr,train
PJ4RJgHtbB0,isr,train
5CWu8DJIYsk,isr,train
s_MA1HDtWEc,isr,train
NZHTVwMedkw,isr,train
1hbX8sc2eHU,isr,train
j5AfOxV__K0,isr,train
Ee0ZlfbjAvQ,isr,train
53YGWpqby60,isr,train
fBZJ9py66Hs,isr,val
zBwdpaDfr9Y,isr,train
AN8pZ5WkTW8,isr,train
9cpfDqS-unA,isr,train
GtiGQVHLMfc,isr,val
le7mXEpDuEA,isr,train
LlJZ7_JN4p4,isr,train
8tnABmtrVzw,isr,train
EgX3SALOYHI,isr,test
M4beo6iAcE8,isr,train
eKvOECzVQV4,isr,train
73ZbJ-W0xmY,isr,train
B-WbkLZHpFA,isr,train
VKBqSNei_zQ,isr,train
1k1P3TKE7lg,isr,train
p9lcurtXLDA,isr,train
uANHHJAkDf0,isr,train
zB2h0i1o268,isr,train
59VZLFpa0n4,isr,train
jT3o8ajIEL8,isr,train
uF0IFa2L-Us,isr,train
i-51CAVpAuM,jos,train
KXn0-s3Tuws,jos,train
Yxx6lvh4Mqs,jos,train
0rDOJ4ibYCQ,jos,train
gr4Q81eWKpY,jos,train
XhS5u2zsWgg,jos,train
rlJyOhP8D94,jos,train
cfCk-uxQ6Hk,jos,train
bcDNtmfvLtY,jos,train
QZq8BQKdFLE,jos,train
iRYepc9MsLY,jos,train
lHxeBGIkEA8,jos,val
n9k5O5rvy7Y,jos,val
L3gJ-NyHInY,jos,train
sNb2WfLItVY,jos,train
ObRgT9q5bY8,jos,test
M5L4zbIqN1M,jos,train
gACMDjOtHZ4,jos,train
HOiTM0HIN64,jos,train
EcdELTMptq4,jos,train
2D5J7cwR5hQ,jos,test
4IXyzbuuLwE,jos,train
1okCeHSggQ0,jos,train
UIGvskc1I8s,jos,train
U-fmfQcTtQY,jos,train
VfAhuC5fzqA,jos,train
AoCYLjq9ils,jos,train
UGaTATH7WaM,jos,train
Kek2wfAAqvc,jos,train
42P8Of7viYs,jos,train
We-fpc7w_mI,jos,train
NFToOzF1nYU,jos,train
gISC1bV-ZyU,jos,train
GmOCE-ty3N0,jos,train
G5w2FgoqmMw,jos,train
rGXSd4kHHcE,jos,train
Z_rHuWQ98dw,jos,train
J_tWbXZNTOo,jos,train
7P7UJiSylio,jos,train
cc4Pb77A-Kk,jos,train
JVwF6WLsdgk,jos,train
dDkkXBwUsSM,jos,train
ERtVzsfoVUc,jos,train
V-PEXlYfoIk,jos,train
szZnmXfQuyM,jos,train
IsnslRSBEoI,jos,train
Mjav_5mZs0k,jos,train
bGXSwVUN-as,jos,train
hxsqewu1QFQ,jos,train
_S099XHZXjs,jos,train
w8h0YxE7mKc,jos,train
QcdzJOUMGms,jos,train
4HrwWLQ_kNo,jos,test
xzt5wRwN-tE,jos,train
IyemFS7oMbA,jos,train
s0Mzs-NnqCI,jos,train
MMFIJJU-94w,jos,train
6pu8IirftLI,jos,train
3iFczk8yCsY,jos,train
nE9HiLASuNU,jos,train
1gdUXosrLiQ,jos,train
w7vMObk9_zI,jos,test
UDzfOQsIWao,jos,train
j1yrSsnDGoM,jos,val
-QpapMtYvWA,jos,train
8G3lbWxf0jA,jos,train
8IZJG2Tg50U,jos,train
mimKR1lx0j8,jos,train
6JvoStTYcR8,jos,train
dElSCoe-hAo,jos,train
y-6fb3cznMg,jos,train
KdJ-4-5cyc0,jos,train
2ZYXZWViygc,jos,train
Ta1h_i7sDXs,jos,train
0YoqdtGewoI,jos,train
zYZ1Smj-q_Q,jos,train
jXppSuwtugU,jos,train
aTsL4OojxoY,jos,train
miEgQBEGvoQ,jos,train
pTOS8vucLW0,jos,train
b_DgmszsWXM,jos,train
XD1pa5rvUO0,jos,train
HVI_RvPPdik,jos,test
J8AYQTZPBlQ,jos,train
CCSki_rnrvM,jos,train
rMb-2zQuT7E,jos,train
uJhBbDMZMlQ,jos,train
gHQz3nt4XkI,jos,train
5evBhP5meOU,jos,train
2ExHGifHadE,jos,val
1E9Lj4uC8FQ,jos,train
EJb-FHGhN48,jos,train
REhwQ41-fHM,jos,train
erlGTfYuGQA,jos,train
ibmBzLoqnWc,jos,train
vDXqQjyfzCk,jos,train
FgSfiU_pnYw,jos,train
s_PgMnskAEY,jos,test
UhDKRa7xIis,jos,train
yjD8lTO-fnA,jos,train
h_rN1A_m2N8,jos,test
oCzNMj7Ts6o,jos,val
YTSzDqqz_Sg,jos,train
_uD0zf4_I40,jos,train
ojJkS-AEsXE,jos,train
3rX4V6sGkjY,jos,train
jApVweGLpvA,jos,train
UxV1n-tayl8,jos,train
cDOhPHbAVTU,jos,train
NrgM4HbNKKw,jos,val
GKr0gGB-Rto,jos,train
nI7poh8BlYI,jos,train
aY8rRd5uS2U,jos,train
2uoGVrEarXA,jos,val
-0e2VciT6fw,jos,train
4uom7EPV6IY,jos,train
9IY335BWIKk,jos,train
Shf953K4kaw,jos,train
7r7M30JVr0s,jos,train
A3Ja8XPU_-k,jos,train
HbOUXzjwcZU,jos,train
chu13GoQNcM,jos,train
K-FubEfLhO8,jos,train
ySv2eWtlw20,jos,train
ViwW3P9E08E,jos,train
C8Djy1jHu-c,jos,train
TxqzY3m9FQA,jos,train
57Ks4d1STgw,jos,train
5OGfjf4xuAM,jos,train
1Exa8v7SRMs,jos,train
_Owll2gVINc,jos,train
7Doy0WPfa2U,jos,train
Tt4GMIxYxi8,jsl,train
4OiT_tc1U04,jsl,val
yDLm5T3j2_o,jsl,train
iItKsUU0CKY,jsl,train
bORNMtOreS8,jsl,train
kfV_73fZm5E,jsl,train
baVCd7WQzRI,jsl,train
bQftCe63Nws,jsl,test
g3hU31rYiuw,jsl,train
Wu2K3-1AHj4,jsl,train
LFnh1CUwHHE,jsl,test
TSLOszuqtMI,jsl,train
40msGV6hF_s,jsl,train
tqzezVY7KhQ,jsl,val
6DFuydjcDHQ,jsl,train
pXfqmyxrbgw,jsl,test
3iPwJ8xNRAw,jsl,test
60BUSoECR-U,jsl,train
5hasUX5guuQ,jsl,train
kEQBc3y3A7Y,jsl,train
YNS9c7RPxdg,jsl,train
zu-gfcT2jTg,jsl,train
787I_9Ouvs4,jsl,train
IBJm7ibaDto,jsl,train
raSs41UTOE8,jsl,train
GDUjRVqdhN0,jsl,train
eSIG3iwSOSE,jsl,train
Q9ypMka2b74,jsl,train
8WPKuH9Rwxc,jsl,train
JMpq4PMfQZc,jsl,train
0jlX3s86Mts,jsl,train
T9G_MjZbd9s,jsl,train
tSGGZ-o3JLo,jsl,val
N1szuYAgcEc,jsl,train
XmG-ZC_8eL4,jsl,train
Tqe4X2SpDu0,jsl,train
t1RBpfrFvnY,jsl,train
Slqj8hSEVWM,jsl,train
DarOyfK4jkM,jsl,train
X0T08JLWCO4,jsl,val
SOO2pOdQPS0,jsl,train
f5QDPJ3F3HE,jsl,train
cSD8-X2s60U,jsl,train
-fG2yj02t8o,jsl,train
coXNv2csaPk,jsl,train
L0EzsxwnrAU,jsl,train
aFLdAo_oYbU,jsl,test
UNaErG-9gq0,jsl,train
4BPUb2fAi98,jsl,train
9E8OVkI9MJI,jsl,train
PeUCvmN3enw,jsl,train
ntoUPPvL6nk,jsl,train
RWLWrAOAKVc,jsl,train
JHy72PR9uv0,jsl,test
N5O6Jf9SzUU,jsl,train
dinrV-uZ5Pc,jsl,train
C7P3OPRq7IU,jsl,train
jZqga4X56QY,jsl,train
IxRF_mN8lvA,jsl,train
nYx4Z6-UXoc,jsl,train
QF0n_qD6yXA,jsl,train
S1NEmr7jZqo,jsl,train
xonnMfAO5RM,jsl,train
jH_05BkAR3s,jsl,train
sq0TtGyCSU0,jsl,train
yz0NjapuBms,jsl,train
Iwx7iy-jU38,jsl,train
NR6-v3BqY94,jsl,train
rv66_svi8XY,jsl,train
Dda2a-YLBkY,jsl,train
oEIVcfjqR-E,jsl,train
s7eySI3x4oM,jsl,train
smMzBGTOYcI,jsl,train
B1JHrhpwp-E,jsl,train
jYaxeq1r5iY,jsl,train
N7EESWT6YjE,jsl,train
3XbQ4TvLXFw,jsl,train
LNbfDmbEIwI,jsl,train
RVq-vSKH0OM,jsl,train
fkV1XGJJH5A,jsl,train
_JGs5H8vpFM,jsl,train
N3mKeL40Ay4,jsl,train
k-6v_pmHIe0,jsl,test
jDsiNL2vsls,jsl,train
YBnAE2JfdtE,jsl,train
Luo57nYxdts,jsl,train
QW39zVPjKuY,jsl,train
mE4HHoo8B0g,jsl,test
sRNLRhilzPM,jsl,train
FZbEt7wEvts,jsl,train
42bqpm9jaDQ,jsl,train
gZ_IoSAljvs,jsl,train
o_4qxA3pFMA,jsl,train
idHO8UWFlHY,jsl,train
pt2P027s8aM,jsl,val
rH88l7goUk8,jsl,train
Sdlfg2JZwus,jsl,train
8Xf-bBMCqLM,jsl,train
ZO7yO_ZmSAo,jsl,train
WtYB8A905CU,jsl,train
wezligG5NB4,jsl,train
SzkJPBPzv_I,jsl,train
Fm62fMSOrNU,jsl,train
CZDUcPPmiF8,jsl,train
Bc1qoZY-HWg,jsl,val
1dUEVzpjigE,jsl,train
FLWsg7Ol-EE,jsl,train
2QsdpoGBMsE,jsl,train
hjN28sWOEV0,jsl,train
XpNkj6i6OrM,jsl,train
TFtlYnBmR4w,jsl,train
h4Qc455bUGM,jsl,train
EXmeQlHu1XQ,jsl,train
newIQ0bNB_M,jsl,val
VOEgKMH6ffw,jsl,train
GdEQMaCK1sA,jsl,train
lcuqjuJHcrk,jsl,train
JRfWRS7nldA,jsl,train
gk3HGhHVGwU,jsl,val
qnix2xY8X9M,jsl,train
8C7x4kc1dsE,jsl,test
kdXFtio0GOQ,jsl,train
-pPIRojTIrA,jsl,train
gnV_znrCbok,jsl,train
c354Y-rcG-g,jsl,val
9T6tB8p_rlM,jsl,train
CLyPZSUYGe4,jsl,train
d0DNV0RvzfU,jsl,train
VNfdwv1NlX8,jsl,train
q5zB6JwYgZg,jsl,train
iyDyYd6xK2E,jsl,train
ij8LbCexuTM,jsl,train
ZH6I-9ncdwc,jsl,train
ylAC-tZYx0Y,jsl,train
59p82DtLiS8,jsl,train
4wqQADXBkXs,jsl,train
Y0bpbHc33ms,jsl,train
-3-GHVFZikg,jsl,train
3LdF6J-yeL8,jsl,train
elkoO7kFYZU,jsl,train
GzSEx01AHVY,jsl,train
XT4QWztxpdY,jsl,train
b8_7nk8m1bE,jsl,train
GKIgZHdW9r0,jsl,val
mnWZvEhMpeg,jsl,train
R2c6SIPjssY,jsl,train
08ctr763cQM,jsl,val
Wm1CruVvmEI,jsl,train
znIdxkCk5b0,jsl,train
RcWC6dh0r_w,jsl,train
Al7_klZlEt8,jsl,train
WD1BE1YBTrI,jsl,val
_vqbL-IIrHw,jsl,train
nILmkkpzhSE,jsl,train
vjozkgqau3s,jsl,train
iAu4g9tUzHs,jsl,train
eavT4wzFqCo,jsl,train
0sYExv0o050,jsl,train
rCxFwMVPMp4,jsl,val
skecyK4-c-w,jsl,val
ZyakIQljcnc,jsl,train
7W83Oa-v6Tw,jsl,train
xr1_ubWehb4,jsl,train
Uw75gKBxB8o,jsl,train
0Vshs3hX0_g,jsl,train
QtOoDQeDU6E,jsl,val
UxcgjTamDvg,jsl,train
38I9AvYMKQE,jsl,train
TmeRysTcZvk,jsl,train
zKLhhDk2QPY,jsl,test
VGAoqDfAraI,jsl,train
a-dHmrMOjy4,jsl,train
_o7f3k8lgcA,jsl,val
0J1yrsDZKDI,jsl,train
-4idn9Fk77s,jsl,train
oikbD3fSR9s,jsl,train
piofHKDPS0s,jsl,test
gM6i5aEfo0M,jsl,train
WEUzgsKGLMs,jsl,train
cbnwXqwARR4,jsl,val
3VicB01ZCj8,jsl,train
alJKB0BFwOA,jsl,train
nPMmgZZsOTw,jsl,train
l7w7zl2uBpQ,jsl,train
64EzaLnU2a0,jsl,train
KdFFkwZHKrY,jsl,val
dv8Qjqn_6a0,jsl,train
kGwIJcLcEiQ,jsl,train
nLcHNHgHFz8,jsl,train
Bo8jaFuuEzQ,jsl,train
ttUwDh_feg0,jsl,train
C2q0nE7VE3Y,jsl,train
1cikzf-Sfjc,jsl,train
detZWDyfMQ8,jsl,train
t0TvcmrYz3A,jsl,train
76291y5-Rwo,jsl,train
zabQ7qJopCE,jsl,val
Gdsx6XrCXJU,jsl,val
0Y1REZlF7Ys,jsl,train
jh4xBrVE24Y,jsl,train
gO4A0WeKggc,jsl,train
yFmidCLwEhk,jsl,train
7ORGCbnL2IM,jsl,train
QU4O9XEiE4o,jsl,train
_J49yF5EgQY,jsl,train
Axf4GHzqK5M,jsl,test
AKAR8XaohLU,jsl,train
qIr50sW9O2k,jsl,train
WbwjFaRzRgI,jsl,train
SN5tBloWOWM,jsl,train
_isW-66lcx8,jsl,test
hpjJnoIMdl4,jsl,train
0WYCCM-ZE3Y,jsl,train
AIYf18CgUrY,jsl,train
cEst6M6FMiw,jsl,train
RxJ_Lxt_wlQ,jsl,train
XpX9FT-pMhw,jsl,train
J-_9K2p-4M8,jsl,train
7FQKtwDpdEQ,jsl,train
EMor7ZmCqsA,jsl,train
a_H7OcfVt_I,jsl,train
YgpLSLG_JjM,jsl,train
MBVDTegfhlM,jsl,train
0AOg_ex1fVQ,jsl,train
dd1mzXdHE-Q,jsl,train
S5ykc_Gm6VE,jsl,train
ljpEpcvnWxk,jsl,train
LppX_-StzGc,jsl,test
9FyqN1asl3E,jsl,train
MSJZn5fRx8M,jsl,train
TsMw6BJyes4,jsl,train
6KbGRfp2vks,jsl,train
d1uhA5CdlGM,jsl,train
n92b5NGmvz0,jsl,val
ggddDOvtdR0,jsl,val
DbkhUFG6LzI,jsl,train
x2p-1zu8CRk,jsl,train
sz1dqcR4big,jsl,train
NoMBFzj1ZOk,jsl,train
21tcUdSHSww,jsl,train
Dnu2ldWPrqw,jsl,train
S5aDMjFmfoo,jsl,train
7hkdTV0oOkw,jsl,train
FKUVvKeOQhA,jsl,train
re5frB__hIo,jsl,train
DVT_L8I0PHg,jsl,train
uWKmMN_2P6U,jsl,train
z6IKbrnt7oc,jsl,train
gc66LW6RK5Y,jsl,train
MgRcJJlcFC0,jsl,train
UNRDhMVF6bk,jsl,train
t0RQ5ysESns,jsl,train
vTUtvER029E,jsl,train
0H4_DPvgWS0,jsl,train
t0xvs0KGIKg,jsl,train
AzAlJTO6xY0,jsl,train
MyGukZ_NV_g,jsl,train
ZDWvdG2J3dg,jsl,train
7bKE5hJU7E0,jsl,train
3EVMUFz07aY,jsl,train
3pA9ziAhXoc,jsl,train
8tu7d2DXsSE,jsl,train
g-34yn8Z0fs,jsl,train
B3vMmjlK6Ig,jsl,train
DzFy4eTU31Q,jsl,train
8M82t4rQiNE,jsl,train
3gVk0gWHJas,jsl,train
jyWPatvq0cc,jsl,train
L2twkV8-OAU,jsl,train
dNjY2xJw-x0,jsl,train
U0qelmuPozk,jsl,train
CKIE7Yefa70,jsl,train
4c5Uskp_EYA,jsl,test
w9TbjKmSaxo,jsl,train
CJoOwU1Dvts,jsl,val
vD35NOMyrws,jsl,train
vXiW3vH25GY,jsl,train
klzm070eRtc,jsl,test
iZPzTQbATh4,jsl,train
JHRH9FErFCw,jsl,val
qvM_LNRqyAo,jsl,train
Wtyzfb0Rp3o,jsl,train
8QzyS8-Cl98,jsl,train
m8q99v5Hkt4,jsl,train
yPbbq4dIf8I,jsl,val
U2td-TqwPr0,jsl,train
KFAhoNMAPNs,jsl,train
oNB1Ecd5p1U,jsl,train
VxZrWIm21k8,jsl,test
NvN86n93Fgw,jsl,train
Siaxa0E0z5k,jsl,val
9l6hEC3gjIA,jsl,train
kUgOIqxwA10,jsl,train
S06ANkwVa1o,jsl,train
2atrxr2PpCA,jsl,train
jE_ydX43Iss,jsl,train
ssp5QEFVvHs,jsl,train
-X6uBTO0rqM,jsl,train
CohYMtI72yw,jsl,test
O43h11NJrN8,jsl,train
inCJxXBuu5I,jsl,train
j4z-jeEBUxY,jsl,train
71uYr8vXu90,jsl,train
Q-JwoiwSoXo,jsl,train
loca8LSmsFo,jsl,val
dcAIaFc-QyM,jsl,train
V_byh_qIT0k,jsl,train
1C3b9yKAHxk,jsl,train
9c3gBg5YpvI,jsl,train
mOSJ9VBCRa0,jsl,train
PrPeGWMS_3Q,jsl,train
BKKKHR1BMdw,jsl,train
cJicuG9CF0o,jsl,train
WCaed_oGBWs,jsl,train
27EqnLaAkC8,jsl,train
jzg2KA6fSiU,jsl,train
yZUQLs4h2d8,jsl,train
JyVEcQJJfHw,jsl,train
_dG0jrNWzkI,jsl,train
lBnK_eStJ-8,jsl,test
Zq_cKsh7j9E,jsl,train
QKx7ZANyFZI,jsl,train
LkbhmsZ038k,jsl,train
6zv52qY7wzc,jsl,train
8mUO9PpK32s,jsl,train
sEaAC7ShO1g,jsl,train
Ek2AA6DorB0,jsl,train
3bcpAGxzFaA,jsl,train
R1yv4_iOwYg,jsl,train
388wFOeZIF0,jsl,train
qJgBcy7zoOE,jsl,train
V8nMhA9QVp0,jsl,train
6TueRJ8zC1w,jsl,train
qyf_nGlxfI8,jsl,train
WMLLeUxkSCg,jsl,val
j2bzz11b4E0,jsl,train
CoLpws0TzNE,jsl,train
bTQk46lKdXI,jsl,train
YXDSKaMwfZQ,jsl,train
GF0GTQ1zYeg,jsl,train
BjPGS4skvE0,jsl,train
fzOBwCJ4AxY,jsl,train
nt9PamqumDU,jsl,train
fOFTbHwYUS8,jsl,train
OI4GdOPmujc,jsl,train
Jr4SBzN45Q0,jsl,train
f880yspZGBI,jsl,train
gq5AyqucHuc,jsl,train
nt-h5Eg-CXQ,jsl,train
NZu8asjOLfI,jsl,train
ucDGs3BRo6I,jsl,train
vRUQIPpamTo,jsl,train
0r-WtqzjPPA,jsl,train
QYFwuLeaOI8,jsl,train
Vj2ie_blaAc,jsl,train
3K9EB23qIM0,jsl,train
mMplNIKjAYA,jsl,train
1bmLWdmbk6c,jsl,train
oJR4Qckqih0,jsl,train
7KQbti21Cbo,jsl,val
LuqOGZbL2Sg,jsl,train
597Y1k7fIMY,jsl,train
WN0w7eJyrZg,jsl,train
D5oh1RxjgFE,jsl,train
n-ayhdJCgtk,jsl,train
bdK0tF0NsME,jsl,train
A0wI8SCmfq8,jsl,val
eFhNYvRdb6o,jsl,train
DtJM2afcGGc,jsl,test
DAEmOgDDcTk,jsl,train
L0ia53pkV40,jsl,train
cjYKn0OurRA,jsl,train
qn5WG0zPW6o,jsl,train
LXfL7OkXb7I,jsl,train
o3V5O3_M6iU,jsl,train
QD00eeIx44A,jsl,train
M0FL_KmOY9Y,jsl,train
71Qc1qTeOUg,jsl,test
dCefXuNk8ho,jsl,train
MmVYIpQm9GU,jsl,train
jxX9T1ZmIoU,jsl,train
v71JZrQmzIE,jsl,val
xi2ZmW8mOrU,jsl,train
foDQ74JjBVs,jsl,train
iuQ4Rm5Dtmg,jsl,train
z4kuMTVaqoI,jsl,train
Ljkwv05VCkA,jsl,train
bgR4HmhLvLE,jsl,train
tQKyQHq3T1g,jsl,train
OiclK7hK0aQ,jsl,train
nNj_-Y9Hh-s,jsl,train
1eMCxEuBrUI,jsl,train
-WhrB8wNfQo,jsl,train
6Rf6kWzpp8E,jsl,train
hGtciqdSj6Q,jsl,train
-qwD_HNn4tM,jsl,train
cmZ-6LiBPrA,jsl,train
Xagl4ZwD_4Q,jsl,train
6WNpJdj6unU,jsl,train
kroDG6QHG4Q,jsl,train
hK2q7B0BFg8,jsl,train
rPb_Pbwr6s8,jsl,train
vs2Pe9T8qS4,jsl,train
4CnCQypMzFg,jsl,train
gQRwFVV6SNE,jsl,train
SHHaH-26Uko,jsl,train
nCW_TObeWGk,jsl,train
OoiRcU1hHKE,jsl,train
OVgsW0A75cY,jsl,train
OBl1vwhfvxY,jsl,train
r35x-NNVx38,jsl,train
oWfe-dT4duo,jsl,train
pRv2SPin6Rk,jsl,train
cW_GPSzEaYI,jsl,train
WJ-DZGSk4W0,jsl,train
Op2mSMbOmu0,jsl,train
lsUGgraHViY,jsl,train
2PHPgsfzhME,jsl,test
HmMvOmbZZ-s,jsl,train
etEdiUJKjfQ,jsl,train
NsqAVtDZhM4,jsl,train
Bkd7gi52PrE,jsl,train
wRJOxf3LMVE,jsl,train
EsyAmfqKW_s,jsl,train
If_3_k9UO5w,jsl,train
rEOzdZtvsTg,jsl,train
2wcmNtf4xC0,jsl,test
sljuLHBd4M4,jsl,train
x9IJXbsKBBI,jsl,train
pOaGuUvmv1g,jsl,train
zw5Ql_74jq0,jsl,train
LPPAkO2pe7M,jsl,train
NYvHAITmssc,jsl,train
Yd4MLIefS3c,jsl,train
41vb529LKQM,jsl,train
g1GJkp1-D4Y,jsl,train
HlshHsL5Hso,jsl,train
_EKN68-QhTM,jsl,train
QBRRnqmk2g8,jsl,train
EFfIuwVcBjw,jsl,train
Xzvp94cLL6I,jsl,train
GCBA9E2F_q4,jsl,train
g5nZ6rWhQjM,jsl,train
1qQfebatSWo,jsl,train
D7Y2PqU5crA,jsl,train
p58xF5xO_c8,jsl,train
s4Q40jIWe1o,jsl,train
q4UX1YsifLs,jsl,train
OVSJd0om7ps,jsl,train
jO3qwiWS99g,jsl,train
FjNnksT8dXQ,jsl,train
oOZQSLKQ0jY,jsl,train
KIlMdSAmePE,jsl,train
oIQlUMbVpsM,jsl,train
OH5xzas8nTc,jsl,train
zGVQBPrMQ_I,jsl,test
XaLxhczSI_A,jsl,train
7KRY4t7y4Mc,jsl,train
IHxVlRuOmRs,jsl,train
EJnJup_fuBo,jsl,train
EgJwiKPoZuI,jsl,train
WebqqvW8mK8,jsl,train
vBC2WrotItI,jsl,train
bH4NN7RLkto,jsl,val
ZXI1d212s68,jsl,train
ZsSrmBjE6XA,jsl,train
n7aHkeCTCaU,jsl,train
BbWqkf_oVuw,jsl,train
OeF4cV8ck5o,jsl,train
s9fsMsLSxo4,jsl,train
uDJUjjJ8kMo,jsl,train
Q4tifwDcUzw,jsl,train
ONtBVkc7Cdk,jsl,train
JwpeJpQ32hU,jsl,train
u6mUWHNUVOw,jsl,train
R4xR33L_UZU,jsl,train
S1loieqo7Mk,jsl,train
f_tYqdLh3Dc,jsl,train
Xzt_jSyTtaE,jsl,train
1xgn4H-NSg4,jsl,train
WDtji68C3Uw,jsl,train
NVHG6yZwybw,jsl,train
U1K1pAVSeGQ,jsl,val
CKBN8K5Noxg,jsl,test
bDDBviXcqZ8,jsl,train
ZDQBNUW-gsQ,jsl,train
XMRgU3ovirM,jsl,train
gbgJeip95-0,jsl,train
DnnJa7H41d4,jsl,train
q4j-nocFK2I,jsl,train
cuwNTADjOcs,jsl,train
TJ1X4cUhiM4,jsl,train
g33xJGLUE2Q,jsl,train
G0cbK2cr46M,jsl,train
L4rHNOcDXQs,jsl,train
nKT2ro2Pdes,jsl,train
g1wf12J1X7g,jsl,train
T8PZGq-1wf8,jsl,train
fEeyGG38Md0,jsl,train
9qZ0aW6Nh7I,jsl,train
YOBF7OYAfcs,jsl,train
AteCE9gt2Js,jsl,train
Zy6LaWpyX8w,jsl,train
sDCsTJdP-QY,jsl,train
D3LM--u2uW4,jsl,train
Q2JWVEjsVZU,jsl,train
x4wRM5QrHCI,jsl,train
y-t6tHe5xp8,jsl,train
9ji-wOgZ1m8,jsl,train
I3JjLVrtdOs,jsl,train
i5klRH2MurY,jsl,train
MInriziZ8IQ,jsl,train
lJjhNSCRB2s,jsl,train
zP-y9hMPeA4,jsl,val
lNH_DSJKx84,jsl,train
I-Hn-WQLLJM,jsl,train
6tzjAyb-8lQ,jsl,train
x5zjT7sxx2g,jsl,train
MPV5hEENCZM,jsl,train
_2V6rrZjDDg,jsl,train
O71f1CNn3L4,jsl,train
GbOPJvSptBo,jsl,train
34TLH88ShYE,jsl,train
d3Boi0N_Anw,jsl,train
E96a-3p9IXY,jsl,train
zH7BLM2IKRg,jsl,train
tYzL4165uYQ,jsl,train
XEf_CzP3RcU,jsl,train
GfvEI39CXr8,jsl,train
kwJeeDSHSW4,jsl,train
_wVHNRfe7zE,jsl,test
qF6h2_1dkLQ,jsl,train
4VJPy433D_Q,jsl,train
ihIieZ5wPBs,jsl,test
W_BYHhQkiEo,jsl,train
QfSHueqytqE,jsl,train
ftXXYojpFxM,jsl,train
nZfrcdG1ugc,jsl,train
igv6d0If9lU,jsl,val
YtifxXM9KGs,jsl,train
Vdc9zWkPLhI,jsl,train
4bDYuSTm1OE,jsl,train
euonxcNCMGk,jsl,train
ZuMHgM627T8,jsl,train
oul5PgkccX0,jsl,train
bMhi64NyWOo,jsl,train
MFr-4E-ubdw,jsl,train
c-i_sJcXz0Y,jsl,train
LW-J5q31B1A,jsl,val
cAGK_wzQg-4,jsl,train
VDX8jLFfUnc,jsl,train
Aotv72AkrQc,jsl,train
7MF2KPQJeFU,jsl,train
d9R0_aKru7k,jsl,train
4hoxZOzwkWw,jsl,train
oV-yVRaPXmk,jsl,train
v07WR7V-27g,jsl,test
njsfD5GAvGw,jsl,train
hmcTNPYGSS8,jsl,train
Kub5i7ucF5g,jsl,train
2UY7tSwMHGg,jsl,train
pS2LD7j2VI0,jsl,train
rzipMgnG1ic,jsl,test
8w6JpHvHZDQ,jsl,train
-W8wxrFlcDo,jsl,train
_5J0wGXNG2U,jsl,val
FIhb9A_1heI,jsl,train
_Dj_9LiPMsU,jsl,val
IFSrqZn30F8,jsl,train
LODWHwA8Dz0,jsl,val
ycgJyiUgB7E,jsl,train
qAE6KiK2v0w,jsl,train
iW1b-C2w0Mk,jsl,train
J354r4WTE0M,jsl,train
Sfx6y4rHN4k,jsl,train
87pchbjyTkI,jsl,train
QF3HKbaosF8,jsl,train
Fcm6dkLuzl8,jsl,train
NciTsQE9RbA,jsl,train
ftfH2QiTt4U,jsl,train
WZg4Rs0Udgo,jsl,train
GrJS0Jfhb0E,jsl,train
CA6q4MYIDYU,jsl,train
ftRGF28EnAw,jsl,train
ZlEeykJ5R8Q,jsl,train
-SRexGZIaL0,jsl,train
8lfuhF_koTg,jsl,train
KNeK5-ilsd4,jsl,train
K3-GIS7o8SM,jsl,train
dTYdL2AchB0,jsl,train
j6ARbq_CiJc,jsl,train
mOfD7zFxefM,jsl,train
RUjAR2mK9LU,jsl,train
7wQM9r2c08U,jsl,train
qXovhA-lq-0,jsl,train
3elLPDY7iYs,jsl,train
L_JkseTWPhU,jsl,train
umlrY_hFDw0,jsl,train
wFxbnd5fc-E,jsl,train
tPFNcx1z8OA,jsl,train
9kzrPBvidW0,jsl,train
n5NHZvw6aQc,jsl,train
bwbdxTlpZQU,jsl,test
nLSG9zdDAKY,jsl,train
w-KUqEBw_9s,jsl,train
3rdT0kUXaWE,jsl,val
kd7I9MutY9k,jsl,test
6780e7ft_8k,jsl,train
9IFoMQnFfdY,jsl,train
6F2Sb7iwlb8,jsl,val
6gRjSNpye44,jsl,train
ThPuGZYJhTE,jsl,train
HNyhoSz1mdY,jsl,train
j5DWOSgILE8,jsl,train
-FLcs62wL9s,jsl,train
2CCu6YEj2Tc,jsl,train
6XLGhtxdJX4,jsl,train
LtJXXYLg3Ao,jsl,train
zUBk55KYMRw,jsl,train
bSD8IaJII-E,jsl,val
dIvTCkHJlGQ,jsl,val
OKCByN-xplo,jsl,train
nZYxhrQTu08,jsl,train
5WhSA5kuaNE,jsl,train
BLMmZB6JC08,jsl,train
nKJBgdgc8tk,jsl,train
9fD8OVT60Q4,jsl,train
836PWGB9c1k,jsl,train
7sUxqt27sH8,jsl,train
5bLqLZbt3nc,jsl,train
Qq948l4CQxM,jsl,train
mLahcuNQhMI,jsl,train
Y_dvxRbRaa0,jsl,train
0uQeqMpE4A4,jsl,train
T89t-SpljxQ,jsl,train
nq915XJa43c,jsl,train
pYFECryXLEo,jsl,train
L75VjG4kY6s,jsl,train
0UC23EmZ1RY,jsl,train
MOUZ3AebhR8,jsl,train
hiIw9fT24RI,jsl,train
hHg5r1a4zo0,jsl,train
TstqAZfWbsI,jsl,train
_WOcr1dRAiQ,jsl,train
ABC4PIgZAFs,jsl,train
ThmXy-KDovg,jsl,train
idllwnIRb-0,jsl,train
FOq7j4T4-UE,jsl,train
46_TRjq4oKY,jsl,train
ye9B4h1QdUY,jsl,train
VeeLu9Vh1vg,jsl,train
X54zcQcy0-s,jsl,train
ibQRXSIqmtI,jsl,train
qI2zXEFxil4,jsl,train
I8kGV4OBAas,jsl,train
LeEtfXDhSzc,jsl,train
jfOgCGAGZok,jsl,train
s6aiIPoU3rA,jsl,train
EnFquNKD_10,jsl,train
WuHCahXJC-Y,jsl,train
55ALeshIVYw,jsl,train
DdN7vzx0sh4,jsl,train
7GRPoJSbfYA,jsl,train
3p5DrJpZBf0,jsl,train
3WmXgAw2Qjo,jsl,train
wMSdPvgUthQ,jsl,train
rKRXMTsYwJ0,jsl,train
YexVXJ1KlDg,jsl,train
S9iYI4IM3ks,jsl,train
ealqdTVBO1I,jsl,train
-1fQGMY8lBo,jsl,train
XE2cugNNkMw,jsl,train
eEZgWNazG3s,jsl,train
MULxMe0MnDA,jsl,train
ddfQYlfehe4,jsl,train
e3lmXUjaAP8,jsl,val
N0_ChIsUSuI,jsl,train
jVD1XSsebMQ,jsl,train
w-Q-LyGn3uM,jsl,train
Ylqit2Mpd1M,jsl,train
eEcElZFVkJw,jsl,train
QoA89SIhR7k,jsl,train
NW2f4wIX5ls,jsl,train
RdRk1pITf5o,jsl,train
7jy1xWomYwk,jsl,train
Cv_VBw-3Y58,jsl,train
wVESePPye5o,jsl,train
kuO76STQC8E,jsl,train
uoYKtZy_w3s,jsl,train
F_aNLH0XITQ,jsl,train
6yDgM1S08mk,jsl,train
FnTKVaG-UFk,jsl,train
hIm76LKfe_I,jsl,train
dFzw5G_Z02c,jsl,train
CR98wRNsXKI,jsl,train
gJfWh8JUcyQ,jsl,train
iQSvwx-yxM4,jsl,train
2zE7ckLiJq0,jsl,train
t75eiRCBGlQ,jsl,train
q8fdh2BUhho,jsl,train
w9P2CiAPCnw,jsl,train
de-NwityKX0,jsl,train
yyq9-jWuaeY,jsl,train
uptcsy5Gvz0,jsl,train
96fRJrfTWww,jsl,train
P63wzMxhIgg,jsl,train
GijwLLnkfbg,jsl,train
WY9E-WW84vM,jsl,train
xosqRZZQuJE,jsl,train
v0Wkmzr_x-E,jsl,train
NABRcgq1hEw,jsl,train
F2b4kdQ5ZgI,jsl,train
aOM9DiNDSRs,jsl,test
XAYlOYgx9Ps,jsl,train
qLJmqnG9fow,jsl,train
w3Qxm-9D8D0,jsl,train
hivOR3-tdYw,jsl,train
tOHvCRnqpWc,jsl,train
GcJpYE5amd0,jsl,train
jyI6Fq2xHsM,jsl,train
_Fu3kEUro6k,jsl,train
Ej45nEBdD8s,jsl,val
R1PSifB70jg,jsl,train
uQPcVUeMu0w,jsl,train
R8UbUCnE4YU,jsl,train
w8u2bWayEmA,jsl,train
1tEowq0O07I,jsl,train
g1aOibjGpi8,jsl,train
KkikPF20FxU,jsl,train
lrGmkXX19EI,jsl,train
SukR396qFGo,jsl,train
CTdugvFRO8U,jsl,train
Qis9PXdOgzg,jsl,train
6CDjZAOIogE,jsl,train
h3dDKxma-2Q,jsl,train
o_a3o7K97QI,jsl,train
7bb4rlohZ7o,jsl,train
-YhPfFP34w8,jsl,val
QdemMyiu0gk,jsl,train
p3QPpkzz2AY,jsl,train
uN4YI7RrrXM,jsl,test
Fnos42hCkKE,jsl,train
g8tdBV6ne-I,jsl,train
t2SVIY-i5WU,jsl,val
C-0aUhVPiTw,jsl,train
5i9vRk-pAWY,jsl,test
D8ytdxgrUlo,jsl,train
vjJHATisUOk,jsl,train
mILR8JkxqYc,jsl,test
jJq-IFzmisQ,jsl,train
L8EFyldtYP0,jsl,train
wOcWEDhEzF8,jsl,test
qWdcTX47__o,jsl,train
0z4A33Gi1ps,jsl,train
adYt80ycBcM,jsl,train
wpqoDUybDAM,jsl,train
v_YxKD3mveM,jsl,train
UtxrDAMRoNI,jsl,train
zjqVvJwA4H8,jsl,train
KVU3fsCucSw,jsl,train
spK2tNXi668,jsl,train
GPk-y-UT0yU,jsl,train
SO2Wx1KQgmY,jsl,train
T-RupIvUfqM,jsl,train
J4iaZSPRzis,jsl,train
VDB471IU_wo,jsl,train
7oUzCUIZlDo,jsl,train
IkVWUMFXZTg,jsl,train
YPLQaFacxY0,jsl,train
WCBKXeH4ftA,jsl,val
4V7RRT2Ljvc,jsl,train
O35yGXS6wyg,jsl,train
Ec0S_xxdzL0,jsl,train
GecQ7oCZlfg,jsl,train
OojMJ7tnfpk,jsl,test
PluoqW7rX-g,jsl,train
Tf-swTFQSZ0,jsl,train
bzCDv10AdMk,jsl,train
LvVcjHlQL8c,jsl,train
GN8PggikOPA,jsl,train
t8osN776cUE,jsl,train
9rwoEjv7L78,jsl,train
BzSsTIgKfus,jsl,train
-sr5dCZNvtk,jsl,test
lgS4UoJYiL4,jsl,train
1oS97dB9u5A,jsl,train
80IZJBnGs-E,jsl,train
qgO75xzXEL4,jsl,train
EQwAKxHjnDg,jsl,train
f7jx7FjPTzw,jsl,train
qy1ozR7JzU8,jsl,train
b5GukTOrRFw,jsl,train
GOjXS5Q0Aow,jsl,train
jcOb1kYLMUI,jsl,train
yRJCF0XTro0,jsl,train
J3aKqAG1V_Q,jsl,train
FXPK1jVfnoo,jsl,train
2asJ4O2kqAs,jsl,train
Emhk0IihS_Q,jsl,test
gKil4X3q58I,jsl,train
a8c476mqTmc,jsl,val
avoplfeiU5U,jsl,train
nkyeHEaSTcM,jsl,train
GBkzbHz6N4w,jsl,train
Jm4vnhqj4Q4,jsl,train
IY3eL43zQfM,jsl,train
eAq-LhKvUBY,jsl,train
CkylGr2azOI,jsl,train
WzSr1mT9wQE,jsl,train
XrtHyKmxPZs,jsl,train
8LDJjtBxss0,jsl,train
PCiupScMs28,jsl,val
nuXctnpBERk,jsl,train
fszmr-kXcC8,jsl,train
ZKXYRnhEEtA,jsl,train
JSf4QLV4BVA,jsl,train
n1eJVs1q-u8,jsl,train
0GkiO9uSeec,jsl,train
HDunTqDAD5U,jsl,train
jTeHTU9Hsbo,jsl,train
S-MDHZAITfY,jsl,train
kTFH_dZXR0k,jsl,val
kkcIOFvpLPU,jsl,train
izNeTJ3fn3I,jsl,test
0qT7ES2CdX0,jsl,train
uyTAC0AEzoQ,jsl,train
aDPm2Yjb9CA,jsl,train
MiL3kbeF-0s,jsl,test
4YLy5WD8wSA,jsl,train
NLjfSlmoxBE,jsl,test
b2BNmAKc2Pk,jsl,train
M3bp8x6AslM,jsl,train
ygt4ZeCXiUA,jsl,train
IlzSQ-FddtA,jsl,train
WxC9BL85Y8E,jsl,train
Y6P3FWulx-0,jsl,train
ZTJe738cKcw,jsl,train
hnLMiACaF1o,jsl,test
RmzbtyU70d0,jsl,train
fiOw1YFB8mc,jsl,train
q5W7qqBqau4,jsl,train
9DKTWzTdA8E,jsl,train
wh9WhMuaANs,jsl,train
e-jul2HcUxQ,jsl,test
4cMHp6Qr7Oo,jsl,train
V7XeSMxy4Ck,jsl,train
2OyXy_GDN1c,jsl,train
m2TMIjldby8,jsl,train
jI5W6ZbmifI,jsl,train
s5v83qQrjik,jsl,train
gT4vNp9elY8,jsl,train
-IWjOBU6HEQ,jsl,train
o74aVfspoIU,jsl,train
pRmkhEqGL_k,jsl,train
pEVYpZ9sG7Y,jsl,train
k2c1MiwDFSI,jsl,train
0LnL0l2e758,jsl,train
_nH6qSi3c6I,jsl,train
iN6MQ5sq8Go,jsl,train
x74yQb4nekk,jsl,train
nNtaNqSnJRY,jsl,train
9smvoy8beak,jsl,train
-58ktQ_qWYQ,jsl,test
YzRJJvpFD1A,jsl,train
b2Ow5F1kajM,jsl,train
sEOt1X3jYjs,jsl,train
YME7okBpVs4,jsl,train
1HNIKo7QeYQ,jsl,train
VJ_EZ1FPGFA,jsl,train
enGbA4moe7s,jsl,train
88gSj_JeBCs,jsl,train
vGEhtV3V5F0,jsl,train
zu30AYaT5Dg,jsl,train
oa4ox4Umn0M,jsl,train
tOSf03meNrA,jsl,train
gdcGmxW7CaI,jsl,train
KD_81nbdYGM,jsl,train
73wocP3nnhM,jsl,train
oySOn5yt3K8,jsl,train
gwMHC2Hc-9I,jsl,train
ikPFCddEOWw,jsl,train
fI8nvyy5jSg,jsl,train
8xz1GQaNc9k,jsl,train
a0oqH0eYOWU,jsl,train
qs6leM5S85I,jsl,train
lny8jDl0jk8,jsl,train
1LywzvCjBNA,jsl,test
PoZ2yt7aBiY,jsl,val
Q66GPQMOcCw,jsl,train
A_nIUzb-2lI,jsl,train
Pix0A8-CAEc,jsl,train
ZIhKZt6DYqQ,jsl,val
_kVgTFz14TU,jsl,train
Y1bvaSPOS5g,jsl,train
A8EbWDzD5EA,jsl,train
Cu7CmoVJ_JM,jsl,train
iX-ZiBU20SY,jsl,train
9swKEOph5KQ,jsl,train
Haq2tOZNKsE,jsl,train
02qSufdcnWo,jsl,train
TCX0g3h8J5A,jsl,train
9IPE5GMcUTI,jsl,train
72XjruM1ero,jsl,train
zFpLUsi7VzM,jsl,train
TlCFwnzJMiU,jsl,train
s7IuZ-YiDpk,jsl,train
ZqjfXXva0eg,jsl,train
96SXHtU5skQ,jsl,train
ANx6vQmgByk,jsl,train
K-_l92gxQVU,jsl,train
A4S9Y9bnCgU,jsl,train
fuarY1W-aeo,jsl,test
9IKWEXDBKX8,jsl,train
_Rz3ICU18Rk,jsl,train
akyLZ6-7D98,jsl,train
0LG3yyZwhM4,jsl,train
6yE6MREhDgc,jsl,train
RBVmR0x5CgA,jsl,train
3pWOaNOMXDk,jsl,test
-RpLM8-XCX0,jsl,train
XGqyOPYdjH8,jsl,train
fHchLs9rSzI,jsl,train
cQ0MN5vUz20,jsl,train
EOaJZAb_QZo,jsl,train
FSpzu0FmLag,jsl,test
AbL_wdhXufo,jsl,train
dR5iwOpmVtA,jsl,train
bSBuUWKbHRo,jsl,train
InLEDQ4tS6c,jsl,train
LjPyUu6Oz9U,jsl,train
9ImJxbMHnWw,jsl,train
ozqx9frioFg,jsl,train
HQTioU0fqqs,jsl,train
8UIo_M4OJ80,jsl,test
8LykCTrNO3w,jsl,train
P1B41-M8Q6Y,jsl,train
JoGTHQY53rA,jsl,train
JIGdzn6_0Bs,jsl,train
11somBwMcrE,jsl,train
TwE7in3ty3E,jsl,train
Wj0sY-MwlaU,jsl,train
RfvivYZFpUM,jsl,train
_GbiHjMTnxU,jsl,train
jH2jNdcobes,jsl,train
l8fqcqyFK6U,jsl,train
JXb9j01NNv0,jsl,train
kCiwj3iSr_w,jsl,train
4lLWoR4r8w4,jsl,train
f-xH6ydDbMA,jsl,train
MrsM5T8EQzA,jsl,train
26Tws6I2tsk,jsl,train
8Sczk-zu8FA,jsl,train
lyjYj_SP_NA,jsl,train
5o9HSZVXCUg,jsl,train
frzl-eLFKa8,jsl,train
KOo1IajCSUg,jsl,train
iEsldSJnmMU,jsl,train
iYxEEsK5Szo,jsl,train
TlnvsQlAhc4,jsl,train
KxYs4Xe3bUE,jsl,train
B-hX-9rPNZM,jsl,train
NzKgrT8lixs,jsl,train
_exChLFDVmw,jsl,train
CTNS5NLtbPI,jsl,train
d8t6PTFEppI,jsl,train
axBcQo661Y4,jsl,train
nGC42d25R3M,jsl,train
oNKNHZLa6jY,jsl,train
iwHY5q_KFGU,jsl,train
heCqgGu35kQ,jsl,train
YvHMzAgJRLY,jsl,train
yinHL-wPP2k,jsl,train
J37I0hex4LA,jsl,train
mwnZJILxEEE,jsl,train
SqiJVitKfQM,jsl,train
DDeJ-1eZz4s,jsl,test
CnGhzcm339Y,jsl,train
y2SjWAPZQKE,jsl,train
m6bZ1fzpGR8,jsl,train
eSKkLdfDG2Q,jsl,train
ytZkTOb6674,jsl,train
xRykT2GnZT0,jsl,train
1bqfX3DwZWY,jsl,train
aWjbWMUAipI,jsl,train
Z0LJbBbHGLA,jsl,train
dqNaO8It_a8,jsl,train
wlMNAQK80is,jsl,train
Un_v7Rh3MNE,jsl,train
uBbV1L5AVzI,jsl,train
9c6fy61FDZs,jsl,train
1ZhHBbEGwX0,jsl,train
lVNTGnrlTls,jsl,train
IxfNv3tc9U0,jsl,train
Plydw6dI3O4,jsl,train
D8CCHthO3l0,jsl,train
44B0pSzHbUE,jsl,test
VqSsbWCON3k,jsl,train
lTzhIF2umFQ,jsl,train
l45fpm1wC6s,jsl,train
Uee2kLdfoos,jsl,train
SJ7v8zmSYaI,jsl,train
Rc1zH-pyyR0,jsl,train
8NBe3b8SK2Q,jsl,train
DVaDZ4AuynI,jsl,train
JpMxnFhsn5Q,jsl,train
FAGRM7u_X34,jsl,train
lt10kM1H7tg,jsl,train
8ZhCfdjtCdg,jsl,train
cOZ09plTSiE,jsl,train
BPWx0UZJiG0,jsl,train
CyYSojg0C_4,jsl,train
aMLV7JsUo4E,jsl,train
s2GmuvW_EXc,jsl,train
XqaVTesnOAY,jsl,train
8Lt28zc3n6g,jsl,train
OF-av_tjwRM,jsl,train
sHdtGahNhF0,jsl,train
OqDca2WHB-w,jsl,train
vcyG3h3PcWI,jsl,train
7sD4aBwTD5w,jsl,train
_TISiFYBBgI,jsl,train
e5HOsegGUgU,jsl,train
z95F0skcVRo,jsl,train
ocLxWNBds1Y,jsl,train
mNed_a8vwDg,jsl,train
_ypoGrxRWkA,jsl,train
SvDzNE5tu4I,jsl,train
1r4juV6vcOc,jsl,train
WoS9vn87xn8,jsl,train
mymx9mT9M0c,jsl,train
d99Ax8_GuDI,jsl,train
Ka-5PoAn7v8,jsl,train
ueJ--uvVH7s,jsl,train
SUp0vO-8zhU,jsl,test
JgHPw0P1azw,jsl,train
aA9-G707fy0,jsl,val
chpkCBdCA2U,jsl,train
Kc52z2218II,jsl,train
HtuWI3EJXkY,jsl,train
xjP9EMIE7Rw,jsl,train
nxpwAeGQ_U4,jsl,train
W_MlCtrxjC0,jsl,test
dDFRlTXb3_E,jsl,train
k6O3Ei9kFoA,jsl,train
ePyhUNnwT1A,jsl,train
bkrH6AEM6-Q,jsl,train
-x3sg6vxNA0,jsl,train
Jd2p1L0qIXk,jsl,train
UkB5MUdzP6k,jsl,train
hVtwlo-xxpE,jsl,train
GKzFoDQInX4,jsl,train
cxaV2pjLrvw,jsl,train
uKEO2nK6BZM,jsl,train
LpcFBKUjOP0,jsl,train
lJ4MzCI9CJc,jsl,train
Dmpnn__sMgw,jsl,train
IlEruV2jVtk,jsl,train
VOOhU3Yrjys,jsl,train
t-CAnYVnCZg,jsl,train
Rju13bwwTfc,jsl,train
n_0R3VBu1Pk,jsl,train
CZ1kKRvFCE0,jsl,train
YRoTeYHd764,jsl,train
2jyqPBj_lA4,jsl,train
Fwi7UbNZNFg,jsl,train
5kIauManeu0,jsl,train
Ie5Qs-QRxZQ,jsl,train
kYuCFbuXkOU,jsl,train
Hotpo9F08SU,jsl,train
508JPtoXU3I,jsl,train
-oPT8uhCBfg,jsl,train
ee3h9cgjzy8,jsl,train
vv6EfuYcfEA,jsl,train
Xwdc6zGYsDM,jsl,train
dFEKP2iahfI,jsl,train
3FNEfLrCmqo,kvk,val
T0F3c78M7N8,kvk,train
Y_mN35dculI,kvk,train
UMONR4oyeWA,kvk,train
BI6qOS7pu5o,kvk,val
romDaYchP54,kvk,train
BmijavXeHcg,kvk,train
UPL__-sk5kg,kvk,train
Rq81uhItfao,kvk,train
0D-0esN7rHM,kvk,train
7hwiLBUJ-uM,kvk,train
W43V0TifueI,kvk,train
5pV8nGA11jc,kvk,train
KBNvpfTza6M,kvk,train
x_o9iBXL8gE,kvk,train
Il2fYnqY680,kvk,train
HsTO5Iyo_fI,kvk,train
jQaubxJXDmo,kvk,train
AhfsMT7mpNw,kvk,train
C3YzBCGddlc,kvk,train
09L7iu-Bf7A,kvk,train
7ebZRCNTGQ4,kvk,train
cehTSyh_sSc,kvk,train
1tc-SZwiPjc,kvk,train
s1at3xMJerw,kvk,val
WSXsZIaIm2Y,kvk,train
q6DvGEZU1hk,kvk,train
AntK9MCRKmA,kvk,train
dXkgAuL98WY,kvk,train
NxEgV9V3U1E,kvk,train
Rway6UAbWUE,kvk,train
XlsqRgK1VZE,kvk,val
aelq9ieIsr8,kvk,train
mfcs4sKNMkQ,kvk,train
scQgFvrr3Ng,kvk,train
oi0np-LL12M,kvk,train
D9XAlHn4aJo,kvk,train
m34EbtA_Y9s,kvk,val
ClO3vgPD6Zc,kvk,train
wtJYm6Zlta8,kvk,train
rUgFwco-MJA,kvk,train
4tIg2Kil8oM,kvk,train
g1Tpn9AJfR4,kvk,val
pqTL_HZ_joY,kvk,train
5Oe7jWD4FXw,kvk,train
kFlwO7o0vNE,kvk,train
fh4YoUCRTeU,kvk,train
3j1aBeVdXeU,kvk,train
VylP32BmVkA,kvk,train
kkYMOZcCMhc,kvk,train
z8RpQnej1jo,kvk,train
tmWq2WDpKQ8,kvk,train
2KEAgPnMxJ8,kvk,train
DtO5kG8AQvk,kvk,train
QkWRatj5Mk8,kvk,train
ohOkmvqB0RA,kvk,train
v9FFE1cA9GM,kvk,train
Ji6wgU126no,kvk,train
bm4bBBCzAWE,kvk,train
nC-vyuR2i2k,kvk,test
qIv2oZIxyWY,kvk,train
LV0MgdJAhXw,kvk,test
rG7ErjkBbrI,kvk,train
SYPLzVk3oyY,kvk,train
MpofhGBhhno,kvk,train
Zv3Jcy9-Rm4,kvk,test
5IeTUSdLVH8,kvk,train
SNcFBWa9j3w,kvk,train
wg26Pi--Qns,kvk,train
VJY48K3XDPU,kvk,train
NRhnv1yZEQY,kvk,train
em-Mvay42q8,kvk,test
r8xUlWIiRXo,kvk,val
Coxb9MH3jng,kvk,train
sMUYQIO9s0c,kvk,val
y8Cyb6rTXZg,kvk,train
WTlzqHbLg9c,kvk,train
dgvu3VsS4es,kvk,train
y4QwuyItPFo,kvk,train
DujP4QYc7us,kvk,train
P21pyCc2mAc,kvk,train
upRDi78fHZg,kvk,train
TMdlwXOe-pE,kvk,train
c30Lfd-1gLI,kvk,train
SND8bg6tLiU,kvk,train
VMjroPOtXj8,kvk,test
yEvV7E36YU0,kvk,train
jH-nl55lx4s,kvk,train
-ro616HPni4,kvk,train
TQrKffdI2wU,kvk,train
3LPeeshzDBA,kvk,train
nXjQo-_7Pq8,kvk,train
1amBA1Wpc8o,kvk,train
Qr0wpX_6Dxg,kvk,train
Ci9JoOFOu9E,kvk,train
eGfUObSjIjE,kvk,train
Z11-lChGHiI,kvk,train
ObfsOOmYVcY,kvk,train
oYkqaopDtYc,kvk,train
fnYAv62-C4o,kvk,val
MGMVuQbSXzE,kvk,train
oYR_mg45l2E,kvk,val
xPw58p2sDeI,kvk,train
uAIBVRr2nUw,kvk,train
bPV8qjB9KqU,kvk,train
5gQdO2GilnM,kvk,train
NilFWozFp90,kvk,train
WtTrvDmY7hw,kvk,train
Uq9Iruavm-4,kvk,train
UB9Wb1wD3Rc,kvk,train
Ms3Me5R8pO0,kvk,train
L8u2GP6-Tvw,kvk,train
SgOVgBmq9zA,kvk,train
IdZS2qyydjc,kvk,train
F4kEvEE6RGE,kvk,test
GagMvFzD_Es,kvk,train
kQaqVmQLrqg,kvk,train
AZOeS78X-YM,kvk,train
5KvwsLs7nSw,kvk,train
zrswXEsMCmM,kvk,train
zwXwapt9blA,kvk,train
TqnaKQ-mvDg,kvk,train
wJS0Z-IVhG0,kvk,train
vGxGLMEVpKc,kvk,train
XfD8qNhOGyU,kvk,train
oPmulg0JciY,kvk,train
psHzHlILLN0,kvk,train
hmuu9Dgnrb4,kvk,train
ABWk2XjwZu4,kvk,train
xmDS1c_QV7o,kvk,train
mrKr9NDGITA,kvk,train
efeAG8wE0jc,kvk,train
9uvKZxCzY1s,kvk,train
cV14-yZYd0w,kvk,train
w9bvK-3Cl7U,kvk,train
l-Hu9gPQQ7g,kvk,train
u242dajzsbY,kvk,train
jez-qA4xgzA,kvk,train
rp4EmfyMmdM,kvk,train
-Twh7TPAxu0,kvk,train
CLm0bktArGA,kvk,train
4bTqL4JmPr8,kvk,train
Lc1TzBVrsuI,kvk,val
8cdsNoqu8FA,kvk,train
LH7-dt8gBQ4,kvk,train
F6zV0B_I9jU,kvk,train
UeIOQzQODXQ,kvk,train
9-L3g49U98o,kvk,train
X0tdJtGSFOM,kvk,train
GRUmp8QK5qA,kvk,test
fvYnq7NvSSM,kvk,train
OPErmtSqazs,kvk,val
awXhYMumSGU,kvk,train
yw_pzLLYv0U,kvk,train
pPhv5VSmqNM,kvk,train
NfYHcTCVzJI,kvk,train
juc7VrUiZRY,kvk,train
WASRVpQnGrE,kvk,train
Dj98lGtv5B0,kvk,train
Lg45SA23V9Y,kvk,train
JlakJt1RgxA,kvk,train
4UyEHDdbU8I,kvk,train
pmkkt1rs9cY,kvk,train
F683woxfajc,kvk,test
Qc6v7Db8qoA,kvk,train
46ZXOZOO71k,kvk,train
gUafdU3GCpk,kvk,train
JPHWKa9ntkE,kvk,train
37iZke3l3x4,kvk,train
1M9P3cp_VPA,kvk,train
eDrDxVPDXTw,kvk,train
HzHzKxd-qIQ,kvk,train
Pd3Yj-Gz45E,kvk,train
xsXu82aDIF4,kvk,train
bA-TsX8Qgcg,kvk,train
PJbWrQ0bmsE,kvk,train
Mc7aHXKk5qo,kvk,train
TplR7_WEewc,kvk,train
RHwNQ4Aqiq4,kvk,train
2USmvnsIUsA,kvk,train
wWspFiTF-qU,kvk,train
WTKk5OgngD8,kvk,train
0mmo29Kp3s8,kvk,train
LnVxOjEkQkc,kvk,train
hLjwiSNQJ8U,kvk,train
QaOfkmJI_b4,kvk,train
ZzNKJKERKmw,kvk,train
w84nQfFCZno,kvk,train
gGv-5Rlxzlc,kvk,train
qkBvyYKcgJ4,kvk,train
ykFzhXlx3b0,kvk,train
FgWujy0b1Vc,kvk,train
5Boo57KyGEs,kvk,train
S9zIldVmL4s,kvk,train
eDjM4jfDPn8,kvk,train
dOfd298eaMc,kvk,train
KByEjTwkKT8,kvk,train
Jdb4tAPT408,kvk,train
o3AVfK8NERc,kvk,train
wdtqwlF88xw,kvk,val
FypGzXMBg8Y,kvk,train
YDvIM2uwCTk,kvk,train
cVZUNPUlGW4,kvk,train
X7OtYqOl2L0,kvk,train
kqgSjad4BKQ,kvk,train
YJ1nYnC1qc4,kvk,train
co0MdX0MfTg,kvk,train
Iez_rKaeryg,kvk,train
jbsmjfxthdM,kvk,train
LQdv7qtLXGg,kvk,train
Xztyuat9ar4,kvk,train
SMrzUJ_DWBk,kvk,train
KXDWSlTvYN0,kvk,train
1lnKVMPXUeg,kvk,train
JUhCkSpjQjw,kvk,train
u6i99L4nKbk,kvk,train
He65HpkO0oI,kvk,train
LHdfUU7w2eI,kvk,train
ZfsatOuTxBk,kvk,train
CKrB5HIPCGA,kvk,train
xBd4n28BqVE,kvk,train
me7zM1YzCI8,kvk,train
cxCilVDotbs,kvk,train
SsIwsHffeCY,kvk,train
OAf3g8v0k7Y,kvk,train
gb8ymx7tb2U,kvk,train
Zh4Be4dYFGU,kvk,val
i7u04Zi1qe0,kvk,train
DU_cbVWSw54,kvk,train
ZIPQDsuEknA,kvk,train
VWxuJ5QAhpM,kvk,train
gtyWwxfX0OQ,kvk,train
edCSKr3ZVjI,kvk,train
oS3ThpGBQFU,kvk,test
-8vZt50An68,kvk,train
cKnikj1K6h0,kvk,train
t3IHO7V1RWY,kvk,train
HinX_09P6N8,kvk,train
Om1GkXFz_Ns,kvk,train
7VLxjhX05L0,kvk,train
iv1Xn1PHqg0,kvk,test
GRaeAq8OToI,kvk,train
6OVMBiqFT0g,kvk,train
92WYkYg4dBs,kvk,test
WTIvRiEWSJ0,kvk,train
PZtPa_1ZC2A,kvk,train
jrKy6ovWkdg,kvk,test
b19PuY-aPzU,kvk,test
uMOs-exfhck,kvk,train
PWaySHrNN2I,kvk,train
DTaA1G26AL4,kvk,train
ScjJJL-kPx8,kvk,train
0OPLh3nfYbI,kvk,train
sXaxaaE4d68,kvk,train
OsevILS4kJ0,kvk,train
lXsRVLOqqk8,kvk,train
HLyKWeoHsAI,kvk,test
byhT64G_4q8,kvk,train
EsZHfSh75Jk,kvk,val
rcQSvseNwEs,kvk,train
AkFq5EDzymc,kvk,train
a6en4hZkqFU,kvk,train
WLNGaqMGUIc,kvk,train
T-RZheI7p_E,kvk,train
L2qgcqBlUQU,kvk,train
4Cd2XKanKHI,kvk,train
iY0eE7kyNqs,kvk,train
jQnfbBpWjr0,kvk,train
Y8Rgsr29euw,kvk,train
jHQ6M5J_x2o,kvk,train
Vc8swaeGvpk,kvk,train
f-zC_RHz7XM,kvk,train
Exjpeax8ikw,kvk,train
3QQo-zByBeM,kvk,train
IEY0Gt2JkZM,kvk,train
8nP96SbWWkg,kvk,train
JMTNWQI7iIY,kvk,train
SMjUKF0M6fQ,kvk,train
bUvrXxplO_I,kvk,train
8eIHF2cUVcY,kvk,train
YZMgIlVIS7Q,kvk,train
n4rN8f1sva4,kvk,train
i4W4a3JDXCU,kvk,train
Y6zG6mAHllo,kvk,train
pur7HwQKt5A,kvk,test
KenoMJ6F7IM,kvk,train
QOna41P7ozM,kvk,train
-VK_3Bvrc1s,kvk,train
7FdMtBOZ8X8,kvk,train
n-voQ21HhqA,kvk,train
-Or1T4NVxKo,kvk,train
DoVt5EwvHdg,kvk,train
p1hZfbRCvc4,kvk,train
ltRoU6fnegk,kvk,train
TUS2SwW6Bw0,kvk,train
NEXt_EPxEts,kvk,train
FAr5uT8dDq4,kvk,train
im19d5cJCMs,kvk,val
7LfWMSDCoaY,kvk,train
6yzKOOnjbak,kvk,train
mZ1OHWyWJoQ,kvk,train
IqSZOMAOYG0,kvk,train
gdvxoxnPFBY,kvk,train
D0cGSpjDRZA,kvk,train
F1qIjZbMzRE,kvk,train
HC7NMhDde7s,kvk,train
8mgiIb-YE1Y,kvk,train
saymARcKGz0,kvk,train
mUDZl_ygRbc,kvk,train
ZzUfjnfy9rw,kvk,train
jLWiR7wYdEE,kvk,train
nei6wAk0ygQ,kvk,train
SkpK2I40nxc,kvk,train
3f69UeyrQe0,kvk,train
ICuczGP1esY,kvk,train
X1Sr5wbkUpY,kvk,train
F7APj3zxgiA,kvk,train
r2cOSCYSuFA,kvk,train
AUe95qCrfw0,kvk,train
aD6Aq6jqIH8,kvk,train
IrOTcIZgcro,kvk,train
F71K9ky64Os,kvk,train
ElgWvlwH4dQ,kvk,train
7i8jAv0IFjk,kvk,train
u3zJ4cjmYjc,kvk,test
Cybn1U4h4bk,lls,train
Ht6Ac7tvZn4,lls,train
Zs5WcUCYVLE,lls,train
3-62GbrWq5Q,lls,train
FVI-nYm5_Sc,lls,train
R_y0f62xQOo,lls,train
xNeNLb4NBKw,lls,train
wzNEsbhFvM0,lls,test
2YDWjpf7iI8,lls,train
9TlcW9pOXuA,lls,train
j_XwIDiktNg,lls,train
8KkduSPoNcI,lls,train
_WL16CIJ3bw,lls,train
jmnBybvo11M,lls,train
M2lY5vqFb_c,lls,train
QX1jbDjhyFc,lls,train
nddKx3JpvWg,lls,train
cqETyZuBLPM,lls,train
o8ArO0ff4L4,lls,train
IsCwRydvvt4,lls,train
VLtkBUB-Q4o,lls,train
h36cl_5Ifvg,lls,train
162KKfU36nI,lls,train
-wCFWXGxgo0,lls,train
BZxyQtczBTA,lls,train
7y7lgs7wtic,lls,test
hxmjpWPxb4g,lls,test
js4BcncRBvY,lls,train
Z0zETb6mA2k,lls,train
JWsRVtP8rf4,lls,train
6nDuqt5ckao,lls,train
emmT40gvzVM,lls,train
tBuU746tvOI,lls,val
IG7ofV_PjyE,lls,train
8LiscgXlQN0,lls,train
GGOsHC-EPZk,lls,train
Yt0sfuNz2pQ,lls,train
JSj5DSISmcQ,lls,train
aUhx3evJwt0,lls,train
wgkgX7_h89o,lls,train
vsdrQOxnqhA,lls,train
5JUEzc5KYsA,lls,train
e6WDHis6R2U,lls,train
mDzRkO4G_Gg,lls,train
Yq-tKsWU7VQ,lls,train
leTcQEJuWBg,lls,train
xIWRgBxeh3g,lls,train
WiDCJ4gye9Y,lls,train
qiyAdmAK0vg,lls,train
taCDGys4nlw,lls,train
Lfsv7nTNPDQ,lls,train
_wP9jWPkjgw,lls,train
RKbQVAdk7cY,lls,train
uDFD78K0GTI,lls,train
4QaDi6C9YR4,lls,train
T_E3f6L7NKo,lls,val
FFwAL3w4gD8,lls,train
btdsqzML984,lls,train
dRG-WYuSSpY,lls,train
1jctttZlqFw,lls,train
XDGybhYlSqI,lls,train
a1XUD2kChWM,lls,train
i0-y7td3o80,lls,train
9rOrMx1grzw,lls,train
h71QQws6Kws,lls,train
TR9-W-hVQ_4,lls,train
ZlQC__KwKTA,lls,train
3r5899eAlA0,lls,train
3Oyd6Kr6_6M,lls,train
ugy4CDxNcs0,lls,train
P1yyoDAHtOk,lls,train
L3DriqMqxd0,lls,train
daUmLP3AOlE,lls,train
WXfLgaV1rLs,lls,train
X4j3chC8kI8,lls,train
b3UsBXrrElk,lls,train
ipFj7lrLK4g,lls,train
M9wQrVr4EOE,lls,train
4pX9avXjWYo,lls,train
9PmUJnVdhQY,lls,train
8aLPeR1pOCs,lls,train
p6_rs9lTX1w,lls,train
JOQg8xBlR3U,lls,train
6hxLIx7-mjA,lls,train
9f356QxC2Tc,lls,train
7rNP8Lsf0AI,lls,train
5DvJLFRmxw4,lls,train
htJkyGzeyUM,lls,train
ClEQwpkTe4Y,lls,train
vUO8V8lqcaY,lls,train
HKJHuRi4gfQ,lls,train
mp8hKtISPs0,lls,test
b_q4AtpqXlo,lls,train
fJhnBvtx4fo,lls,train
pDi0M__shIE,lls,train
Pnnm8QsXND0,lls,train
g_EfLGnXXYE,lls,train
ONehC7e3XLg,lls,train
AZDRK8oc_BE,lls,train
KB_-6-FMn44,lls,train
2UR8MH7a5Jc,lls,train
kMscE1dY52M,lls,val
D2TBHs7Gzks,lls,train
jf6R-EonsPY,lls,test
kYfIBBhIEXw,lls,train
yMWwnUe45Ss,lls,train
3ca79X77Nqk,lls,train
c-5ouzDVeKY,lls,train
iQwotFaTceM,lls,train
nuygyaVOksY,lls,test
qUv3F2xXO9Y,lls,train
Sheo44dXmt8,lls,train
KF0d1Ol9H6g,lls,train
2gZczrtv5k4,lls,train
mSRDMzdROgY,lls,train
z1_vn3BzHGY,lls,train
uAuAAeAM7cM,lls,train
IdMxVGx1fWI,lls,train
w4Xv6MZFhVE,lls,train
Q0Ns_oDLmsc,lls,train
X9QmGgdozm8,lls,train
66hVenf79xk,lls,train
PVnwpyxV31A,lls,test
7LPomQ97yN4,lls,train
iLjH5SzXOIY,lls,test
sW70E25iVfA,lls,train
RI63uOga-RI,lls,val
LJdtuZRuG9A,lls,train
3X6wV4Alm1g,lls,train
9lyF4xkT-_4,lls,train
P4rzHEJjnv8,lls,val
CoTGF72GbfQ,lls,train
yd541EFO6Ac,lls,train
71MgMfZ8mrE,lls,train
QJtN60Fi2iE,lls,train
gMCWBC4k9YU,lls,val
rX8unVQowwM,lls,train
AmsWbUKSEP8,lls,train
4pOMOJU0WzA,lls,val
Q1U9DSbX9Js,lls,train
OlsjCWBof54,lls,train
6gR4lj2S44s,lls,train
UOe33i_ismc,lls,train
6xNiWaVCVHg,lls,train
uG9wpoTNSXc,lls,train
07Od-kiQFQE,lls,train
426Zo6Udy4w,lls,train
TMjrRDCG-f4,lls,train
blpcmTcck98,lls,train
sJEye0-8g-g,lls,train
fFO1CFr9dW4,lls,train
fQcM9zn3WBk,lls,train
COs8DXIXrqY,lls,train
a6spr-y38Eg,lls,val
elArlve-QXQ,lls,train
NuE12V8D4lc,lls,train
oyFqsV9TqaI,lls,train
iPyON7tBQx4,lls,train
6E3yPYCPGYo,lls,train
swveNy6FzOo,lls,train
bOiGedX7-Ok,mfs,train
F-w4zGONQdw,mfs,val
w74dBpdPRP4,mfs,train
sfWsVBeRNso,mfs,train
LFQa4A-yt5Y,mfs,train
zeRTdFkI3P8,mfs,train
yLIgqgKlCcU,mfs,train
GdUweDnr6I4,mfs,train
sJGbET8tAGQ,mfs,train
55FAYvBuKaE,mfs,train
cpEa_Od3TZM,mfs,test
bH69WBTz2W8,mfs,train
DTH2u10uJl8,mfs,train
FpDz2_z2t2A,mfs,train
PCMukEQdi6A,mfs,train
ToFX-o_ll1w,mfs,train
mPoRL21i67s,mfs,train
6c3wLkZqWSI,mfs,test
vT6k_E-ACW4,mfs,train
_pXOh0ZiUas,mfs,train
Wl1119ey19w,mfs,train
tuFzgr00-sE,mfs,train
Yr5mbxuHivs,mfs,train
TBTHGgVPPpQ,mfs,train
bGuQkCoi7Ws,mfs,train
rT7OkTI5Owc,mfs,train
H5rmUdWSMHE,mfs,train
uu6cuI_MLBI,mfs,train
YL6Ocls879Q,mfs,train
MOuWZ53CkrE,mfs,train
bjJ39aACV4U,mfs,train
fySgknaj-HA,mfs,test
dHw9qO9hUzA,mfs,train
i44-2hHw49k,mfs,train
L_fpdkxxw20,mfs,train
1o5RL9fANf4,mfs,train
5VTYInLW07k,mfs,val
Yctr1h3PVRw,mfs,train
nmGFYQXOuYs,mfs,train
nwuC0AbV2PA,mfs,train
AfmeWzImSVQ,mfs,train
A9zES19U4_A,mfs,train
XY6rKkvfXmU,mfs,train
o9vXWM_Ciao,mfs,train
owlBo__rYMs,mfs,train
i9m5ZXhefEs,mfs,train
S1k8kWpSkTw,mfs,train
_O_qBtmMdzg,mfs,train
0IbPmc2fJjc,mfs,val
XsAIHweEa14,mfs,train
gg4kFKzedQo,mfs,train
uVvC87L-h8k,mfs,train
wAc-m2j3zkQ,mfs,train
nY1JAZGfIOs,nsl,train
83s2OLN1nQs,nsl,train
rQZ6s7VrGeo,nsl,train
7lnpVqQqAy4,nsl,train
pNkIKTko7uQ,nsl,train
_llNmM9uTT4,nsl,train
1EkSza28YLg,nsl,val
aO2Ou0vz9Dk,nsl,train
uMPRkuOCf_Y,nsl,train
wSgDv9tbFHE,nsl,train
7qkfNg2ZNM8,nsl,train
Jsj7-uOzJSo,nsl,train
Lwl92KngVQQ,nsl,train
CkBfOBYZ_5g,nsl,train
pJ4BeBhnrAM,nsl,train
QfboPXo5ZUU,nsl,train
e2GgL6dU8O8,nsl,train
QY5_dV75qGg,nsl,train
XmBWF6XtxtI,nsl,train
kn5RXBcQuF4,nsl,train
XJ2h4jWh6-g,nsl,train
YgarRgsUbqQ,nsl,train
eVH06gUxOtE,nsl,train
bxy4xYZvgJA,nsl,train
V2KCl-1RqLY,nsl,train
FnAdPvxZ3E0,nsl,train
ptDp4N3AWBE,nsl,train
GRpO6NUnaLc,nsl,train
9f714aPB5L4,nsl,train
FAEsbyzLWqU,nsl,train
Ed5Go67oPQc,nsl,train
BjCqXHzZQRU,nsl,train
hx6szn2fxv4,nsl,val
Q1yO-jf1xdc,nsl,train
c6qKrzoBQk0,nsl,train
7sq6pxb0GNM,nsl,train
rvkHdS-uu-g,nsl,train
h1arEmbMCbI,nsl,train
jewSxAiZZCw,nsl,train
ji3lXZqWZoc,nsl,train
9XKobbooQts,nsl,train
n-1gXl1COM8,nsl,train
gmDKOEWuvFg,nsl,train
_ctucFaJEXU,nsl,train
g36qd3qevtY,nsl,train
18il-iV-0M0,nsl,train
gKPI-eKel3g,nsl,train
rVENb8YZXbw,nsl,test
Vj1v4CAhmh0,nsl,val
V2FeoG-WplE,nsl,train
n4i7Vmh4uqc,nsl,train
q6nhLpT5kTg,nsl,train
3uQ3PT2h-z8,nsl,test
XGuxaxa3N2c,nsl,train
-IjkmQn8GGY,nsl,train
QpBtbZTmP5o,nsl,train
T1ia58fnJQM,nsl,train
FzaqAC_VWK0,nsl,train
dQz69wuadeQ,nsl,train
GsICOzFA5bQ,nsl,train
cnrQwRFIUfA,nsl,train
vawSTC3uEEQ,nsl,train
04iMQhevZUo,nsl,train
apUo21etprE,nsl,test
hB3hlHQ3lk0,nsl,train
3IEzwCWXXvI,nsl,train
pohJFYqCjqc,nsl,train
N2XP2phUdU8,nsl,train
_R_4g43Jd44,nsl,train
PiVlZ_96fBc,nsl,val
mE6eKiYwmpE,nsl,train
1eL07Y6Y7kc,nsl,train
otJlqZixMEo,nsl,train
WdogmZjLGLU,nsl,train
md_vopbUtb4,nsl,train
lASAl5C4ANI,nsl,train
lxnIBBjrNZM,nsl,test
xJ76aHgK0Uk,nsl,train
dPyoOxIDDII,nsl,train
pskc828k5-4,nsl,train
BRUXa5riKNA,nsl,train
zMW_oqjNvmo,nsl,train
bZ_mQWB64bk,nzs,train
KatrjjMtkXc,nzs,train
h1jA9mVLT10,nzs,train
f_Eb-iX0Uao,nzs,test
OTIMC1MFzkQ,nzs,val
nM4rIYzvzO4,nzs,train
x0-VxE3plvY,nzs,train
wlXB8nWw76M,nzs,val
Oh1pCoC6dPA,nzs,train
loEF6dBB4-c,nzs,train
PJ7EIdK-oMw,nzs,train
q3dVjs0B-JQ,nzs,train
nTOT4hCVEXU,nzs,train
dTOvep98Whk,nzs,train
xFWVZIPEHME,nzs,train
NbKDuaifcAU,nzs,train
Rr9ogoJANTg,nzs,train
Cviz058AIog,nzs,train
4X6k-wLroOs,nzs,train
bul69Gh7Ldc,nzs,train
5zCKuKbpmwI,nzs,train
MrYenfJg9vc,nzs,train
dFxh2vNRpIc,nzs,val
DU18T5X-4sI,nzs,train
VorENrY3rr4,nzs,train
8KQyo9XrFfs,nzs,train
9YH3MpSnKCQ,nzs,train
nOiIk6OUfh8,nzs,train
JLE7cz_eRG8,nzs,train
J-2VK2IObao,nzs,train
SGquasgEq-c,nzs,train
VuDBe36MY9c,nzs,train
XGYi7-EKnw4,nzs,train
JP-L34N-R4k,nzs,train
DaT2T3xMGX0,nzs,train
Bjx6ma6olS0,nzs,train
rQ9sNdWKLEo,nzs,train
D-E57JTCRjo,nzs,train
l_ewMfFFj6Y,nzs,train
RSIa6JS0w-4,nzs,test
ryGx9jNQ5Js,nzs,test
dOXrNNwkkns,nzs,train
AitsmTZuY9Y,nzs,train
Edg3Of-wLT4,nzs,train
NIR16xsSAiI,nzs,train
l8XW2Y7nUJc,nzs,test
nqWdJBj-l1g,nzs,val
UVykdRViuSY,nzs,train
hApIkmst1Ys,nzs,train
c8EBBYou3q8,nzs,train
UAA4KM4hoTQ,nzs,train
WMUVzAexrD4,nzs,train
gaeTgK3f2kU,nzs,train
ZWtuKl9QxqQ,nzs,train
nKEHcFs7jHg,nzs,train
YO88tzmv3QY,nzs,train
9YoHZJ4e99Y,nzs,train
Xgfq5VM_Yp4,nzs,train
OIkTiZvS5XM,nzs,train
-6YRcS-iyqs,nzs,train
c1aPAj1yMas,nzs,train
ZcYLgo1oTr4,nzs,train
G42N4ghbnRU,nzs,train
uZpLdvyhAqI,nzs,train
WpFav_FqwhQ,nzs,train
832AuFdNWAA,nzs,train
BUCiUa2BWy0,nzs,train
DnwljrL-NY0,nzs,train
Nz5uIp5vEXk,nzs,train
AWvYxEDYr_Y,nzs,train
8rBd6AwPlL0,nzs,train
GFYO83Lq7co,nzs,train
LfQ8F5fYgMQ,nzs,train
FhBLfJ5LX2k,nzs,train
f6jMNTCvuR0,nzs,train
oat_Fc5sGCg,nzs,train
ngOr6FBBSEs,nzs,train
QRdwlxqWfaA,nzs,train
qcPCxqEa678,nzs,train
j83BJsogZ8k,pks,train
lFu2tqXSn74,pks,train
l2MhMR7eGH4,pks,train
1tEPS6EWPrM,pks,train
NZWA2M0Qow4,pks,train
C5UC4pT8zuU,pks,train
r8DrNM7Fxeg,pks,train
uQ3HY1-ae4w,pks,train
3DnkgUg6lNY,pks,train
-5af7TmMksU,pks,train
PMYsXkNFPp4,pks,train
t82oQ6Nybd4,pks,train
d5j0aJoaWWE,pks,train
Iwbra1YJJ84,pks,train
LaDt9VIoHCc,pks,train
N3uI8PNykzg,pks,train
djL2Ic6uXlc,pks,train
ifFazARzZZY,pks,train
SSixK-MPlP8,pks,train
yAv64YkATeI,pks,train
Zy7DxQLWp1I,pks,train
YHIlkNfP-ZE,pks,train
vCEPPO0AOxE,pks,train
L02n8mMiCW8,pks,train
m0ER6Rm0bT0,pks,train
tU89SeZdCdo,pks,train
bLM1bcGufJE,pks,train
i27Q3tta-QE,pks,train
aP6xJ-N4Xt8,pks,train
l_NCwlfAJcE,pks,test
Q7Slo3RT3dI,pks,train
INsoDgpPuyg,pks,train
tRNynPh4yCo,pks,val
pnYkizytYyY,pks,train
Idi3SqrBB5w,pks,train
ucPl06b-YwQ,pks,train
0HHVZT4mzMk,pks,train
jokuewKcQuE,pks,train
bGkovwKjeZI,pks,train
NLsqr6LZ8iM,pks,train
X67r2iTh1c0,pks,train
TWYjqbVq5qg,pks,val
lZFSHoqZujA,pks,train
oSCjU3NiTKI,pks,train
Yjoz2r5-65c,pks,train
qGDP9LZjxGE,pks,train
sEimsXD7qng,pks,train
3k5wd7MTgN4,pks,train
SBMCH9RnIqw,pks,train
6m_YeQU1yps,pks,train
kQVVXJv7l54,pks,train
VLxYQkric2k,pks,train
-Rrt4k-8eQw,pks,test
FIcP2yG5rks,pks,train
HxThWzSGEVs,pks,train
VIjQEQlP6CU,pks,train
kZKGrxyEGEI,pks,train
HBqzzTtkyCM,pks,train
AQ8kCSmqlSs,pks,train
Wv957g-td7I,pks,train
uDonp77kP_o,pks,train
LkgtlD0LcPg,pks,train
-MWUH2hOaH8,pks,train
zdyDWgr2EuM,pks,train
tiWs6mymR_s,pks,train
Wy1ZQQ7QUBI,pks,train
gicmXzck0IU,pks,train
vo47hDs4J1s,pks,train
eqIm4fuY1ok,pks,train
D6i88XyW1BI,pks,train
Lf5GVUf3478,pks,train
fWTkGWg1vfs,pks,train
_607_FGj3XM,pks,train
QNfpx_ZjviE,pks,train
8__i_dX1fE4,pks,train
6CjsuKuBiJw,pks,train
YvhsEtF5P6E,pks,train
3daVW-amGXo,pks,train
vKOuTUDiT5Y,pks,train
d4LVxmD_YYA,pks,train
wQNoMmTN2Uc,pks,val
Kj2i2cyyqMA,pks,train
9bHnqpP03U4,pks,val
XCUhB6z2K4w,pks,train
1F0ekUSHxIg,pks,train
wRVl_hgbJQc,pks,train
8E4Czh-ulJU,pks,train
NQCVuEIJ9eA,pks,train
aaWnvgtGEzc,pks,train
WGcFK3q1yaE,pks,train
pninRQGtJd0,pks,train
zg155upeS4k,pks,train
4hYCfIZGNAk,pks,train
Ig1H82qeKSI,pks,train
7uSmpymqcHM,pks,train
E5J0S3O-k_k,pks,train
K8Kw3MzCuAA,pks,val
pUZaxDfhbmY,pks,train
mGESBA9u7kI,pks,train
Gs3EURDssCQ,pks,train
cgyeN4WZwz0,pks,train
JFqSZQ6JUT8,pks,train
ntwi2sWiL8g,pks,test
2ZgOGXBqQqE,pks,train
Zc0nhi_RBJI,pks,train
7g-__eIFbFk,pks,train
WhrFRqMZLAc,pks,train
lzWZQDCYNTE,pks,train
FhBD5IdB2HE,pks,train
G20-iVKavzE,pks,train
pVm8TKqikpo,pks,val
epRQ9zTrupw,pks,train
5I-h3Ap_WDo,pks,train
UnC4uXwhMq0,pks,test
g9mES2ab7Gk,pks,test
kLoxGtyFCKM,pks,train
IjXGYdlwkrQ,pks,train
AstkYzoxDNU,pks,train
sa7S7PfWnyc,pks,train
rK9cf0kJ8JE,pks,train
GKoNorfguCE,pks,train
x1HYg8Y08ZY,pks,train
fYABgbRqGFU,pks,train
tILtVpSNjs8,pks,train
H27wpObA7wI,pks,train
imNPvJZRVKQ,pks,train
H8lH1mcmJdI,pks,train
IfhzeESqmzI,pks,train
ne6KtevyDYI,pks,train
zwZjZS4S2F8,pks,train
w_bmJCh01-U,pks,train
lKsQP8da8pI,pks,train
uvuke7O0lvk,pks,train
xAXkcFre1Ho,pks,train
NzcjV4SPOwQ,pks,train
erZ5pcZQvL0,pks,train
SB1RMYgzvHU,pks,train
tkVxsVCAhe8,pks,train
lBFNsWNuCMc,pks,val
bBs89r_Hqc4,pks,train
ob9q1kTGTWw,pks,train
Y8YmyLkZ17o,pks,train
M_KUfQyyKNo,pks,train
0KR-_ivYqcw,pks,train
ZdtChJlDUqY,pks,train
b_oyREHpX4Y,pks,test
gxbnGWK2k6c,pks,train
NmdFxIUGgPU,pks,train
1ZOBvYON7os,pks,train
K8nnc9upBAc,pks,train
8_xoDsvlM_I,pks,train
ZpBPnxEpEtA,pks,train
YGJ8Bn1H5H4,pks,test
zFMA4bSnqkU,pks,train
W5kgtwj0JAM,pks,train
wbswW7QBdYw,pks,train
phEsdubeiew,pks,train
NhK-Qwr4JQo,pks,train
QJoju6HhsQY,pks,train
Woo_j5UEhf4,pks,train
htFtB8FmR18,pks,train
P1Olv_doJ5g,pks,train
d-wxVcOVgX8,pks,train
A9WMI47tRzs,pks,train
NtDXzpXF-BI,pks,train
5owDMfIODYQ,pks,train
nSJYuJzkoBk,pks,train
g9yvuyah-wE,pks,train
Zsp5EUsoPpg,pks,train
V-dzCx_KibA,pks,train
6CBiTeKNpq4,pks,test
AtLgv-iENJs,pks,train
EwQg3FxRSw0,pks,train
rSjpt0gRw60,pks,train
7SXNJs4gYFQ,pks,train
Z8ppK9340_M,pks,train
nNBpSjgnkj8,pks,train
TdOEjSPnqUU,pks,train
45WdDPyOdd8,pks,train
ID4lwQYGcs0,pks,train
C1EDDID8p3M,pks,train
FbDyDVQrWq8,pks,train
0LMd34zAu74,pks,train
dPGuNTKUbQA,pks,train
cZm09N0LLjA,pks,train
EbSPBpZb2b4,pks,train
JNg5lHzx7pY,pks,train
9tcDiTvduos,pks,test
vmN0Oj9tgpY,pks,train
ODt__UnLih8,pks,test
S6QUDH-H9hY,pks,val
30ET4otdf48,pks,train
552XqVPsKhQ,pks,train
xzS5f5rLYGc,pks,train
EaG915b8nww,pks,train
L9bZmhnDtIc,pks,train
4uDJZoJvf8A,pks,train
hX2b55QE9vs,pks,test
oVViPgTYp2M,pks,train
mcQHGpUzA_w,pks,train
WraiTf4nzRk,pks,train
0VU5BgROgq8,pks,train
9_FWS_aShhw,pks,train
sWI7yYpt0AU,pks,train
jTGGzAq-Av0,pks,val
x3rLwBOPdrs,pks,train
313-cMoooa0,pks,train
QTNSFj42EOg,pks,train
4JBrz47yL6I,pks,train
cOXJZjnRTo8,pks,train
i6ADoq2mU-M,pks,train
GxHCEt8y1Js,pks,train
rt_jcGQ9A90,pks,train
UZ4any8zuAo,pks,train
zZu6UbcOw3E,pks,train
42XaakJ7qh0,pks,train
dpXjgYvdBBM,pks,train
l-RlsynEUSQ,pks,train
lC1Kb9APseM,pks,train
XqxIBEEEbmM,pks,train
FXKZtWXJdAQ,pks,train
qm1tLJ123qQ,pks,train
7GV-C20Jpug,pks,train
6WyKE6ulW9I,pks,train
qJeeZxrumI8,pks,train
InN5Hu_JLc4,pks,val
t2TguqCawsE,pks,train
AmNhCmZ-7No,pks,train
IKsv44JVrxI,pks,test
N7DSZo5ENIA,pks,train
Lea4JrXGdqc,pks,train
1XTl2flGDzo,pks,train
msB51H_nTe4,pks,train
_uiC7mILq9A,pks,train
5DZRiwouBx8,pks,train
O7FeoP7B5Kw,pks,train
TyPZjcuHqwY,pks,train
lVWDvhhDKmY,pks,val
MkZ04Z4uEAw,pks,train
GGhIJTPcztg,pks,train
C9ZErnG0jbQ,pks,train
Ej0hLgumsgE,pks,train
xTx2EV-DVpg,pks,train
o0v2NHIOCTg,pks,train
_6mN17IZ1xo,pks,test
O3QyrcLUwhw,pks,train
ReOQIw_mFsw,pks,train
4fi-5Orjgdg,pks,train
JoJD0TFka1Q,pks,train
p8hJwsE1LRE,pks,train
Dw36OXKGhY0,pks,train
U1haTkwstHQ,pks,train
JsN9m07VDUU,pks,train
fSlrJf0qtaI,pks,val
Vpi1SMAaOS4,pks,train
YvCERhP7llE,pks,train
wR30uLaJNeM,pks,train
qBHOCDcZpgc,pks,train
NnYACRbhrEU,pks,train
xQoZq5Xm18o,pks,train
45OkJq5jME8,pks,train
h3tDs9KQrtM,pks,train
fItDf-7rxeY,pks,train
VU4_kF2uVqs,pks,train
DVStHStLWEo,pks,train
e7hydIquTWM,pks,val
AeF06lF6Fv0,pks,train
ZwVUFssGSGw,pks,train
6o48h_o5EZ8,pks,train
JJS6-DhsxjA,pks,train
xd8ctBj4bE4,pks,test
55wXhnc6sLY,pks,train
DyEd4p9YR4U,pks,train
ROahFZQ10PM,pks,train
8aXxjSGkPAQ,pks,train
nL8mXCDnMdc,pks,train
ErCpoWh22yo,pks,train
wt-86W6pwp0,pks,train
TU0BxZjDqt8,pks,train
j1R2VaQM1Ks,pks,train
D7DWbNs-6bM,pks,train
rALtrcBA52c,pks,test
5sCY0z_-ci0,pks,train
I5w8IYpq8bM,pks,train
re9hjAw2TP0,pks,train
5qOcMdmPz9g,pks,train
84qtkoWKp_Y,pks,train
l0rdwOcJy4A,pks,train
DeYKyw8EZPo,pks,train
59bYRei2uIU,pks,train
4yGuY0UOUEA,pks,train
kxhr7exztQo,pks,train
fB2GB35iu-0,pks,train
vyVVdB3mDlM,pks,train
TFveAOW965E,pks,train
rVQlnUFNLPk,pks,train
r9GTExgeL3I,pks,train
gJ7Ti0zvkCo,pks,train
X9rSQVSAmwQ,pks,train
HyYY56lt9N0,pks,val
N0AE-3AgINw,pks,train
Qj7_uwa2FBw,pks,train
DM4chK0RyHw,pks,train
-vExSwQ7EJM,pks,train
koD012aLtZ8,pks,train
baBbE8aqLG0,pks,train
AbX173vNGqs,pks,train
sThlNUoju4Y,pks,train
LDAYZYU2XvU,pks,train
lkkks9emuWA,pks,train
ZZ3Yye5ANEQ,pks,train
W3my-c7wLfc,pks,val
fQ_jhi4L0qg,pks,train
1LsXauu5xwg,pks,train
1NdgKRfnZuc,pks,train
GlUImP6-tiQ,pks,train
H8nEKTbUsRg,pks,train
rHYCFd_1V68,pks,train
we1__Kxxsm4,pks,train
15zPAEhf0k0,pks,train
MVPztmyp_1Q,pks,val
quZn6Bq2t1M,pks,train
ptwZieiqfe4,pks,train
lEpvzcB_4kU,pks,train
TxW_imgLb_k,pks,train
gqkgMAYZcKU,pks,train
-YUWB-TPsHI,pks,train
6phUCyZJvSs,pks,train
-Rtvr020Qm4,pks,train
Niq7OZCHtWI,pks,train
XotMJnZIhKc,pks,train
ahr0fOpe9Gk,pks,val
BmhbVNchmuo,pks,train
R5NH7zm-FQs,pks,train
XvaGZ8P94v4,pks,train
UnPoUcSLDeE,pks,train
IHWtJd2-KYQ,pks,train
9JrW7dFDFdI,pks,train
OHklQ9j7ywI,pks,train
fXSAzAS9ryk,pks,train
w1OzZeQ-crY,pks,train
AXw9MO6Gp6w,pks,train
EYAS57tGy4Y,pks,train
QR2VdnDPSUg,pks,train
C4phtkcSi7g,pks,train
QBOwWtOG1w4,pks,train
Ve6oLvFPaPQ,pks,train
NZyp1fSP2n0,pks,train
K0BMqSzfWiY,pks,train
tfjLiCRyIas,pks,train
uSabUQNZ_2c,pks,val
p8fmZDooKb4,pks,train
bnkOgmYncxc,pks,test
EyhMcs0R1E8,pks,train
f10_4lPf6RQ,pks,train
sA-MbfH62VM,pks,train
BaEmEzt4THw,pks,test
1VnlPbLAmCs,pks,train
KSU1ghsLRtc,pks,test
k-OotCGj_4A,pks,train
g9rFt9Wu9vY,pks,train
3_yh45gdnNA,pks,test
N7jMo91RPYE,pks,train
n8AYGM8sMxg,pks,train
LptSwlPe2lg,pks,train
btUhmXlfMhs,pks,train
48I09BcpIW0,pks,test
h3D4W25CJy8,pks,train
zSV3i45qST0,pks,train
J4b8yqZy4ys,pks,train
uKY4bTQxAjU,pks,train
Z7Ua5SoIGoA,pks,train
kY8P6hrOvy0,pks,test
McUBFau0VN8,pks,train
iHNWTJ_4xi8,pks,train
idikx9foxjQ,pks,train
ShwzgEU_qtk,pks,train
LwI8IGqc6ZA,pks,train
Wd3ycsroN0c,pks,train
h0zVPIbFrtM,pks,train
eWFhbsgcHDo,pks,train
xtnmLIIUjd4,pks,train
lLrrAZWcQfQ,pks,train
LllzVr8eIZ0,pks,train
8rOwAao8nAA,pks,train
Vih46jDo9hQ,pks,train
Dsro6wONM4k,pks,train
aGrMtolrtq4,pks,train
ispp-uRJLoc,pks,train
SibrrG7xa1g,pks,test
OkRbgTaA8Ec,pks,train
v9u3r4zz140,pks,train
iEUVzQIUAqQ,pks,train
I0hVE176k7w,pks,train
hLBNMikbD7M,pks,train
1SnEwuzBIBM,pks,train
zjcWL2qZh1M,pks,train
3Fe-NYlorSI,pks,train
iWaTztXG2J8,pks,train
ooIDRvsrDlY,pks,train
u0w9BQ1byXg,pks,train
ZD45JBpLmWs,pks,train
SfF7hk_wKzU,pks,train
AR8Wg2cnOT4,pks,train
g41X35hLQc4,pks,train
B-eXf0NgUpY,pks,train
ioVuWvN_RbE,pks,train
NsqUm5CeJYI,pks,train
-9WhSciqe7s,pks,train
GrQMUpatglQ,pks,train
eH4u8wCl7R8,pks,test
VpJ2N3nKTA4,pks,train
gxyUx8caAbg,pks,train
y6GGgbv0eLc,pks,train
2eACpBgHvvk,pks,train
11uSHucY7NY,pks,train
rt3ags-y4Js,pks,train
P5uLV6G0MaI,pks,train
-TXkEnfikgI,pks,train
R40uphEg0Wo,pks,train
m24uFv_liRo,pks,train
WNs89GnbJiA,pks,train
kVL8WgNdq3M,pks,train
40qEe8q3JVw,pks,train
YTxvIF2wZhw,pks,train
HLzVhje9v6o,pks,val
fmJRRVNhKUo,pks,train
6f42rVhBhN4,pks,val
5mdBaw9VovM,pks,train
6g0x_0ineCE,pks,train
BI5kRxqf6f0,pks,train
Qz0sPln8wwM,pks,train
YDUYpQuNdqY,pks,train
ms0AmZ-BfKY,pks,train
E1qu18ancUw,pks,train
bpf15vTnk6M,pks,train
U-kKRRYqS1w,pks,train
ODI6OZQwIvo,pks,train
moER00LFK5g,pks,train
DEayAiWqyx8,pks,train
1N8jxJIT-kc,pks,train
vJV82wP3G5s,pks,val
F_P5veTiXHA,pks,train
I9-lx790tDs,pks,train
07jN5b8rCM0,pks,test
Z9ZyTqx35nc,pks,train
neFKIZDskk8,pks,train
-YsTpV3uDds,pks,train
Lq2BJoGpRrA,pks,train
VSbZ2ZpyjM0,pks,train
Dn-UR7-RNp8,pks,train
eoNxnTr3pnU,pks,train
kRDtciEB-iI,pks,val
4oICg8xbd_o,pks,train
L9nxntOOdiA,pks,train
3M3lJmoKaP4,pks,train
NV6MQqDdCeU,pks,train
OkBAyByal-4,pks,train
kw5SI1AHYx0,pks,train
4DkIeTpIFHI,pks,train
CjRrGVUVf-Q,pks,train
HwOf6IJjqxM,pks,train
fWvLmt-rLdY,pks,train
IwhONNMfDzI,pks,train
DWSdjLmHJ7w,pks,val
oCDzf70Y3LA,pks,train
w6xLlA3QylU,pks,val
TAAsuJ-7cqo,pks,train
XVpqPF-soXY,pks,train
0JmDhuphOBE,pks,train
KUOBpp4QgLs,pks,train
RA2wGtY1KEo,pks,test
oqWMzXNVI8E,pks,train
wxXx3E3mCyA,pks,train
nHHUdNb7YIc,pks,train
861jbALkhSs,pks,train
34JdkpT_9Mk,pks,train
FGQXPpf_xH0,pks,train
p5b4QuAUyto,pks,train
OznkCGAi-SI,pks,train
ka6Y8nHdjbo,pks,train
qnW8OqjzcHY,pks,train
4-qzzq0FjoI,pks,train
vP7u_HiXAb0,pks,train
VBjj4hniRUw,pks,train
oU-JSaOkXC8,pks,val
c8KvbR-njr0,pks,train
F85-_iqt6Ro,pks,train
Dtw8BeU8WPA,pks,val
9qc9ZJLCQkQ,pks,train
9_q86xrcvsg,pks,train
yZOAm4NYpQY,pks,train
AzOQznV0NhM,pks,train
wrP8EJMM3UA,pks,train
CRwqbOvT0Pk,pks,train
8nk8BT016eU,pks,train
RMhvF0vouUs,pks,train
JsArAUOugV0,pks,train
CQ4PbGNzhQI,pks,train
w6DNaoWBH3I,pks,train
M5NKUre8di8,pks,train
bWFVXYRU9u0,pks,train
fJezW9TZZoo,pks,train
Esk7wk14O8Y,pks,train
gFedy03gEvA,pks,train
_rOqAyLinQA,pks,train
VsZ24a9Dn0A,pks,train
-W4gve7wPqk,pks,test
9oqChwqpe6Y,pks,train
_H77xkc7Pho,pks,train
Yu8RoDeTnm4,pks,train
Jh_4ogs9eLg,pks,train
jlaHxNAgm5A,pks,train
QVjVjFp1Tp0,pks,train
i8MNcP2qbwM,pks,train
G6Wo6fDWm7U,pks,train
o7uokG5HcWg,pks,train
6Al73cys5Io,pks,train
ICYvTcv6PPE,pks,train
p5p6D8jQimA,pks,train
-iyufgZkx1k,pks,train
x2uw6bIgUxk,pks,train
4iLoTGqZEZg,pks,train
ESwXf-E7idA,pks,train
LBhEJ2C2ExE,pks,train
eThxMM1HFOU,pks,train
9sRn-9B4C_c,pks,train
YR70moN-7Fg,pks,train
nM9TZG4PaK4,pks,train
45Rx65UILrg,pks,train
0sk4bIwvwe8,pks,train
VCI7NT4IEYY,pks,train
vpoAqF3caj4,pks,train
pQSeriubopQ,pks,train
puk8CzXdfsM,pks,train
OOhUZC-h7xk,pks,train
PqX99ux_2Zc,pks,test
1AeptOI7Q8c,pks,train
sIOIaFTkfzs,pks,train
_rZbykkGvTA,pks,train
krUMsfcLVkM,pks,train
vGA1YVL6D6g,pks,test
SGPqxrd97wY,pks,train
o7ahSEpVuvM,pks,train
kjR-wvBGxe4,pks,train
huY-8CnVVDQ,pks,train
nTZb6tmGysU,pks,train
tKyl0vvLdLA,pks,train
dxqaoxDWrb0,pks,train
8RiocgBPhUg,pks,val
TFSiZTU669o,pks,train
jA0xVwxEeFY,pks,train
TxIiRwl4au0,pks,train
uKF6qw9N0PQ,pks,train
LZJxkylnSWI,pks,train
Phd1L6PymA8,pks,train
WjcH1C7kNdg,pks,train
isSPAkZaxIA,pks,train
B1cEx0gHrVA,pks,train
lqb0HYer9xI,pks,train
e0VS1XuIQaw,pks,train
OOAao9hexns,pks,train
T4uZLoCH77Y,pks,val
_Bm6yPZFFUg,pks,train
iBoanwrnc30,pks,test
h7Us7_vx2ok,pks,train
v0TNNGOsvK0,pks,train
iPT-1257hZI,pks,train
ghsnjW6GOms,pks,train
708_rl6yQzc,pks,train
0Y1zJACL69A,pks,train
uHYsj8_wC8Q,pks,val
-wfeW488rOc,pks,train
WJizC_6v_Fg,pks,train
ZM1pJiip-zY,pks,train
JIXOdTZKhJY,pks,train
tr3Lxg2FmZc,pks,train
cvYOnXzmfH0,pks,train
rP2YrG9hW-c,pks,train
jLUyKq09KPE,pks,train
Wsdbc3OZ6cs,pks,train
dqOo7gbk-nE,prl,train
vsQx6Ie1qkU,prl,train
qKrlEMGzUaA,prl,train
g3XChM0MfRg,prl,train
JZuZLWG7WeQ,prl,train
UEWjHSM15gs,prl,val
oROYLUjSp8M,prl,train
mpUT5DC-_Ug,prl,test
-jprhB1TmJA,prl,val
AMwdnHnNpic,prl,train
4196O3qWXEo,prl,train
ymFGBT3nlPU,prl,train
aw3fQqec1PE,prl,train
AqVjwpW-lqI,prl,train
JF83DKzsKvg,prl,train
pU8HX_NXiKY,prl,train
LvrCzYNnIbU,prl,train
fVM3Z1M1MS8,prl,train
_HBnXiTXvZo,prl,train
XuvqVUQg62s,prl,train
bZjl5nWauk4,prl,train
mb7ZAtWGkzQ,prl,train
UktoA1hdBwE,prl,train
geV6S7exwqI,prl,train
0qrgzc8rxak,prl,train
CVsxL0QJOds,prl,train
ydLWdx6uIvY,prl,train
fJQcNFKtZr4,prl,train
GuK779zdXiA,prl,val
AHOy8YgwExA,prl,train
117CmSOu0W8,prl,train
9yerrMgkP2o,prl,train
aRpzkWlBLOM,prl,train
j9wg9QytcRU,prl,train
QyrRLJN-ZW4,prl,train
EQDXl8Gz6t0,prl,val
1xsTPo7HMKU,prl,train
S5Rz3sFPu_s,prl,train
jqIWiw6ok78,prl,train
67QdNUqGiSo,prl,train
sd8m2ByBK0s,prl,train
v18JNFny9dM,prl,train
UMo4T188dfE,prl,test
RCiFH5KMWpE,prl,train
W1HpchsPAI4,prl,train
DwsPGSb90tg,prl,train
L_tQZ1Ztb0g,prl,train
XhCd1mmLMzQ,prl,train
l3w89CW7JKI,prl,train
RdwNfoVgad8,prl,test
nDV12LKJISg,prl,train
KUFTw58a90Y,prl,train
HLawwIko9uk,prl,train
2gN4TsrYC3c,prl,train
qIfemXoGAik,prl,train
S11O0gjIF_Y,prl,train
aCOh3ANIEbA,prl,train
FxvH3-BtiwU,prl,train
J7gEvvbpaqg,prl,train
xRYct8KjNxI,prl,train
_dWRm8pj3PA,prl,train
YoRfGQlZqgg,prl,test
H2unVaO5qaI,prl,train
nE5nejJ35JE,prl,train
VF90Ib3x9Uo,prl,train
IyPNmIuJado,prl,train
3edmQFmut8I,prl,train
h9c6XSUBDyY,prl,train
WCLUC0LXCTU,prl,train
Xg-430qdevY,prl,train
EuvKUgVb-fc,prl,train
j3JO11JLilg,pso,train
z8fRV3AInDk,pso,train
BuBuQaawLIs,pso,train
NyzRhveRKcM,pso,train
Ii5OcvEQmOc,pso,train
kxm0h1qe47g,pso,train
iWTBFXx2Hfw,pso,train
034dyWoRqs4,pso,train
Wpm8Sr6CKgo,pso,train
aE0Vle5lLOg,pso,train
mcow5Vn0qLY,pso,train
mUUcwOf8f2I,pso,train
xZlEbg0GvMI,pso,train
gJU2wgMbTiM,pso,train
Rea1N03kOBg,pso,train
gbiRYRxWu1o,pso,train
gI3deV7eKmk,pso,train
poXnTkcyJs8,pso,train
MM8iUd-QlXY,pso,train
DMoO8G3tY_8,pso,train
ByCMLRyqtf8,pso,train
1_qDAHOCJtQ,pso,train
K_tUATwAyhE,pso,train
8cm_UR1_S68,pso,train
ePDBbYuOIb8,pso,train
mLABBbHFJGg,pso,train
fj2BZ_EK3SE,pso,test
SXveSmkp4c4,pso,train
L5U5Lo8fVII,pso,train
m55n3QLg5So,pso,train
8jRAimn15Mw,pso,train
1_SiGJoWVck,pso,train
LWx2ro0-FJY,pso,train
QQTkuk0PY9k,pso,train
wLj7okZtOVs,pso,train
CzMfV3TTWp0,pso,train
6WL14HesJHU,pso,train
m7DWJJRP6xg,pso,train
AbgaLi0GhSk,pso,train
1VISoiqS_qI,pso,train
VnsHY-yzHe0,pso,train
idloLt4OHwo,pso,train
LY758YLhZv4,pso,train
IzOBryE737s,pso,train
zqbK7iU89qI,pso,train
xeruz-ddxek,pso,train
aZrIjXic-Qc,pso,train
hD-sWfRShl8,pso,train
QgTuJMQsZnw,pso,train
06mYxKFKDOs,pso,train
GHvZOAtTxuE,pso,train
AJ6d7S8wR-s,pso,train
nf8oONUL588,pso,train
6zrQ54ZbFHU,pso,train
S256muCKlto,pso,train
ksKa-hGBd1A,pso,train
__-hXkHtJ6k,pso,train
XQSN6rShLPA,pso,train
rlF_AfuZXuU,pso,train
NW1B8gCzlfI,pso,train
dkXXao6-B7M,pso,train
qxIKGT0BMPk,pso,train
9-epnvRQAAM,pso,train
Rz3cctVj5a4,pso,train
nNl5rs3jiz4,pso,train
vy9JjOX0Md4,pso,train
wxkaqc75-pA,pso,train
Rd6k_3dCl9c,pso,train
goFrwF3Jnqg,pso,train
D9gCkjyIJh8,pso,train
CxtDtTDc9M4,pso,train
g-lF2GfkbXM,pso,train
oHZT8cbB2LM,pso,train
XiznK9KNLFU,pso,train
5KfhRdXDWZo,pso,train
ekpqE5ThfQM,pso,test
Krn_L2ndqDA,pso,val
egbrWk2ZAZI,pso,train
sIDuzQyH4rE,pso,train
YpQ4UxH54QI,pso,train
iqUsaaCW9Yg,pso,train
Pwpg19pPcIM,pso,train
kcl5iOIyxrE,pso,train
vtNoJL1kOTg,pso,train
WHe9AaLu5H8,pso,train
gDdCusOW8E8,pso,train
Lc9K05pJQg8,pso,train
AbZy5s9flUw,pso,train
8w5l-IVNm3U,pso,train
XKlrOxK6xvA,pso,train
C-KtFSV_Cw4,pso,train
tS77RqsK7aQ,pso,train
3kHOqSdLGaE,pso,test
oTsnJaTQQTk,pso,train
6jdQdFXd1_0,pso,train
q_KArFn6O94,pso,train
vcPzYSIP4iM,pso,test
0hB53UQG_W4,pso,train
XZzX_aZKpYs,pso,train
MdrrK_S5SZk,pso,train
3zllUitjjlQ,pso,train
HXM3NUY7WSs,pso,train
jWJh-cTuj0I,pso,train
wK92UGZ7xaw,pso,train
s9JbMwCSMVs,pso,train
abT16uzXleM,pso,train
5uIqWTmfbP4,pso,train
CT1tuxR_f3k,pso,val
H5lKmYMepjM,pso,train
lETgOuBtU0k,pso,test
BnQN0TTgQPQ,pso,train
xh67sYir1Rk,pso,train
onLvnrL7-Rs,pso,train
9OV7Gsm8_vw,pso,train
X_JT_WYSBXg,pso,train
fWuyHf_r-hY,pso,val
_uIBaGQ2DMI,pso,train
cl24hYg2z50,pso,train
jsQVqjQOJ8s,pso,train
Q6yfU72Ukyo,pso,train
hhRq6T2S1e4,pso,train
pEDyCJWXQSY,pso,train
_Bp5I78x1LM,pso,train
O0lEULKAq7k,pso,train
8Nsl31_vdg8,pso,train
J2TcLItzD9E,pso,train
Twwe3YODoQ8,pso,train
E8W0C2wfolY,pso,train
0IxbB_237vQ,pso,train
Aotf2XpWa5U,pso,train
xJYCOlPhcPE,pso,train
0RK9o-eR5Do,pso,train
Vsn1Q6Ej6EY,pso,train
fCwLJckyQeo,pso,train
VVWC7TewXk0,pso,train
chBBvwS5DVE,pso,train
Z4NyrC_OlMs,pso,val
O4goMTbyZ_U,pso,train
d9G157Y9X1I,pso,train
rHpRXJf9lAE,pso,train
6Eqr7BvfH1Y,pso,train
RsPkfzhq3Jg,pso,train
CQ1treap3qw,pso,val
kdVkPMTgi-I,pso,train
ZiR0yYgWsH0,pso,train
bfkQ5WImk8Y,pso,test
iIXTL2M6MeU,pso,train
OkkznwqUck8,pso,train
0fwIv19eL9c,pso,train
qj4-hYUaj9g,pso,train
a98Kpzxa5XM,pso,train
RBHplZ1yFWY,pso,train
E-DC0FIztKE,pso,train
rQPmKSvpX4E,pso,train
zgkFIWnASMg,pso,train
enFa7UpqVTg,pso,train
eSQsiKajTks,pso,train
g9P4YrojxhQ,pso,test
0gLGZ1RCemo,pso,train
U7n7tIJ2aDg,pso,train
wxHHziPnY64,pso,train
L_w-ZnpN-v8,pso,train
4kWZJkEF7IA,pso,train
t3ZsP-SKnqw,pso,train
GnbZYd-52r0,pso,train
7jpzwlmN2M0,pso,train
vQJrN0CKS4Y,pso,train
6VHCM6jCwR8,pso,train
9iQ-9Hs6kWY,pso,train
Pl0d2EVGj6Q,pso,train
krj7bwVt1Jc,pso,train
D53jkDdM12Q,pso,train
rgkFi8SsHqo,pso,train
J9l48fF2A2Y,pso,train
g3eFJSnLuQo,pso,train
FObhS1iRDeY,pso,train
c6vaBoXdZEo,pso,train
Lpku_sF_vjw,pso,train
DpW62c7d1SU,pso,train
uOiV6xu3lJE,pso,train
O-8-YzOHTSA,pso,train
oxZNWRhLLXY,pso,test
yKRI9h_Emlc,pso,train
QfXDaRYQ7M0,pso,train
S55zhaj9sjw,pso,train
OEPo4TdT9tU,pso,train
TsDiVyMFD2I,pso,train
e985paQt2zs,pso,train
yPmiaHNgqiw,pso,train
CZjoP6FNlHA,pso,train
0HgsZlDhfzw,pso,train
gltb3Z0igTo,pso,train
fLBOl9i-Kh8,pso,test
1RzQ-4hfwpI,pso,test
zDHPODAgOJs,pso,train
gtTKZnmsaUY,pso,train
g092RAtZ8dI,pso,train
gpgH7B5oOCo,pso,train
NWqKMsdcTdY,pso,train
okE-AyKz_Hw,pso,train
7gKPEv1qKqE,pso,val
XK7TsScWmZo,pso,train
X4xGx1PTRzQ,pso,train
mbqi92Clweg,pso,train
9QSX0ORLhE0,pso,train
807e6k7cCCY,pso,train
Gw4iEXJ9odA,pso,train
N6HBjn7IB_4,pso,train
Y0xh4noBvZI,pso,train
4893-KxsFE0,pso,train
PEdiIYwPluM,pso,train
Az2eajtn-2E,pso,test
UJuo_cPAowc,pso,train
and0Lqjoxy8,pso,train
20G2pt0nn24,pso,train
GN_053NMhzc,pso,train
6eotliZCM8I,pso,val
Y1rNHB7JRT0,pso,val
Bg0bcntxmps,pso,train
dFc-siGkeHQ,pso,train
yJ-IZEItkIA,pso,train
PwNYlZplE5Q,pso,train
9qvKj-XC3z8,pso,train
61GUrUnBJ8E,pso,train
JxnG8xxto88,pso,train
A5FlulTyHlI,pso,train
aY3aA6MSEOM,pso,train
fWSfGldqhsI,pso,train
x_NnzFTO4Sg,pso,train
CGbmEr1kEWE,pso,train
yzvvzQQDkMM,pso,train
VxTypLZBnMM,pso,train
VyKu66w-kuo,pso,train
ImSuzXCz5h4,pso,test
r3hHeqdw124,pso,train
R9QENY0ukSM,pso,test
byWuypNgoCk,pso,train
MDuQ4NN1lVA,pso,train
qi3l7VJBC3c,pso,train
SGXto2Ruiyg,pso,train
8gFgZWs7XVM,pso,train
6rpatu35nmw,pso,train
OsQjf1SLpnk,pso,train
Tm1-aiAhRio,pso,train
6rUde9EVGZI,pso,train
O5eCsEurgoc,pso,train
m0PzSezBrjY,pso,test
Hejppf-XqNg,pso,train
9qAAV825plk,pso,val
T35rjLbFxoQ,pso,train
cE-pm9LGCi8,pso,train
CzsYXc0BmYs,pso,train
JEDLixaarug,pso,train
QwMcWcrjQfE,pso,val
kLpsl5dVksE,pso,train
aKpL7xza4bs,pso,train
7_CMPUIbOgE,pso,train
9DxpKpq1OfE,pso,train
lJNiRZPAzPk,pso,train
nSSIZTwFUO8,pso,train
A2Kf_nB8MLQ,pso,train
8zn0fQnKGec,pso,train
KUNJP_bjlME,pso,train
aY1wTC0WqF0,pso,train
62qTSYQ7Tc4,pso,train
KrpymEIKAB4,pso,train
WTuNkuk9Fpc,pso,train
n6fESpTmU5k,pso,train
gUZH2jWXYiE,pso,train
tHOfQ2L_9Vw,pso,train
n_OHeZ_hWVE,pso,train
xSD9hfzo0EM,pso,train
UxS4p2gd1HY,pso,train
w_F3iTwwsjE,pso,train
NbFPx4JS-eU,pso,train
yAkqfQnhnIk,pso,train
YeYDUsg8vUM,pso,train
JcVYUfAIyhU,pso,train
NrZkZpIfNow,pso,train
ip9NdzyRuxY,pso,train
O4rUDLEnHd0,pso,train
32gLBYaVlCA,pso,train
wwcNK7knnTA,pso,train
hRDDROlYxyI,pso,train
CXGUxnaT4yY,pso,train
mw1KZEl4Yk8,pso,train
ihILQ5U2oZ8,pso,train
SgqxYlgfDpk,pso,train
9-o4ZgwJSgA,pso,train
5BoTClU0_i0,pso,train
MSRl0TUGXzc,pso,train
hYUYQnCsLNs,pso,train
fwRm6_A1Ld4,pso,train
U08oYLR-Edg,pso,train
jS0KpoJxYmg,pso,train
w1-5VJ1blZM,pso,train
LcDZo4og_cM,pso,train
H5GLs15dFeo,pso,val
z9ccawBgmRw,pso,train
mlejd4sK5qQ,pso,train
JPDZESYtv5Q,pso,train
Ikl6Hn5c9Qo,pso,train
EatN52OXh2c,pso,train
78lfb4yr3Vc,pso,train
Oz0WgzVUlZc,pso,train
zVaeQTSwn6k,pso,train
qSzAXRxVdWg,pso,train
E_Ris-efBzg,pso,train
7eCFwi51vMo,pso,train
xSQQnfgFU0E,pso,train
tVuCb6ZKW0U,pso,train
jC1F39QL870,pso,train
TgTgd9ISh9E,pso,train
iKB1CcOxUA0,pso,val
xcTnWNOpV7s,pso,train
XVlqpYtdeJs,pso,val
FZCHCXob85o,pso,train
QgvCrW38M2E,pso,train
KIbdfJ8nZ-c,pso,train
f0B-FTL64Pk,pso,train
6nCqiSkdIDk,pso,train
WgQDCKyDb1M,pso,train
mDWMUlQR57k,pso,train
j7vLcPA61g8,pso,train
tk8nYqAPegM,pso,train
3ERG9_qmG6A,pso,train
7DCWSgD4jw4,pso,train
DG4XRCl41Uw,pso,train
If6W-Fb1ynU,pso,train
7I-wpX59Oh8,pso,train
P0-zMqDDaw0,pso,train
GiK46oY3A3Y,pso,train
VdGqpVSG2io,pso,train
IhpvfiAHJVQ,pso,train
cuyhTBbPcoE,pso,val
OD5rRxwbjfI,pso,train
GEsAQFEmVsI,pso,train
4P6qXMkJm6o,pso,train
3uTuM9EtgD0,pso,train
lPQoQNjdBsg,pso,train
HFeMYbiRh8s,pso,train
2aGb2ur0Vvs,pso,test
EpmgyGs0mf4,pso,train
qoIcEBXS1RQ,pso,train
WelXQ1IR81s,pso,test
-Pz40BOA59M,pso,train
Xjng3-bTvso,pso,train
DKWxlV25pLI,pso,train
CsHHJ1ckWqU,pso,train
JjdggxTZ6Ug,pso,train
p0ZN4nKvt94,pso,train
ObvJjltucwQ,pso,test
Av3u9IkilOM,pso,train
P4KRUWs6Y4E,pso,train
F_4HqiJq1Po,pso,train
WNB6mDV3CmI,pso,train
7qq32ehsPIo,pso,train
YftnZSLJly4,pso,train
Va7WBp2aWaA,pso,train
Q4iFnGARfYE,pso,train
_7Q8pUqxXwQ,pso,train
qdl0rwE-bJg,pso,train
zmQPbmnkBBU,pso,train
Jt_dopF3M3k,pso,train
DOjnl95GlQ0,pso,test
qtxkFhTnRsk,pso,train
qbIyuRuPMJo,pso,train
1ZTXxs9oSpk,pso,val
Cx2s9EYdv38,pso,train
yN7zyUmDUCw,pso,train
TefB-hK19dU,pso,train
DeEaYM4oypI,pso,train
wz6tVOpDq5A,pso,train
4OoO0wOKAq8,pso,val
GVjyL4OT8EI,pso,train
UcWviM3re1A,pso,train
oLylN7H2Vd0,pso,train
-lcoa2pZLrs,pso,val
pSsQNz0EUuM,pso,train
gmSR2fVyVEs,pso,train
Kaj-8L1SlfE,pso,train
7A9mfo9VYuQ,pso,train
L1liqXocC-A,pso,train
5anVpfpMd-A,pso,train
EeiX3OmHH5I,pso,val
hnE1DfdAFPI,pso,train
0o5sm3Nx9y0,pso,test
3v4wU1bNOgY,pso,train
8ui22F285F0,pso,train
Y6LIi7BzRJU,pso,train
kIAbzvHiS0s,pso,train
EABFBr0xef4,pso,train
s_xiuQ8FnhQ,pso,train
3b8FoBcR8j4,pso,train
HyvAOHbPzW0,pso,train
Sel1CPv7QS4,pso,train
kyJTQSOJ_-8,pso,train
SSFfSyaMl08,pso,train
791rQzEkpXI,pso,test
pahVHThfe3s,pso,train
6cWXbmsjYEE,pso,train
IvvU6QA1HvU,pso,train
xT66Do7CnWU,pso,train
86IvUQe7FbE,pso,train
nF9PkBYEMEA,pso,train
CrWrqtMHm3A,pso,train
oUDyVUOqWdE,pso,train
3fPSO5P3Muo,pso,train
8S0XqqrrotA,pso,train
cVGl2fgeGRA,pso,test
uFk-A-Ts1M4,pso,train
rarVCdGWda8,pso,train
c1ah0tkjtVg,pso,train
_FKBvBMmsXs,pso,train
t-dfxxroRNE,pso,train
DneLaXnP3xM,pso,train
aD2TJbBBrK4,pso,train
bmIZpQbqyO8,pso,train
NVGP2grqKw0,pso,train
4Jwi8LOyMXA,pso,train
fq24A-NQvVM,pso,train
PojkzL9s_P4,pso,train
bvrAjFoqA9o,pso,train
CmnBCSdg7ZE,pso,train
FKEwyUo29J0,pso,test
ws4fnBrIg5M,pso,val
3AUyqr1xUEU,pso,train
IjT6MNGT-oA,pso,train
AhOmaCbId1E,pso,train
bbKYJ9amkNE,pso,train
ErWjy4G2fZI,pso,train
BoZzuOAMwqA,pso,train
-APyeRSLlrU,pso,test
4x0VjuErkuA,pso,train
WDr3ZQHWWWE,pso,train
J2md7s2zVKk,pso,train
LrKZn4YXCfQ,pso,train
iFzHyjZoP4A,pso,train
BTEk5H4v6lw,pso,train
4Uy4YzQNwk4,pso,train
xocKSfVDzg8,pso,train
dPMLG3D_UC4,pso,train
gJ-m0y-fE9k,pso,train
bRwAHMmA4M8,pso,train
ULcm2GfXZys,pso,train
lmokMVCYsyI,pso,val
hWAVnb7Q2aw,pso,test
Ma8avaTBN9c,pso,train
2jeGz57_XJI,pso,train
SKAm8ff-11A,pso,train
emmTCPjXZes,pso,train
canismKQyxs,pso,train
PDmAay4v3sc,pso,train
KmJr-bXunq0,pso,train
SLrHqxc8HXI,pso,test
PmMucvMisNg,pso,train
hjdPKqmB0f4,pso,train
hXMNWHEleF8,pso,train
vHBdXPWxXMk,pso,train
nJ6WrhbYatI,pso,train
xBUUSaAL1os,pso,val
Ab-2lDB_QQI,pso,train
w_YbHLOKWrQ,pso,train
R8Nm2rKGhPQ,pso,train
yXohgCtZA3s,pso,train
MBaBrAKqe-Y,pso,train
VuKmY3n5fTI,pso,train
bOuNB1s0cFE,pso,train
qsnMC2MQwQI,pso,train
ZTcvJG7RsgE,pso,train
1ikbEEngoX0,pso,train
RUOH1Jm0eBI,pso,train
Vb02hTrssXE,pso,train
yZM6NqE1euI,pso,train
8rdavIohVcA,pso,train
oMQx8icOjJI,pso,train
67454PL1QaI,pso,train
U-djT4iaDtk,pso,val
YRE58hct7pU,pso,val
QJiIYIeX6Ow,pso,train
YLFJMkM-BUY,pso,val
a9hVdDblEKE,pso,train
Dm_1TwE7u_g,pso,train
2weZ3zVngu4,pso,train
Ay1OgodR2nA,pso,train
tvuTvMrto7I,pso,train
G-Fa63eVvw8,pso,train
jI7HCwFyzzo,pso,train
W90C6cHIZs0,pso,train
pUWMe4MP8Ik,pso,train
Ef9w1kf7zOY,pso,train
C_Ac1Kq1OxA,pso,train
WFUGOt79w3g,pso,train
odeUSMDoDfU,pso,train
5PBYUSIPuHc,pso,train
CwfioK_CDvM,pso,test
xg_ZIXjoM_s,pso,val
d6y-aMlkWAw,pso,train
88SlHFg-43U,pso,test
Zb9xYBdNxDU,pso,train
tccvbRS1ZlU,pso,train
3BbroW_6inc,pso,train
NH0qDM2oY8Q,pso,train
UGyxmY_NoAo,pso,train
-txoEthOWi4,pso,train
nk_3PPt091c,pso,train
r1Y9cizGFXI,pso,train
1FYNdLb62ls,pso,train
cHh0PByo3xU,pso,train
fKdQpG_i3rM,pso,train
URt4ssfIXRc,pso,train
IbwAoduTIHM,pso,train
S51MACwCYig,pso,train
ChsvhjeeKRk,pso,train
opa0E9j0Kro,pso,train
SCZR_71CiPI,pso,val
TWkEEyfdCyk,pso,train
L_wIlLZaWOg,pso,train
w8Na4j0rLLM,pso,train
7McbjOqcuag,pso,train
DXzAXZytS2Y,pso,val
vDxf54OrQDQ,pso,train
iXD9TYaw3T4,pso,train
rcXWBGx7psM,pso,train
NRIQu-FaxNg,pso,train
VcsdBUOgZY8,pso,train
x_WmWuvMoLg,pso,train
Juevh85UjDA,pso,train
fh6Ucpx0Cv4,pso,val
j8_8xabSrHU,pso,train
S5QqV-fQRD8,pso,train
8bOvv-3tWWc,pso,train
s_H422S2pNY,pso,train
AppJRp72_j8,pso,train
8mJ3f9FFbdI,pso,val
iXVKBAkPOT0,pso,train
x1a0EfSjwuA,pso,train
pB42qA0SuxI,pso,train
V16Gm4LwuCw,pso,train
vRoOrO-zBDE,pso,train
3MzTrFlJjMg,pso,train
N25-1mhuF9c,pso,train
RMZJAypatqE,pso,train
1EPfphA0sZE,pso,train
AhCL6Y7pq7s,pso,train
3YeD5cYtJpE,pso,train
nfwkYJcmMQA,pso,train
gTYUXF6GAsE,pso,train
--D1cnzAjyU,pso,test
tbcHPoeWUhA,pso,train
8IZrXhlTR3s,pso,train
6cdaoCkEodU,pso,train
0pKrNhLQ32Q,pso,train
dVxMR1MvEPw,pso,train
749KCeCqx40,pso,train
SnqAwhFxvug,pso,train
HSQgVBaG6nQ,pso,train
1g_-9TRenw4,pso,val
C_rur4wAA9U,pso,train
APm2KJfpmxc,pso,train
fTNzDC3zbeE,pso,train
9j1_-xYETUQ,pso,train
y43tsqgZ8PA,pso,train
pGLhEU4k8n4,pso,train
X9HcVuuuVZ4,pso,train
s08PQNfVW5U,pso,train
dKrzyI2C6jc,pso,train
Q2STZroUKx8,pso,train
eqijWNhIGP4,pso,train
tr847tz2-II,pso,train
lq4l-XmbHZg,pso,val
ly4_n6lwqXo,pso,train
HoQjH7QPrSM,pso,train
-j3xRZJfQCU,pso,train
bKQguifcbB0,pso,train
08eSEOkaU4o,pso,train
zw4yzSXCvo0,pso,train
j6QhQXK1USo,pso,train
8xzRo-HlDl0,pso,train
vRD7uA-i3ws,pso,train
omTU_UqlzEA,pso,train
XKx_uhH0Bn0,pso,train
Jxz77s_24ac,pso,train
PDmGeoZddl8,pso,train
d4g0mvAvX_k,pso,train
g4T8iK5GzOQ,pso,train
J99p8HAR4lg,pso,train
O6SBIqefDyU,pso,train
sZ5zfbwRd5s,pso,train
NMevDarpTKk,pso,train
jcHuvrOR5kY,pso,train
JXvOi78nGIY,pso,train
C0bDFcSYlz0,pso,train
fqUToiOpdEQ,pso,train
qO4PtP7M5kw,pso,train
JI3MfFfH48o,pso,train
AC7et4ZIgk8,pso,train
_sI8oQOjdSA,pso,train
RmhWBtt7qmE,pso,train
dsaKyHzNxvg,pso,train
0YHoG2rdi5o,pso,train
npgedzVxNbE,pso,train
8N1BTuwL5Qg,pso,train
t4LDF92PIZE,pso,train
6wne-YpFSV0,pso,train
l3orgQqYwZs,pso,val
T3TXlPwd1G0,pso,train
lZO1L4NFuao,pso,train
C08RL_FDCy0,pso,train
f1EuNj6CHnA,pso,train
nGRcv3nv_xM,pso,train
fD1rjuEC09U,pso,train
js8iVlSBRM8,pso,train
O-IKuLGfyXs,pso,train
nGwoZ_l20Lk,pso,train
A_JUDl76eFA,pso,train
k0xux-sKV3Q,pso,train
GkyZls5-MbE,pso,train
E8X4-bgPMbs,pso,train
8laFfpUG0b4,pso,train
OUyJyIfwojE,pso,train
6o24TuGks8U,pso,train
zCA-J_TEnGQ,pso,train
sccmejI4Vbo,pso,train
F1fIi993QOQ,pso,test
8UFgtkvzAfU,pso,train
UP5GE5oGdZg,pso,train
2PJ2WHR1VRQ,pso,train
7YXjjPrNE6o,pso,train
SfDNsPANAVU,pso,train
LdQRsrjI8lk,pso,train
5fXRT_DbJmM,pso,train
cFPrC34okmc,pso,train
OhidPiYKLCg,pso,train
HyHdr1X18BU,pso,train
pT_ExwcZbU0,pso,val
9lR38167n3A,pso,train
DV600lVxg7o,pso,train
p28PIyl6EWA,pso,train
n0ch978RkDE,pso,train
z-20j3viAW4,pso,train
xbT2VNICp9c,pso,test
tllX19KzLdM,pso,val
TckaXR7Dtc4,pso,train
oIT6oGOpY0U,pso,train
mHEN9ilWoUU,pso,train
_p3GqeI8o9E,pso,train
ZukpCm_0AYo,pso,train
80wvaRIG3lg,pso,train
AoUX4lIXE8s,pso,train
er35SfnxLHk,pso,train
KXx5wK_Q6pQ,pso,val
Z0p2yiGDQZc,pso,train
6j-qzGn2SRk,pso,train
AozkGPJNRwk,pso,train
SBuex_5ox0k,pso,train
Y2eK7AF1Yv8,pso,train
HjLjH6ZcZFE,pso,train
yJvRykiRAmA,pso,train
KIu9bWek4E4,pso,val
VNmNR9XPeh4,pso,val
ZqYKALg8dWM,pso,train
LFhV3xatutU,pso,train
NI0ZysFEcps,pso,train
SvO0v4J4h5w,pso,train
H0Ifr5ClFck,pso,train
IZZxj9rVMgo,pso,train
MR9_pWFTQZ8,pso,train
ljvZa5diRbA,pso,train
v9PQayXPPYA,pso,train
2Kxc7nEfkdA,pso,train
3vd74GIkObk,pso,train
yRuiHiir_BE,pso,train
6VCD5ywJea8,pso,train
goccWeWasXg,pso,test
XssE4iExmrA,pso,train
A0vZMK-jn5M,pso,train
DaKvjqMaZZA,pso,train
-39jrd1yD3A,pso,train
6PkQvA689P8,pso,train
aKE0PAd1vNc,pso,train
ZFR4fC2Ejpg,pso,val
c8XM2BAAQ18,pso,train
opJ6EZzldNE,pso,train
087nXi8ndpc,pso,train
s-HKomdP45c,pso,train
N0Cdkv98yok,pso,train
d6pKeUVOK8g,pso,train
_kF76975wk0,pso,train
7EzSn3SH2sM,pso,train
dgDSnodYTTI,pso,train
jKILBWBvQ7o,pso,train
qu-XZ_xkzMI,pso,train
eyZf8xLoQ4s,pso,train
nfQDWyR6qW0,pso,train
TNOmhlKMHGI,pso,train
bUffeaA5K6s,pso,train
loHzilmnSkY,pso,train
3whgNNHAIDY,pso,train
3E0PyLvUADc,pso,val
HyTvTp2_D0g,pso,val
Y16IrrA_S_0,pso,train
j1MrDkZnLy4,pso,train
TGwRUsY3ncw,pso,train
pmsYdKytL-8,pso,train
eXn7WzQ9Dl0,pso,train
HlO7ZfxW4wc,pso,train
6xoDU5z1d9A,pso,train
6BISblrw1b8,pso,train
JSkgzibfLFU,pso,train
1c5zXMchUl0,pso,train
uEc9mF7GREc,pso,train
DFpXT7Ss3-o,pso,test
x6Zm1ct6eVQ,pso,train
3XeiHEEO5Hc,pso,train
YGrpSrb6PGs,pso,train
zqQFIsx0kwA,pso,train
bL52Y4EQxCY,pso,train
RURrRq5sAR8,pso,train
CA5vrfgFp_k,pso,train
RYdsdWoxdB8,pso,train
F0ZMKaoIvCE,pso,test
6YLyR9hRM_g,pso,train
RcFCI-D42zQ,pso,train
Uixxoi_rL_Q,pso,train
VXzWaGqlpqw,pso,train
yB65f3X7zLY,pso,train
HTgLeaHT34M,pso,train
DbFVDJPw9oM,pso,train
pSqu4LG4meQ,pso,train
1VEaO9JbZnQ,pso,train
vpVEP4TDiN4,pso,val
cR6Qjg3H-l0,pso,train
Z_n9LdtWj7s,pso,val
5K6NzOBuics,pso,train
CnEtRGqo_eY,pso,train
7BAMmmfWUto,pso,train
vKVDKmpLsXY,pso,train
LCyOEmUs7vc,pso,train
PfBtWP0z7J8,pso,train
fHcVO8Vwx8g,pso,train
r9YPTYur1J8,pso,train
70gzQ7bNAFA,pso,train
aBw9x87aTMM,pso,train
6z__-MDrKs4,pso,train
UOl8LorRn3o,pso,train
RhnWFGRX75A,pso,train
vwKKcWRYXdc,pso,train
_Zp29Cc7iAU,pso,train
rqO6rSXbZys,pso,train
1vmh-inJjQA,pso,test
zTrF7cavt7g,pso,train
MnEQDWNAsLM,pso,train
DGOR9TPiQmU,pso,train
Yn5SXfIzVvY,pso,train
1EOTX9p03AY,pso,train
H0VmGng5d-A,pso,train
pSxQn--gx3A,pso,train
M4eS-U_Yz-M,pso,train
ROgbSZb6Up8,pso,train
cDG997Zzg5Q,pso,val
h_fy59VWJY8,pso,train
llbkxEsfs_o,pso,train
4SzFqMg5o5A,pso,train
PxnzSHiQszY,pso,train
SSQt6m8p350,pso,train
gW23pRDGyJE,pso,train
IsBL5atqdFQ,pso,train
0wg_P8m9Bqk,pso,train
plRd5H0De3s,pso,train
Dpn-XSHH2WM,pso,train
vURLO05D4ig,pso,train
QNNsTTYo3Ck,pso,train
5Cwmicf7MR8,pso,train
rFL8Yf0MQxc,pso,train
i3FZAkXAz_A,pso,train
fGy71l6L9to,pso,train
y2ogXHUmFf0,pso,train
-TdUM6Ktxkc,pso,train
wWu86pXrd5U,pso,train
YQH8AE4c_8E,pso,train
A-Q_8pAUtkM,pso,train
wt7BfT7-q8o,pso,train
tRc5IUSE32c,pso,train
E_9y9Y7JJqA,pso,train
bbA-6o66a0E,pso,train
2kxstyrbXe0,pso,train
q1jwJEcLmF8,pso,train
1D4htLiRPs4,pso,train
Olob16dzqk8,pso,train
FXIGKu7oyuQ,pso,train
2c59Ghr1utY,pso,train
flZniK9cw2I,pso,train
ho9dhYpt8RM,pso,train
4is5g2DihRU,pso,train
NXp1moFM__c,pso,train
aKtuF_D9Ikw,pso,test
ttmjAnu3Xh4,pso,val
EdYY4VSNEYI,pso,train
gNVVFdSfPjI,pso,train
TFpBFLmUcvM,pso,train
RSJdBZatXyA,pso,train
8kpBa5rDrPU,pso,test
ZgZ2gUFWsFs,pso,train
hh8WfRLtUFY,pso,train
ASTXNjc3Ya4,pso,train
D_8B5GgRedg,pso,train
-EcOOoYjPDU,pso,train
pF15QBbP7i0,pso,train
jzgomK4QoT0,pso,val
8judGATOnm8,pso,train
vdhFRQoKS6k,pso,train
5WashdXjEtg,pso,train
M-LbV4guebk,pso,train
3NVMvgluwFU,pso,train
J4DGDNEG81M,pso,train
EgRqc8bsj18,pso,train
Vbbi7sVXzL0,pso,train
Z8kwWGEPGXI,pso,train
suToFRhsmfM,pso,train
nWQ2tu_4WbI,pso,train
RjCAST6aI_U,pso,train
dS4PQ7FHXBc,pso,train
pmFq6_5m8vA,pso,train
0M15wOZw04o,pso,train
B7FhGxWolMI,pso,train
1IRflo5VOoA,pso,train
6p7z6qJFErY,pso,train
0DVA6zA4ItA,pso,train
MBA2INg3Vjs,pso,train
Ap3D-KYe3D8,pso,train
sOCIzcm3zqs,pso,val
xnJTEZnHi9A,pso,test
JilEq2LWbL4,pso,train
NvQMADu1lW0,pso,train
F2jXCx7YsQ0,pso,test
5houk0VPv2w,pso,train
-aJNDuIpH-Y,pso,train
yhFuNvovyuQ,pso,train
Z_84WuEzUZw,pso,train
B_nYTnyOmyc,pso,test
blGyOHm0Vyo,pso,train
GaK4z95LWEY,pso,train
4pyPsbSp444,pso,train
Gca6ETPNS90,pso,train
tm-STMGHZgU,pso,train
OlAFoErBvYI,pso,train
_DUN0ZdKEro,pso,train
w7rXPqBctC4,pso,test
WMLIuWv4rLQ,pso,train
Vtxy4-Yq8bQ,pso,train
RJxxF3bjbNo,pso,train
4oPL77fkkN0,pso,train
LTofe41g69o,pso,train
ganAGmrLUlY,pso,train
0aB3pBv1SRI,pso,train
QT1ramGblZ4,pso,train
vH86bR5SLwM,pso,test
R_5ZAuElsYo,pso,train
J555B64xoRw,pso,train
S14Gd2riBZU,pso,train
ChyBBSkw9Z8,pso,train
Cjm5ALyIOI4,pso,val
k3tbTwdWzXU,pso,test
6YPArCB16P8,pso,train
sEzOtEQZHNI,pso,train
QZJ07xookpw,pso,train
GRD22BTko-M,pso,train
5z_rmf1UtKk,pso,train
EEJhFHQ7RnA,pso,train
efh5sfP9ZWQ,pso,train
tYNqV2wU4zU,pso,train
0WSWWTSyGqQ,pso,test
V9l67n1oRcc,pso,train
ZbTpx9gveXE,pso,train
n33HKB5xZsI,pso,train
sTAmoIH8jGI,pso,train
F2X_jH7zeZ4,pso,train
1pP5wq73O0w,pso,train
2i0idpkUJxc,pso,train
E3p70QTSqnM,pso,train
UO5YicYRMDY,pso,train
fDiIFiRZnzk,pso,train
XbyWkvY6U4U,pso,train
Iit17q1bFr4,pso,train
uiCcy6VCONU,pso,train
7WQL-rc6aBg,pso,train
8SMtZrN-gX8,pso,train
fxPjC72YOCo,pso,train
LhiGr46ktgA,pso,train
UwsewTOhuhg,pso,train
3jwaCfJPlfg,pso,train
D1v5KvB-nZQ,pso,train
XlfQcPKB250,pso,train
SQGsVfMi2Ds,pso,train
2U5iL9dPRkk,pso,train
jFXuyOoVOGo,pso,val
8teenFuoPA8,pso,train
YnWxCmnpp5Q,pso,train
J_N2wOvzRGo,pso,train
KvCAmfThY9U,pso,train
z_XKrh9r07Y,pso,train
PVnrwmFPiO4,pso,train
XT5jFPhXJI0,pso,train
v4w_uwiu0J8,pso,train
JggD2k7yGX8,pso,train
RXiW8bxHttk,pso,train
ivCKxmHZrSs,pso,train
QEfyP3ZYla0,pso,train
wUKNyNey2CM,pso,train
DIhD5vKgA8Q,pso,train
Yd9sxWaY--U,pso,train
9J5HwWHqT0g,pso,train
lt-lMj6T9lk,pso,train
oAfQnBU6czY,pso,train
xwvd_TzfM2E,pso,train
kL7ZTofvVA4,pso,train
EMV8TtOk0AE,pso,train
SY-Y2w0FZyQ,pso,test
gddJDTF-sjs,pso,train
1UL7QFtZlW0,pso,train
GSdg80mzdFc,pso,train
CXfclF2Xa54,pso,train
yg7VXm2LPkk,pso,train
onyaItpcl9I,pso,train
SWwTsF2f2JE,pso,train
iXqIhZE0tvY,pso,train
FwI907jN3JQ,pso,train
O31ELC2orMo,pso,train
3HdWDbapx7Y,pso,train
MVl5Xz84R2Y,pso,train
_92jKTdHoBU,pso,train
fk7pinatBPw,pso,train
GxFlOE1RNnY,pso,train
v5V5kZI5M7s,pso,train
SNno0aZ-KnY,pso,train
BSwQzF1vLsk,pso,train
G7sZnJ4MAPI,pso,train
vFAK9MD7EDo,pso,train
fu652s1EI9Q,pso,train
jxGHcYwnvIY,pso,train
JzJJaJ7HRHU,pso,train
qRgT23LoO60,pso,train
NewdqXMu72U,pso,train
TZba7ACFdp4,pso,test
Kj220FxEO00,pso,train
T-ejeI7Jb8Y,pso,train
Vk8FVtr-QfA,pso,train
mGJcYov6K6w,pso,train
B8DsRrAdlIc,pso,train
15ctJk_hrI4,pso,train
osJnpdLD_2U,pso,train
ugcwomYF01M,pso,train
TxUzbG8WbM0,pso,train
rARP_6K0bY8,pso,train
Tkpcz6NDu64,pso,train
BzU5wh0OjCc,pso,train
l13u_D76k-Q,pso,train
6SBPnqRgEAA,pso,train
anNoiTaGQ7E,pso,train
mSqfSVLdmW8,pso,train
Y4_eCD1nXlQ,pso,train
yLNDC9puJDY,pso,test
H_DcG5pz284,pso,train
3eObKcXsK4w,pso,train
jmpmlX3hVRc,pso,train
a_YlDRjm3D8,pso,train
EjcEIdHPsxg,pso,train
boTOCAsQqIc,pso,train
N_fTc1WA9FA,pso,train
wrEYiD9Cbbs,pso,train
bzkr4EybPH0,pso,train
a48n7OaC1uM,pso,train
AWWukMibAfM,pso,train
coSEl_R9nXQ,pso,train
yoAZ4HIUe5M,pso,val
AyHZvV5lD14,pso,train
TjUa4qVMSbM,pso,train
sdhDrnG37Bw,pso,train
ocTT09bHDP4,pso,train
eoo6Hs434Ms,pso,train
OdRbcX5wHGU,pso,train
hXDOPHp9xcs,pso,train
4y7wyPIQPSM,pso,train
b1lIddLgkX0,pso,train
3aiqc6CT_2U,pso,train
mzCIiJO_ago,pso,val
hfKBx0nWoyI,pso,train
9ud_ip_BN2w,pso,train
T6bHbwVJe4w,pso,train
IOuNT3u79Iw,pso,train
rfEh2IhnFNQ,pso,train
leCTlKfz1Qc,pso,train
CN4WlyZPrIw,pso,train
ojiRHGGGloQ,pso,train
t7X7okNJ2vY,pso,train
CtmQ3tTE0Q4,pso,train
XEA0H8jFyS4,pso,train
8-oU89NFwuc,pso,train
HerIXNx7nfM,pso,test
PPlzWjkvz1k,pso,train
NoxIwSNbtbY,pso,train
5D1Mmcb41s4,pso,train
XqYSYJeulgY,pso,train
VpzLBVBb8Rs,pso,train
wwLM37ZRgGA,pso,train
lQMwFOY8uGQ,pso,train
DMxYYDiwY0A,pso,train
q4jUxVTTJY8,pso,test
bdOm6zeCeQk,pso,train
t7pxHxvIKxY,pso,val
VriHartJe_M,pso,test
Hkp_Y9sdfQ4,pso,train
KXl0Rdh9wJQ,pso,train
8IASbbKsd2w,pso,train
tqHs06fLNTQ,pso,train
GmBWi2Qhp24,pso,train
cE0ZTBnjohw,pso,train
joDmYNoGJ2Y,pso,train
c4H4JUCcpRQ,pso,train
88dY_l6y6Zk,pso,train
PxmRuwAMdrs,pso,train
y1pFTtzS2ME,pso,train
M7nAJKeFcFo,pso,test
rGEI34y1Zs4,pso,train
VhuUl_66T4Q,pso,train
7xW9LK21axE,pso,train
Y2LBCUS1Zcg,pso,train
NWSSXkOFRbA,pso,train
MNvqDCQOsog,pso,train
nG2K6jyFJzg,pso,train
ZkSR8NxM7HY,pso,val
J_cSaCI93cQ,pso,train
JkuMD6-Ulcg,pso,train
wSWYrZc_ugI,pso,train
bqlnU46t_50,pso,train
cDpS6QLiz0Q,pso,train
qXX8u7XXEZ0,pso,train
EcAwjvQ5w3Y,pso,test
SNKdWhwQG0k,pso,train
Rn9EdtntzDg,pso,train
gS7WJaODwe4,pso,train
oDL3wSBLYVg,pso,train
V2VGr8j83zQ,pso,train
oUbI5iUNqiA,pso,train
7gvzlA1bYJ8,pso,train
422NGGMSaGk,pso,train
Y4WxuPLxPcI,pso,train
31YIQTRMwP4,pso,train
8Nyj_iWKx7Q,pso,train
2OMcmqsFrlE,pso,train
0vGdy4RdoPQ,pso,train
wEXPwtTOA0k,pso,train
ayr0DOQEZq0,pso,train
vvPoodg5ymk,pso,train
Qj4_rrSmgKk,pso,train
Manl-5nHH-I,pso,val
I-JMuBgDzIo,pso,train
Ya-cnirTUyc,pso,train
R2iXcVszR5E,pso,train
-RexFh2qufQ,pso,train
5Mxof-_2uEs,pso,train
lrcuzRywKMI,pso,train
_g8XJxPeNsU,pso,train
7Mi7A17DsMI,pso,train
GPGHUW8qSBQ,pso,train
2iZLY-dCmy0,pso,train
nKrLq9O-tr0,pso,train
xrzgTQ-DGgA,pso,train
RodZvmkbdN4,pso,train
8FbtM0aGetM,pso,train
WByoHc4oWKE,pso,train
psa4n-ZZAJY,pso,train
8AYhcTpw_Wo,pso,train
jyz573KG1q8,pso,train
IsmCoz7FVzc,pso,train
9bJskvzbG5s,pso,test
Zt2Fmqb3wVQ,pso,train
pP7641YAhxw,pso,train
8IGQsIpOkzM,pso,test
mYHPNJuitmY,pso,train
BMrnAHEwdyY,pso,train
ENgnSTn_LHA,pso,train
QmfWB09Ttk0,pso,train
ikvPDfmY2dk,pso,train
oFdjYgMxbbI,pso,train
D3nQnEkEpWA,pso,test
yvXrKoIEJck,pso,train
xpmQesn68HE,pso,train
Bgsh1CpP-mg,pso,train
pJsGxUz_7hg,pso,train
mk54JqvXDfs,pso,train
Wf5ZhGpVNU4,pso,train
dvRv1IR5-GQ,pso,train
_VrOVZoTXKQ,pso,train
Sgo12ssPjzM,pso,train
QS8tQBwwvEg,pso,train
x0ydqn-rvZE,pso,train
tNf9b4F4YPM,pso,train
CWxjsVZrTdo,pso,train
w4EAUfxOm8Q,pso,train
JXROzsnWJqY,pso,train
qh_5VAj2uIc,pso,train
VkSyRAnfoDo,pso,train
1AXUgk0yLI8,pso,train
rHpMxSGqEM4,pso,train
gyWohK4oK6Y,pso,train
r6zypaspDKE,pso,train
EaF4eg1Q6Y4,pso,train
BKK9GTves3o,pso,train
WPd1Z2Yr0nk,pso,val
H_nwbJVxJmM,pso,train
2viOZlYl524,pso,train
ENzXvesRrAU,pso,train
GwvDXHTgxIE,pso,train
mHu36GD7gVo,pso,train
_YazaeNzF3k,pso,train
SrnO56yYVQs,pso,train
yLBcuzKz8sI,pso,train
BXXyxeQ9wfU,pso,train
rgJhgVKTqGA,pso,train
c8-CfUVHwX8,pso,train
5CHcF8kLLuw,pso,val
CEdSQKTUOUE,pso,train
tRluyD_xDl0,pso,train
4u-As3aniMk,pso,train
cyarTNly_HM,pso,train
DX2lGxHSKjk,pso,train
M0G-WHbs3Fs,pso,train
Sj22wb2OHbA,pso,train
bO77_eKoDcs,pso,train
8P6roecz9Uw,pso,train
bpoIdmJOijk,pso,train
DeboItDwIYw,pso,train
94fGHvJBctw,pso,train
8VR3BUG0qkk,pso,train
1UnaDhnXgks,pso,val
CAMk4cwEGYE,pso,train
oBGsTiXErHo,pso,train
zkqU1ScfdH0,pso,train
fDCi_95CqJE,pso,train
NaQBuvWMdt4,pso,train
ZAgWKiWO3Pk,pso,val
TF-ZPLEbtlU,pso,train
kQ7u8a1zZWA,pso,train
0OoCWwDKY6s,pso,train
Y9QKTERSyDw,pso,train
MfGiUUi9G98,pso,train
WzPpjnZtaag,pso,test
6SqZJ3D7pGI,pso,train
wPHMJ5-w9qw,pso,train
Iprn5Jzp__4,pso,train
z7w7mL4DM5U,pso,train
q1fPRJ4DLm0,pso,train
RW81NqxuHgA,pso,train
MSDOQn0CGfI,pso,train
Qacv-lDcano,pso,train
2TgBoGnWtn0,pso,train
u0j8m_YsfoA,pso,train
TIEMjxcQOzs,pso,train
o-dcpd2Rzl8,pso,train
0wwPwH3cFTk,pso,train
R9ScfEHrAns,pso,train
k9gE5W4oa9M,pso,train
LULAzT0vPi4,pso,train
seKizwQ7yTE,pso,train
RgbEyErPFWQ,pso,train
uPMwMg4PSEo,pso,train
qxdMfOKU4iI,pso,train
7BlxtAzr2KA,pso,train
Vxnb89_Mq68,pso,val
5-JerXUDU58,pso,train
5BULw5W95NM,pso,train
dsHY1mvDnoY,pso,train
lGVJbsLf9RQ,pso,train
vdJALePE4q0,pso,test
1je3qlCnJlw,pso,train
KKAG2sMddZ8,pso,train
e9kHt4mwzCE,pso,train
HLdGXsdwhfQ,pso,train
LcdbgKF0xnU,pso,train
ZBUYZ_eGp8E,pso,train
f4OOFWK710g,pso,train
qiJTlB1RcjU,pso,train
wZLCFskz_PI,pso,test
IA4X-dTYPlc,pso,train
JoRvj-4166I,pso,train
ijSIHpGfdWQ,pso,train
iiPEze-W9PU,pso,train
lq3Q_721u5o,pso,test
sHB48CAMqig,pso,train
byTHwnskqZw,pso,train
QcLcnyGxtj4,pso,train
kxK3vl-QuZA,pso,train
iK-CciqHq14,pso,train
GYYPRy3Pwzw,pso,train
6EmZ5BODUps,pso,train
6HsSmkw0XQE,pso,train
rs_acJzGrVs,pso,test
FNulk4124RU,pso,train
26uwfW-Oumo,pso,val
rw0b1ny2U8Q,pso,train
ZPtyu_8syyM,pso,train
uwkHfuEQYJ0,pso,train
iytJv1aHRpA,pso,train
TAuGIjnjacA,pso,train
guECvkgvuWI,pso,train
Y3TKq-87zL8,pso,train
wEKdX590NpI,pso,test
06h2PWo5lfc,pso,train
o0eIYR5Jb84,pso,train
fw-XZPmai9g,pso,train
zlw8rpg5gKs,pso,train
BMArXzNvTNc,pso,train
Tlh_rtpC8Mk,pso,train
Kgny63Cn0Kg,pso,train
EpCycR4Pb3Y,pso,train
sCzHj1Ovw98,pso,train
ihQToKrPb6c,pso,train
Bf4DY2onKh8,pso,train
lKQbiCUdwg0,pso,train
lPtsfvShVoA,pso,test
E2ZwcGaXhiE,pso,test
MrMtyYnldSs,pso,train
ODwa-16bao4,pso,val
4UM6Ee9hZXk,pso,val
nvzwOB5qh-c,pso,train
8lb7KapqhSs,pso,train
0DL8KylP5TQ,pso,train
K0kCz27p3Ag,pso,val
LA0rRzQ0Cak,pso,train
FWqFFiPu_lM,pso,val
Or4fMbyDHRw,pso,train
CVkXeLHFRlg,pso,val
INC5X9nOTik,pso,train
CTS0injgwGA,pso,train
n89ZsVFlmFo,pso,val
XLqQPNCuBj8,pso,train
c77X4qbNC8c,pso,train
83oNhS_bARA,pso,train
_R2oBWBkxnA,pso,train
718pj-Xyy38,pso,train
ZISbseRhOyY,pso,train
8IF65-NLr_A,pso,train
niae34pzerk,pso,train
JgcN3at-jeY,pso,train
BoFoTp-RIxE,pso,test
Pi-PohMOl4E,pso,train
NaZoz9m8mbY,pso,train
2mg9qMP9FiA,pso,train
jUWf2nX7ue4,pso,train
XWDssHKBLFQ,pso,train
CR9OZ4HhHIA,pso,train
OzHlgU6HCuU,pso,train
2a47HBef2p0,pso,train
NKOChOFnO_0,pso,train
xPj48txxiGo,pso,train
WOU2ehxGu-E,pso,test
GqvGJch61mI,pso,train
_i6cvfT00CY,pso,train
N02GukTa5hs,pso,train
_v3IKGeSWJE,pso,train
II4e9BF0a_0,pso,train
uT-T5d9ETYk,pso,train
lplJ_-CxdJo,pso,train
p29_vKLxEc4,pso,train
ya3QRPsIcB8,pso,train
sBNavxmINdU,pso,train
_-iaoWgB-Jc,pso,train
vl2yKffCdVY,pso,train
6jw-Ni7BVXY,pso,train
Nl52Kiu2DI8,pso,train
TYGwpBAQxv8,pso,train
VG7F9FdGBGM,pso,train
kgkAbo2XJME,pso,train
yy732y6Vz-Y,pso,train
f4GwzaA8smE,pso,train
TkW7hEqJW2o,pso,train
gFSylrI7WtM,pso,train
1lPSUNE3bx8,pso,train
eKMIzJgB1kk,pso,train
NHmoU_g7VWg,pso,train
Y1CuvlO2_oE,pso,train
h3cWEXvsc8M,pso,train
Ckiu9gkdZ1g,pso,train
dEo6q7T7NI8,pso,train
BCy9gmlxc7w,pso,train
EBw6ibPGdKc,pso,train
6vZ2fpMHrQs,pso,val
QR7VLnEpqr4,pso,train
y0ro1A3D6sQ,pso,train
uzf78yK4MiQ,pso,train
XmnnM946tNc,pso,train
9SmpWYNFQGI,pso,train
mnF2vmkSwbw,pso,test
mWG9tBGJiMw,pso,train
6nE5RRkRL-M,pso,train
MKdHzRYk3jk,pso,train
J4X5NWdcwfg,pso,train
FCOrX5r-Yik,pso,train
7YqeK_6Il4M,pso,train
drDStXH4els,pso,train
udBGYNmfgZY,pso,train
0aZbGq26naY,pso,train
qfhm_LiUjaY,pso,train
-8Jd6iHoojA,pso,train
cW5_zUFvE6w,pso,train
IYWcc1W5q5k,pso,train
6gTxtEMJtdo,pso,train
T2S_T9tpfRA,pso,train
piTizRPTF6s,pso,train
IWYAle4Q6CQ,pso,train
hXtkjStIr0M,pso,train
gjTTkSxMjpY,pso,train
MmVbnFFCsZ4,pso,train
zJbmeZ9vjUM,pso,train
uzzhl9MrB0g,pso,test
gGEToj78H0k,pso,train
nsf-ZW3CxPM,pso,train
HOnlftjF2EA,pso,train
v5PR_i5dH0A,pso,train
eb5R0Umkci8,pso,train
rmJag-5aEb0,pso,train
YyID454TofI,pso,train
DDk9qrkvHlA,pso,train
SoWDomhRNp4,pso,train
JspujVdDLVQ,pso,train
i2wCFO46pWs,pso,test
uX10Tg4J6UQ,pso,train
yP4MyFq6qH0,pso,train
Civ42QzG7oA,pso,train
z2RNIqbJ8Fk,pso,train
lGmvdfF0T0E,pso,train
04VPsJyKTDM,pso,train
zk_Ae34GMSY,pso,train
HgPe4ywp2hQ,pso,train
Y6Zcoi3BC2w,pso,train
XTnoYfV99l8,pso,train
Q8oQOvuHWmw,pso,train
LiwAo8Nm63U,pso,train
VzM-_q0ggvI,pso,train
C8rK27Q0xC4,pso,train
CwqBLHlbla8,pso,train
yXxdReQpPic,pso,train
uZauaZ6uSds,pso,train
qPumCGzFSdc,pso,train
PkucpHwpZsY,pso,train
tvJZ_ElSAoc,pso,train
pVFq3ZNFdYw,pso,train
otwjKPcF9Lw,pso,train
NoLIjDaFM5k,pso,train
d3fpWjx1ink,pso,train
NxvGFLdOxiE,pso,train
XV3IG_ZPv08,pso,train
O8eHdq15vHk,pso,train
8Ejj_GD3f6A,pso,train
gh3hOAO9W98,pso,train
gzYho8cvDKE,pso,train
Jjdt8XcmID8,pso,train
2ztjOPtJaQI,pso,train
zI8Zspu19VE,pso,train
Se_iieVYPA0,pso,train
tt3LCyh6aUU,pso,train
Ou4gOpwyFig,pso,train
1A0EjFCL4yo,pso,train
aqhmdZ50X4s,pso,train
dTDELGIwh98,pso,train
k0oUS13yi64,pso,train
bF1bKa2VVDc,pso,train
QXCHQXxkGi8,pso,train
gZDQX_PLt3E,pso,train
tkBQSYp4a-g,pso,train
UowL-QUTOW0,pso,train
BSj1PAhpqA4,pso,train
Prlh9Cz1J7Y,pso,train
CU49rmrFUK8,pso,train
Xmu2CSLaSi4,pso,train
w9dtaJObsbM,pso,val
YSTb_fOp2BU,pso,train
v-U57Y1UjsY,pso,train
1STp60Ro7cE,pso,train
YzRpD6pdxnc,pso,train
scsMUxAxqZo,pso,train
b0sjZToY648,pso,train
UWY7KtzUM1w,pso,train
uWgSyf-MqpI,pso,train
h1Hx-Zoufwk,pso,train
Vy23ZfPjM-w,pso,train
rjQyxlmNEeQ,pso,train
AEOx5wLs1-w,pso,train
wwK98hXvMLQ,pso,train
fQ_-nudlMUk,pso,train
IdRk0AhBEBI,pso,val
kER9EEvt0zM,pso,train
RS4Ih68blEU,pso,train
4NwgPw8X7DQ,pso,train
ouTfkKkIx28,pso,train
3cPWFfK-UUM,pso,train
t6un54eYFBg,pso,train
_K2WFt3E8QY,pso,test
x9qhQR16GwU,pso,train
iRN7wVWh5aY,pso,train
uo361d6EiSs,pso,test
nlUJZ4ybKYE,pso,train
FCSkeVGU6BI,pso,train
jFPmKHMT6Xc,pso,train
S5g5gWxO73Q,pso,train
G4LB3iP62PY,pso,train
xECypRboU-U,pso,train
UZdWMETGsPo,pso,train
3vaCotqNuqc,pso,train
TTXu85Hu71E,pso,val
veecBpXRvqM,pso,test
AwyLjr9dT1E,pso,train
K6K2vv5DFko,pso,train
l_hGKekDcgw,pso,test
-_lzGXAH3sc,pso,train
ZxIJBtucuvA,pso,train
998IOCgBaZU,pso,train
8I0_wmAZFlg,pso,train
HQNPOAy2V04,pso,train
bXq9w5A_064,pso,train
8o-qCV1RUGk,pso,train
dq1lYv_mRXI,pso,val
wBhd_8osd14,pso,test
oFEHyHWx-5I,pso,val
obTL8fp7CHE,pso,train
Jz1euh6mdFU,pso,train
vacWji7Aofc,pso,test
7zqbslg9vTc,pso,train
pTJwNfyp9MQ,pso,train
U7Qr_cwQIwo,pso,train
OR-27AQiI4U,pso,train
tdOI4p52N0U,pso,train
i80COPpSx3A,pso,val
hgCjmsQNnTk,pso,train
RWMODj8I_EY,pso,train
Wc_j8gldfmw,pso,train
k3QzSvyh0lg,pso,train
uBhg0Av4QO8,pso,train
fEDXKHxOf18,pso,val
kWAY8oEIWRM,pso,train
t3R7nmMCrds,pso,train
-AH5VdSUv4Q,pso,train
_JKFtZ1nUSc,pso,train
V_7RPnaPxg8,pso,train
w9pows8JnZk,pso,train
W_ZqMy29Xtw,pso,test
4KlxIfaV1Lw,pso,train
kw-hmKNvZ5g,pso,train
Iwmi0PbB-OI,pso,train
r144KlJ_GG0,pso,train
adrRi6bD-Ck,pso,train
b-LB4CbR3-I,pso,train
NrRI_QQ7Lko,pso,train
uK_jsKEnBaQ,pso,test
ZZWvFnq0j68,pso,train
Ifa1_vuLQms,pso,train
NAvfJVf0PTs,pso,train
DdWAboxlxqY,pso,train
g3Rs0wwawJ4,pso,train
XuhQGvUZT_4,pso,train
gHYGDfhhg4M,pso,train
XIH2QrPnBV0,pso,train
92TblS65cJ4,pso,train
Q5qU7H_aYo8,pso,train
gupqt5KinTI,pso,train
0OXk-K8dyAY,pso,train
0FqmsC-N7_s,pso,train
595PgaSeRYM,pso,train
w7mrCFv9DmM,pso,train
BAhSp1Mo090,pso,train
buCEQb--wxY,pso,train
xA6lZGJzwBM,pso,train
6TZWUBdgkqM,pso,train
GT_GreF24ds,pso,train
z9ZX-b9nKjc,pso,train
AcfcvJBQX2I,pso,train
xaXKWJ8JGgg,pso,train
N6eGDH7mu9Y,pso,train
GVkT_TRiitY,pso,train
HYBWNTuqxUY,pso,val
sl_gIe6uGrM,pso,train
Ky-bO5A59bk,pso,train
yp4SIdq1GGU,pso,train
HmQbBBX-GwA,pso,train
LzIZkJt7vH8,pso,train
zVUs8UO2JBA,pso,train
8_5_V5byqJc,pso,train
dggN0d21Rto,pso,train
CqxMTCtW9QU,pso,train
3Nc7hwDhqJc,pso,train
BvAUuRx5esk,pso,train
W4T6ljY5Ndg,pso,train
BQJWymvZpdQ,pso,train
-FV2e_JWAj0,pso,train
d9JMm-rAJDU,pso,train
m_mGt6C7H_8,pso,train
khB6LARKNG4,pso,train
wSLf89EL41I,pso,train
32hahNEleiQ,pso,val
Gg5BJZxI-ow,pso,train
iypsdy6fDlI,pso,train
kElu-nIdl4Y,pso,train
7Jpm-ZzGhbg,pso,train
0e7hbhNy_GQ,pso,train
CURAt2osBqM,pso,train
lLlhyCbLwUM,pso,train
x9A6O32kMYY,pso,train
4dD2-4Dwjw4,pso,train
4M9_ZE85NRg,pso,train
BL_bxqJmsSg,pso,train
EjPjMbSljhM,pso,train
5IxfnvMSwXo,pso,val
Ari_r4n7BIM,pso,train
RbN_SdsJEhg,pso,val
wLaopJFKwPo,pso,train
Bh5EWTS4oKw,pso,train
ehuxV4gfSUk,pso,train
FnYLu57JPkY,pso,train
-nVdPvlsof0,pso,train
qxZbVEZiiPw,pso,train
2ANjnG7BTD4,pso,train
TxRahIYGKEA,pso,train
JqaMWSabfqM,pso,train
LsQnlemueX8,pso,test
bIcWTb1yhwM,pso,train
PkgGR5WUF9E,pso,train
4HHUmo7Uy7g,pso,train
CzqPIZ3Xdw0,pso,train
j1nXyv177Jo,pso,train
UOJtaOI8tXk,pso,train
JBCH4FONlEI,pso,train
-4o2WfK7s98,pso,train
vN302R6r-1I,pso,train
F5jJABDeqxQ,pso,val
P6wfTl2hGFs,pso,train
aRyFW81F7Fg,pso,train
RcwNGHMun-M,pso,train
notaPm4HRg0,pso,train
Top8eIb6_Eo,pso,train
YnDqyasfNpg,pso,train
_lKGET1565w,pso,test
imATRpg__CI,pso,train
7soK5SALWtk,pso,test
DQwYuBW9CFI,pso,train
t-97SmhDQJo,pso,train
p9JgKoOySFs,pso,train
eGslRctIxn0,pso,train
PTtDz7SK-Tw,pso,train
mnSW44WLl3A,pso,train
NYkiRqODUwc,pso,train
yoIwgRUDPOs,pso,train
T65fdLVD4vs,pso,val
qW0-qM-zGAc,pso,train
MFdlKNqf-Ho,pso,train
Tq6JB_B0gbg,pso,train
2w52xfFMvV4,pso,train
Ef4QZ463Xks,pso,train
XeN3cNXfNek,pso,train
P6Ct0RRwtjk,pso,train
V82Az7N-rdo,pso,train
V2-PU_ec2v8,pso,train
ozotJxra8YU,pso,test
grzFRiQsu1Y,pso,train
YGg808XPRWw,pso,train
MwfHL1pGnws,pso,train
8PgcqUYVjUQ,pso,train
7nD9VgyPG1k,pso,train
MxR7zf3ZW5Q,pso,train
A-PxeFSPDQQ,pso,train
K4jYpSfvOpI,pso,train
C96Sh_3QEzU,pso,train
Ky2zcNXrtsQ,pso,train
PRE_3UG0lX8,pso,train
nLRIUf626B4,pso,train
DIVfz_CmVA4,pso,train
77NbnbYehR8,pso,train
LmW2mXmFgEs,pso,train
roAa4sXXMZU,pso,train
LGBY0r2DRPQ,pso,train
6_KSa5oPnk4,pso,train
AyP2lEGHXxU,pso,train
847weLTholg,pso,train
aeFtH1WzJqE,pso,train
zHH2e2Gakts,pso,train
45253v1gVFA,pso,train
F5v9XINyW8I,pso,train
NnpaGCeliic,pso,train
w-4dCW1aLIw,pso,train
18wQ6TSgMeo,pso,val
nmZ4F7jtg_4,pso,train
7kt1Vopq_qI,pso,val
GYK-IAjbM-c,pso,train
ROhDI2_tG-w,pso,train
hotF2ADw6CU,pso,train
VXa_Yr_19d4,pso,train
7_aTprEbz88,pso,train
WyPhpJ6KNPc,pso,train
bLu9LB4vVGU,pso,train
nPXt560sC9w,pso,train
8CakQctWZFA,pso,train
3ZkONsP6Eh4,pso,train
dfn_EKVqvG8,pso,train
gaioMZqQmU4,pso,train
1Vmcx9Ky0Hw,pso,train
jEBgpEeYe60,pso,train
PA-bgWRZWfk,pso,train
gWEYFz4YglI,pso,train
CXeTqUsmmBQ,pso,train
faYS9_JasFc,pso,train
V3GXyJ3l0vc,pso,train
ISK-rVaDRp0,pso,train
WiEyPTorVuM,pso,train
fXJ8PxF0ugY,pso,train
J7o0rXUbDdY,pso,train
zbPhx03gXUY,pso,train
WQhHmLigzoM,pso,train
eAcR6B5-q08,pso,train
g25zZMS-ovw,pso,train
6WUbeVX8U28,pso,train
wQojXhPjRYY,pso,train
qa6K56y3S6c,pso,train
7yXxJ-tc2Gc,pso,train
crrvpa1hfyU,pso,train
YO_HMbs6nJM,pso,train
re9Y7QYA7ZQ,pso,train
451DHQjiRDo,pso,train
BYb_GnS40-A,pso,test
VnMPXKRl0dA,pso,train
BgN59No75sE,pso,train
QOBF_ecJr7I,pso,train
4_DlbCmVV4I,pso,train
G4dH_SKETf4,pso,train
OHZQsXccAzA,pso,train
b2X0wZG0DgE,pso,train
J-rDm8GgtA4,pso,train
QUDIDt_YYxs,pso,train
viVFGN-NFAY,pso,train
6elnHcneSkQ,pso,test
d0UMuQV4ywg,pso,test
fT0RAJb3l6E,pso,train
R_L9z0kgXpQ,pso,train
r1O6KZpRZBY,pso,train
sNSAFJJJoYA,pso,train
Co7M62I-x-o,pso,train
VVIa4Ci9xR8,pso,train
39UavJrgA5U,pso,train
b1Po3G51NPs,pso,train
oTVHvedsG3o,pso,train
EYn0upgeBAc,pso,train
FiQ4ozwGoGU,pso,train
kjt7SQAitto,pso,train
8FpQ_RYoMEk,pso,train
pESeN8IDfKg,pso,train
E-Mu2rmw8TA,pso,train
46jYzGfjkPE,pso,train
wJn6bJJiXZ4,pso,train
p6GYVTIPQu4,pso,train
glkco1ZeAw4,pso,train
Ndi6uEEIaeg,pso,train
rWJKA3aqM8U,pso,train
ZPzlwAplThU,pso,train
SE_VQVVw1EQ,pso,train
mVfogLlwR2U,pso,train
oiQEzZ-8Tnk,pso,train
B2lw6LVsjU8,pso,val
gX6JsU7ngHc,pso,train
HlEGBntS8s0,pso,train
H5oSxay2MpE,pso,train
QfKZbxCAPBg,pso,train
FzWEE3VygiY,pso,train
-9-rZ1AMG3Q,pso,train
x1ckTd-K0a4,pso,train
LnKJuuPp2Is,pso,train
mCo9OwOE5yw,pso,test
qdR-hW2SKE0,pso,train
pOYGeeM-ZJg,pso,train
Pupv4wR3br8,pso,train
DfIqbrVy36A,pso,train
KF5gEAch6ys,pso,train
VXBB9j8JDoE,pso,train
LqjMPAMRCQI,pso,train
I1OexQJXz1Y,pso,train
22uLUzIsT0U,pso,val
DdNn4XmhhtI,pso,train
OE-bd-YzZAY,pso,train
_FIYvBhSkMI,pso,train
wushUyTwydo,pso,train
dm3tlWlAijQ,pso,train
zMPZfRlhknk,pso,train
GxeTF__rzbk,pso,val
m5zeVplWyVA,pso,train
4UNc_INnpUI,pso,train
5nhCQiq3DFQ,pso,val
r4Pex-PUZcs,pso,test
l8P2vvIGBL8,pso,train
h0DU16i86gk,pso,test
KZ0LgCeN9JU,psp,train
U6SDNnzbEXI,psp,train
iXwSUDy0HxE,psp,train
PNh77g-UJCM,psp,train
BjoAgMiE4H8,psp,train
Rx4O0aPSU5s,psp,train
OJuNcMdrP2U,psp,train
aeY3V7Fojho,psp,train
7fsjMvs3ylE,psp,train
yIGgHX4M8w4,psp,train
oNRwBChOD18,psp,train
2n98DD1ZHac,psp,train
fUTLuC7Yipc,psp,train
WxuHYU8gKjM,psp,train
rr0coPNoWa0,psp,train
qTlqhWGuCIw,psp,train
1i77fGafQFw,psp,train
3Es0KNHE9sM,psp,val
1sRS7VUnwFw,psp,train
5o0yeeUScTE,psp,train
p-tyvF-kHP0,psp,train
XJjl2QrXMQc,psp,train
PVF0P7xT5ao,psp,test
AYAwDY_tJ5M,psp,train
Qu0ELoIn6nw,psp,train
_oi2dmYx7Ac,psp,train
ncJBYIb5DOs,rsl,train
dJdN5kopJks,rsl,val
D3nturQl4k8,rsl,train
V_YAptuKKoY,rsl,train
lquezV0kOfk,rsl,train
aRAVC_5BsMQ,rsl,train
3eJTP8A7jjw,rsl,train
DapSdLyVOSU,rsl,train
WzXbTSAchSM,rsl,train
GO-nLpmgwC8,rsl,train
PJTuAdYWY3w,rsl,train
GuF51MKsUNw,rsl,train
XJjTw0tt6Zw,rsl,train
I-sScDzLifk,rsl,train
b-KzARML_wY,rsl,train
iL_GOlhs7Ig,rsl,train
OqYPmguRcBI,rsl,train
j_bzukylBWg,rsl,train
6cQeS0I8bq4,rsl,test
fqImk-QXIkA,rsl,train
ryQQSv6avgQ,rsl,train
vE6PZMbn1kI,rsl,train
eBtxNDuDF2A,rsl,train
0Sy2xY3Kpfc,rsl,train
010p7oA8XuM,rsl,train
5p-Ses8LeaA,rsl,train
yEdIe4l3yhg,rsl,train
5WWWb2hoAsc,rsl,train
GfYwVr-GeQM,rsl,train
hkzfzzxsdOU,rsl,train
sHjJQFDSwpI,rsl,train
PB6ptoboAjQ,rsl,train
rw-NuO3_7dg,rsl,train
EQHvQeZ4VZ4,rsl,train
gT7OVJhfT7s,rsl,train
DrThtVebY_g,rsl,train
CO93q1r02YU,rsl,train
MepMyv4TbUc,rsl,val
GhuCvTuEx1s,rsl,train
WgaSmauWiaA,rsl,train
nc0A42CCvSQ,rsl,train
vhqQ7HXJ1TA,rsl,train
oU_i53qdb-w,rsl,val
7e_i1mubdX0,rsl,train
PczV-s80T1U,rsl,train
mJEtYFZ13Lo,rsl,test
KQ60g2KCDys,rsl,train
j0dtVtu5t2w,rsl,train
9aVJ0XgUEz4,rsl,train
lxl7rw0mpCU,rsl,train
Tnq6HjCbktc,rsl,train
MzWUV9k2Kbw,rsl,train
CCm4OB6-pE0,rsl,train
d2i2iGUa3BY,rsl,train
zo2s8knkrDA,rsl,train
-JdxvFfFsrM,rsl,train
u_4CGNYRnGY,rsl,train
pfUa7NLewcw,rsl,train
HS_t72t0Imc,rsl,train
MYR9ErwqNmE,rsl,train
wrZZuJdya3g,rsl,train
H7_8DM6IzlY,rsl,train
ki70zejadV4,rsl,train
1Z19Qis_3v4,rsl,train
5DuamMVcouE,rsl,train
SO7kJrX3mDo,rsl,train
hnYvmj9jvlk,rsl,train
tJsFA2Eb9BY,rsl,train
EGQPfPH1xZg,rsl,train
IORuasjE134,rsl,train
eHSutmuFL08,rsl,train
7piS78aRhmY,rsl,train
WmI6I-0-ioI,rsl,train
OLv-ZonTehM,rsl,train
dcWSpLX8sxM,rsl,train
LcCwHa_wLTY,rsl,train
qduvnUFdi2o,rsl,train
JopmrHteBmM,rsl,train
G40jIXxm6U0,rsl,train
cZ5KCfFMRVI,rsl,train
45yqVWg2qNU,rsl,train
acWypcfKQlM,rsl,train
B9U3p20DjJM,rsl,train
D2-uXaOOfZg,rsl,train
tLi9e3VzCGA,rsl,train
W8Eggoa0UAQ,rsl,train
YkzuvZ_lQb4,rsl,train
mBbeoxfz0b4,rsl,train
HWm4XdWk4Jc,rsl,train
JTe_i48P2Xc,rsl,train
DTjOuUmGx5Y,rsl,train
0nEKoxGZ2kI,rsl,train
QOBsGy8AeOw,rsl,train
IVK-xLbNsqM,rsl,train
geDPtLgffJE,rsl,train
exTdCzNcw_w,rsl,train
8Adf_6FgFrw,rsl,train
gLAu9jNGJgQ,rsl,train
3w3Di_Ub4gU,rsl,val
hKU65D4V3dQ,rsl,train
1OBpTohlhis,rsl,test
qAbdf-OhDiY,rsl,train
x0VVqyG_5rs,rsl,train
z0ofKLeDP4U,rsl,train
7nE44xSWJHQ,rsl,val
GJ2FiDj0jPA,rsl,train
9xnFS-esC78,rsl,train
TGzkeCxgP8s,rsl,train
EMkAe6s086E,rsl,train
LC_HlS9EGC4,rsl,train
pzpBXhBUfw8,rsl,train
HuxeTqrfhlo,rsl,train
7Gps_5jlz_s,rsl,train
dlotpJ3Rhgo,rsl,train
-98xzH8ylj0,rsl,train
9ahb1hqnSHk,rsl,train
lIr3Zw_Wh68,rsl,train
B2RWK__1Ptg,rsl,train
LTVmr0KBdc0,rsl,train
7T8jyr3ALuI,rsl,train
-vQ5mMguqhw,rsl,test
UG3OGfwunzA,rsl,train
nACOdUBh3u0,rsl,train
-fAgydbc3EI,rsl,train
lK-V-qAv8xI,rsl,train
0yiJ2uCOTus,rsl,train
MXwg3E_wDiI,rsl,train
XcymjbYzzqc,rsl,val
auwwwZUIxfU,rsl,train
4tlB30TRthw,rsl,train
VuCfamcZ01I,rsl,train
HwThESi2skw,rsl,train
ryUYDI4Bfhs,rsl,train
WTescIPYOGE,rsl,train
pUa0_3DOG6o,rsl,train
i7frAqkknmI,rsl,train
N1OHIigIifQ,rsl,train
-SlmL5vBMDI,rsl,train
PjB_FzAyCqU,rsl,train
IBeed1Vp-fU,rsl,train
wWjcNWkNdwA,rsl,train
SCS5xS_vhRk,rsl,train
qDWhpBbMU8I,rsl,train
5XGyxZgv94s,rsl,train
c9ZCaFRA2Go,rsl,train
TbxaA48MqJ4,rsl,train
he91rAPMEgg,rsl,train
rKih_mN40IA,rsl,train
iMneBnK5gcw,rsl,test
vKLaaeneIsI,rsl,train
ddg9nGRNJ0k,rsl,train
pX4zXd_TKdc,rsl,train
Ge2ntTBUKkY,rsl,train
x_ORwdW3BdI,rsl,train
YLjkJz1oAXU,rsl,train
i4Ey8L3zCL8,rsl,test
QpQVTf3B6hI,rsl,train
NZ8rP727jpg,rsl,train
xG0_3Ak9VZA,rsl,train
2FOnZBx-xbE,rsl,test
g9IUkpav0YI,rsl,train
6eXY3sDEhEM,rsl,train
h9LQEfuhRLk,rsl,train
2pozOk3Tz9c,rsl,train
p0eXB-qlurA,rsl,train
B9dWWONL2Ww,rsl,train
OdgxPh9nbb0,rsl,train
7hsZKu6-m3w,rsl,train
4fS1ml366Ps,rsl,train
wqBkOwsUYbI,rsl,train
zJSpoHvqTDo,rsl,train
B_2t425_mMc,rsl,test
rXGjYkXTEI4,rsl,train
CnRwu5wXwDU,rsl,train
kE6qSxYZ88g,rsl,train
pYfWR6xvchg,rsl,train
T6CwvhJKv1s,rsl,train
KvR90xRUA7g,rsl,train
t0OFnBZDuf8,rsl,train
_CAtDpFUGRk,rsl,train
bJ9eEoJOsck,rsl,train
QIVp6p0unao,rsl,train
zwv2MDXO8L0,rsl,train
JtYU75K9nds,rsl,train
tekOe7ZeLJo,rsl,train
fDoSmoYGC5Q,rsl,train
cDqYceuSzVM,rsl,train
YfBXW0COfek,rsl,train
Wfd8B-zFTa0,rsl,train
GIOgTZ38GFQ,rsl,train
7-ySzT2kqgI,rsl,train
TOQg_lOH_3g,rsl,train
CUHeiFrkb14,rsl,train
nzuAZ6PIl4Y,rsl,train
H1aSBU9WCK0,rsl,train
ZQFgcSUVbPg,rsl,train
MtPsDTNsA-A,rsl,train
wYCMv9iHYjM,rsl,train
ystjTomJGTU,rsl,test
Ww5oddPfNdc,rsl,train
OSFIaXIJ4Gw,rsl,train
8CCNSj8Rf7o,rsl,train
cTX_QSMx9Ko,rsl,train
XBgiz82sYWE,rsl,train
2QbTfBTqD8Q,rsl,train
SrLPwbZdwNM,rsl,train
zmfO24dFHYI,rsl,train
lyGKiNBT1m0,rsl,train
XXc20N10rGc,rsl,train
VWY1jMg5dXI,rsl,train
LT1lgktQ7rU,rsl,train
8IuJqwUqnhA,rsl,train
myNk_c3ZF0U,rsl,train
oecr2ufkiCc,rsl,train
ZlC0truEu5k,rsl,train
i47r1JDNnDY,rsl,train
ZGKAQIHW7bg,rsl,train
c5w92PyHJx0,rsl,train
2z8llzd0cOM,rsl,val
jRFDlEF32co,rsl,train
9nF1tgD8wbk,rsl,train
6Jn8tOPG7T4,rsl,val
VrUsQ2pDsOI,rsl,train
KJHLpzmETJc,rsl,train
n4DHZyJDyIs,rsl,train
_BSrYB8gF0Y,rsl,train
W_aLVO4luWA,rsl,train
si4rm-WgA8Q,rsl,train
V5YLsz0-7XE,rsl,train
jPfYMgnb8hc,rsl,train
q7tEKakTz0Y,rsl,train
UwIKwFrLdI0,rsl,train
C0xu2m3KF6M,rsl,train
OSDYSZKdS7I,rsl,train
QdxyExB14VE,rsl,train
0NAyDvSeNFU,rsl,train
luHBOxFM3rw,rsl,train
TnkZY2oyRHQ,rsl,train
Ft9cgT3N7w8,rsl,train
CfFsBNHikak,rsl,train
nksuCQxe4eA,rsl,train
YRlj2KQbzHA,rsl,train
xtUdss7BqLk,rsl,train
mHSNQ9sxAMo,rsl,test
Ev1ZDUoIEUo,rsl,test
UN-lcrTzeZg,rsl,train
SLNFSPu9UNI,rsl,train
lqIJYiq7Yn4,rsl,train
5kTgA8VNp_0,rsl,train
UltYtwb0ZWI,rsl,train
yemOZnW4lME,rsl,train
iZIJfJiOxOo,rsl,val
WgxjDVyt7bo,rsl,train
p7vkxBRi3u4,rsl,train
oDZrXnz0_w8,rsl,train
m_7845GNEdU,rsl,train
YmwZEHkM88s,rsl,train
AqO4_wx8FwI,rsl,val
X2bObsaqiuw,rsl,train
zQ84E31-In0,rsl,train
o413ph1sUl8,rsl,val
GIco2YdurbE,rsl,train
VYfKtAklZbM,rsl,train
wFvk7YwrfRo,rsl,train
AcWkon7n7Qs,rsl,train
eR1xrs9q4Lw,rsl,train
Zyhj3QM_33g,rsl,train
f82IGILi3zc,rsl,train
RIqHwe4fzk4,rsl,test
7mxY69T49Zk,rsl,train
VJ2mWW3-3jI,rsl,train
qITufVS3UI8,rsl,train
96KvUfH3GqE,rsl,train
4SjlWT6qq6Y,rsl,train
mSUhAcQXs5c,rsl,train
rY-Yu-I30yM,rsl,train
eQpDXP6lLbA,rsl,train
Qlg5d1GfDqk,rsl,train
4MdryMJK1eU,rsl,train
nou3m6LMY4Y,rsl,train
ukWq-5x2OFA,rsl,train
v99J95Waleo,rsl,train
fGf1Y8GEc0c,rsl,train
t6NoAoK2CC8,rsl,train
2aoZD2-m6es,rsl,train
e3tIAHWcv8M,rsl,train
ApiVaajY3CU,rsl,train
gLswHqMneXU,rsl,train
K6XWwc3uZAw,rsl,train
Bu2aOSlL5vo,rsl,train
8hI57Z2jJs8,rsl,val
imxyiitteis,rsl,train
T2jKw9I0jwY,rsl,train
clJp_eZ7Zb4,rsl,train
P6qTpH2MxfA,rsl,train
-TM9wjZ3rvY,rsl,train
QJ9RJGzb64Y,rsl,train
5rYTFkGqXGY,rsl,val
W-oqQvbDzaQ,rsl,train
94WK3uojLZ0,rsl,train
EM4Ybtt1Syo,rsl,train
IGbi1xidgeE,rsl,train
B2yD677Ks9w,rsl,train
JQL-pPFap6w,rsl,train
-jofW7FU0Vg,rsl,train
rd_6wiq5PNc,rsl,train
uKk_VwjLrNU,rsl,train
x8D82tiV1_4,rsl,val
jq52Gl9iI_E,rsl,test
HLo0zlS0wJg,rsl,val
RBecf0MkP7U,rsl,train
QV9_BFPmVIw,rsl,train
aJVyEK4hevo,rsl,train
IxT_x9VtERk,rsl,train
_MESgqsPNYk,rsl,train
YuRXHGOCHEw,rsl,train
1yhpXFUTjTk,rsl,train
zgs1Ek6b92M,rsl,train
Ldb2tbqJZJk,rsl,train
khVqeZntfhs,rsl,train
42Bb_wez0h0,rsl,train
4GHupsdw2O8,rsl,test
lNvN7I4ZdfU,rsl,train
mgG3dNFs_Tc,rsl,train
LSuqZ2xPmJg,rsl,train
w3HHzVKF_jM,rsl,train
ainP1zWgcCE,rsl,train
jMv1bL2Sxfo,rsl,val
6Q7y8ptLDqc,rsl,train
Apt5RfCZ52g,rsl,train
VH7hIrXkqlM,rsl,train
BQZRdN2RUyI,rsl,train
1zSadcWGegc,rsl,train
9-GBlZkuVl4,rsl,train
-qLY8EwVbds,rsl,train
qTGOy8v7Nq4,rsl,train
DhOdQnAq3Zg,rsl,train
ddtlmdA1alw,rsl,train
Sv4-GSCwMLc,rsl,train
Rwf4_vezpKI,rsl,train
7oXm3k8AjNk,rsl,train
G0_GRiiu3Nk,rsl,train
nSBlp0x3WrQ,rsl,train
ddvr5hEgq3U,rsl,train
NV7qjg5RdI8,rsl,train
TRGbzXUmnAk,rsl,train
GLoektuH9k4,rsl,train
mBUtVtS4wfA,rsl,train
SfQtgzXInDw,rsl,val
wHHUzpu9CcI,rsl,train
8RwPmZUi4No,rsl,train
PVcL3m_SxIs,rsl,train
e6rvlF_Lozw,rsl,test
99yhm__Y-8I,rsl,train
gASJiWr5ZIU,rsl,train
OsDkYvUfT2I,rsl,train
d43T-0RYynQ,rsl,train
8QAvkl4vkDo,rsl,test
jCONT_wT2e4,rsl,train
wNZRoCzfM34,rsl,train
zDPCWnjeklM,rsl,train
bSNOWiOCrE4,rsl,train
RLoPlWQM0Lc,rsl,train
8dhfXUYJvsc,rsl,train
ejkZKNSz3Bo,rsl,train
tDqKZR81tGQ,rsl,train
OaksmsXkCmY,rsl,train
xG2v1kfvpPE,rsl,train
sW7Hc_quDkM,rsl,train
k8sh0CCvFfY,rsl,train
x-ZMH4j24xo,rsl,test
RZNjBf6pW5A,rsl,train
LNzPyxrXTMg,rsl,train
_rBBz8b5ge8,rsl,train
g1v1EjcsUQ0,rsl,train
cSi6fTy3DQE,rsl,test
ZhZL3LAaW94,rsl,train
WnVXFlBweSA,rsl,train
8aULr9R2sBo,rsl,train
z9boNes9n5g,rsl,train
BFR9Yms4EsU,rsl,train
n_igaXIf9Xc,rsl,test
wuSr_e-obmM,rsl,train
iSP74Z_5fAQ,rsl,train
_OKjVXNvnxE,rsl,train
AxgPGbiONiw,rsl,train
xIVzvCKAAOc,rsl,train
f6Bjmm87pLU,rsl,train
P2Yaq89Z9Bk,rsl,train
izNqtTQy6ms,rsl,train
rMIYoporh98,rsl,train
4hLWn4hHKNM,rsl,train
i5cxgkaDemI,rsl,train
yz2PYfLDXGQ,rsl,train
FBvIjfN2ls4,rsl,train
7zeDAZVplo8,rsl,train
S2Cxw1z_Oro,rsl,train
G-RP93Q2WeM,rsl,train
ZuqeCXNCgMI,rsl,train
kr-Re7ycf8k,rsl,train
fjEO7zlQpXU,rsl,train
MOlaskwoGVw,rsl,train
nVi1ofnMmxs,rsl,train
8PGY-C-tyWM,rsl,train
Q5k9DFw_Tmg,rsl,train
29Rg1qQoYIg,rsl,train
g9hjPWweWHY,rsl,train
RsmqVP01eW8,rsl,train
qpmGbJW6Ous,rsl,train
XANT4FPUaSA,rsl,train
PSZ9iyn1M3I,rsl,val
rnTu58muNf8,rsl,train
8f7rHsAtF3w,rsl,test
Qf2s94UNIL4,rsl,train
ymy7FL2w1FQ,rsl,train
uKNPHGYOhZ0,rsl,train
6V8p-UDXnMU,rsl,train
jUxA3pz8Y5s,rsl,train
vqVIdVQiwqA,rsl,test
Wkg1pHjUwXk,rsl,train
Svs4nFYuy64,rsl,test
BZyVshMMMGk,rsl,train
wmREJyTgMAY,rsl,train
ILw-PFbuPvk,rsl,train
nTAIq2FrqCY,rsl,train
tcBZtqyF9TI,rsl,train
0EQJSyjbSAQ,rsl,train
B8mx2B53cYY,rsl,train
IJ6CWf6NysM,rsl,train
lDwLja-CKE0,rsl,train
ftDIX-NVcR4,rsl,train
jhgqbVuYa2Q,rsl,train
qqfnZqe46qs,rsl,train
m-b1ydtxoLs,rsl,train
WLlJRak68EA,rsl,train
RP-Yq81GwaI,rsl,train
pxYz4xaE1Tc,rsl,train
-5hltlxAL7M,rsl,train
tM8Fe2cenpQ,rsl,train
VfEG4p2-fOs,rsl,train
X2hMvi4disM,rsl,train
QddjVWiFBz0,rsl,train
x3XSJY6eTTw,rsl,train
RcpyzBrfC10,rsl,train
Fc2dTCBTgI8,rsl,train
kDGaV_hHDV4,rsl,train
KO9DksqC8Wo,rsl,train
te0HEv44Bec,rsl,train
P6HoM39GmEs,rsl,train
J9zxBq_kRzs,rsl,train
BubZHdyKUaY,rsl,train
YrXNsbJDlBY,rsl,train
aNkC6mRmAkc,rsl,train
ccrFgWh5Vcc,rsl,train
nbshOOvvti0,rsl,val
fR6V8klwK4I,rsl,val
uqMeTGlmiDw,rsl,train
vfQyTTglMlU,rsl,train
LimkpF05g9k,rsl,train
Jpofc9ISclw,rsl,train
toXG65MvTR0,rsl,train
Sm0u1ghrXq0,rsl,train
wTvxAP2eiEs,rsl,train
sEDV2gg5f7w,rsl,train
klz57UvT7SI,rsl,train
wkQ38iMKN08,rsl,train
hgo99bPc3VE,rsl,train
oZxJwUEe3zY,rsl,train
hNz5GVvrj28,rsl,train
4LX9FeWHNpI,rsl,train
0GkDsuHUWAU,rsl,train
7zJP7LYWPuA,rsl,train
q_8ulL2Ui_E,rsl,train
xAQxpRDMFI8,rsl,train
SD6Z0EH2mWk,rsl,train
QeOfwXNp7DQ,rsl,train
c-3x9GydDQs,rsl,val
VP_MRegKfSI,rsl,train
1Mc-0cm0H-0,rsl,train
rhX_uycBlpc,rsl,train
0H1wjzR7AMo,rsl,train
td9NRaPwRxc,rsl,train
k9yUhjKrabw,rsl,train
VYEHKk1CAWs,rsl,train
YXmx8Li238g,rsl,train
IMl5jhMvMeI,rsl,train
BgKuy06KhYg,rsl,train
Sg2kWCfuNEo,rsl,train
vA73wIuWZvg,rsl,train
QLZf8lGi-No,rsl,train
qzOUMH-gsIQ,rsl,train
e4_X8CMuPyQ,rsl,train
K59HcPgEOXo,rsl,train
r1nO8NSEYok,rsl,train
kvzRqlGiZYE,rsl,train
35YTXU5qacA,rsl,train
LrrJZ2rQQio,rsl,train
oAKUI5m7u7s,rsl,test
UFhQ1qlWuWI,rsl,train
58GJBziWom0,rsl,test
MjFkFru-D08,rsl,val
PD7i80-ToPg,rsl,train
2D3S6Nsb7mM,rsl,train
tM4RYq729y8,rsl,train
R18wW95ZfD4,rsl,val
Rzt06pPU-0I,rsl,train
qjnl1J5BXmQ,rsl,train
FQ6cw-4bSzM,rsl,train
mHdabOP3oKo,rsl,train
8BLR_WpjC5w,rsl,train
6wW9KXDAIXM,rsl,train
YOsV4ASMpLY,rsl,val
Tl9UE6EJrWc,rsl,train
EI1R_J4finE,rsl,test
zZJBU4V9aEI,rsl,train
X_7k2FqnQ60,rsl,train
A8vduuoncEc,rsl,train
w_-E6kENiaY,rsl,train
3W3kP0Fq23w,rsl,train
892jOW_RvLc,rsl,train
bsEk54YI30M,rsl,train
uwgFQutyiyU,rsl,train
FoBQQ0r-xkI,rsl,train
yCCPxhk0aEI,rsl,train
9RNkdNvP4kE,rsl,train
OyLTbHiNfuI,rsl,train
n-kKfEzj0Dk,rsl,train
BfTyqiHAq6I,rsl,train
5QKeSMizJkA,rsl,train
vlBAWyr2Wxo,rsl,train
4JhnwlkU6-I,rsl,val
8EcT8uDXAWA,rsl,train
po5fcxsnRXo,rsl,train
qbRltXCuM6M,rsl,train
ATgppjCvE2A,rsl,train
lSbPFMAfLkU,rsl,train
kIJ6fe1XvBw,rsl,train
_K_vLuXf6fw,rsl,train
wQ3qfksST-0,rsl,train
btbRjAyYl_E,rsl,train
ZKzOOcre6P8,rsl,train
HMFaxWL-YUw,rsl,train
kmZs3-k82JU,rsl,train
a6divl4hrUQ,rsl,test
1KZYdKRTH5s,rsl,train
LnmGkbCgoGE,rsl,train
2eZP-KMV8-c,rsl,train
4NxgIuR4acw,rsl,train
M7UGwZzjpK4,rsl,train
p8kTHYWH6VE,rsl,test
TeDYiE0OvF8,rsl,train
3aKjWSIzzic,rsl,train
fNuIyv8YhG4,rsl,train
9IxqrUcSoYs,rsl,train
fAT7blH7hUA,rsl,train
q4GXsEzjECs,rsl,train
kGFMSzDLkH8,rsl,train
FpiKq3QoNiY,rsl,train
C2iijhXq2V4,rsl,train
dqMHvYMtGPg,rsl,train
OGlWMoz5wUs,rsl,train
llb08eXDY70,rsl,train
Y_q0lEqFblQ,rsl,train
9AGGqaL8ojI,rsl,train
vfsKQq_oEI4,rsl,train
zQ57vseJ94I,rsl,test
CDiGoEN3FVA,rsl,train
Dzv9PNEI-l8,rsl,train
_mWTRs1Xpq4,rsl,train
VhC6SW1MEU8,rsl,val
U0C6MeXhxWs,rsl,train
LXNKQlbZC4A,rsl,train
lL4SNMXybxo,rsl,train
seEIl6YrCNM,rsl,train
joDRvGhKMqg,rsl,train
j49Gj9hP3EM,rsl,train
DYVChMBcgMI,rsl,train
3llnU80VWd0,rsl,train
AyRpwvxWPLo,rsl,train
JNTxWzLBKp8,rsl,train
Ipw5MRjDaUY,rsl,train
2oP25mLH_sM,rsl,train
d9i4Q6XzORM,rsl,train
-McOue2Qt8A,rsl,train
BGyTBeForvQ,rsl,train
Bvk2r1yOewM,rsl,val
XXmPF37x-I0,rsl,train
HJD_ptWKmzs,rsl,train
Cpde7cqpoQM,rsl,train
1Qz-7KdpbLE,rsl,train
RUgk8hKeVag,rsl,train
lH6ItXT8v_U,rsl,train
EcZnz_7EIhw,rsl,train
CERx97omV-Q,rsl,train
WjibGFSfBfw,rsl,train
9WD46FK7eJM,rsl,train
VEy3BCVHfAQ,rsl,test
oRZVqAls4hw,rsl,train
6PzN2CmQB_k,rsl,train
TWY1Ev00cDU,rsl,train
ZWkIoNIYezU,rsl,train
sTJbJkGEeJA,rsl,train
IkdvZGLdcWs,rsl,train
MhF8Pov81iA,rsl,train
OKF9I73s2Qc,rsl,val
CY9xEWi5ja4,rsl,train
Z5PwuxQe3Uw,rsl,train
yHJX69m9ZrQ,rsl,val
1N7xp53kxnc,rsl,train
-A8vIGl1gsg,rsl,train
pNE3rTx-1D0,rsl,train
omyaTQld6GY,rsl,train
WlyWs8lwgTY,rsl,test
m4AZQvK9qWU,rsl,train
Jj1HDnIalDs,rsl,train
DOvYjHO8mhQ,rsl,train
zZ3Qe4YtjMw,rsl,train
Q46UE2Wz9iQ,rsl,train
CjZOdDVaYks,rsl,train
jO8NIXWJ7Qg,rsl,train
JvFPNArXEnQ,rsl,train
1q1p7NENwxU,rsl,train
JgpeIFRhBBg,rsl,train
h1dBEn9mljw,rsl,train
wRTqafTLU-U,rsl,train
3yow3RakP6A,rsl,train
wF_JOLzevBo,rsl,train
wd-S7eXs43M,rsl,train
Vcn_aGBq29k,rsl,train
ozYfbMVCqTE,rsl,train
j6_LDH5bSZw,rsl,train
G-WppVh8llE,rsl,train
CUdFbaztvvs,rsl,train
sP_-p6Icavk,rsl,train
c8dKSYZ2Ojk,rsl,test
9EWf6u_I8e0,rsl,train
Vrv02mH_0PM,rsl,train
QzS2LXwi8V4,rsl,train
-eO_ztub9_M,rsl,train
0QpZu8qLrKs,rsl,train
WDyNsNOjivs,rsl,train
hEVyat38OZc,rsl,train
pdDCrvGi-s4,rsl,train
aqAHdiMQgC8,rsl,test
hnShb7LL23U,rsl,train
TsQcqFbWDww,rsl,train
4ed1nAXQdlI,rsl,train
tOkcolNMC1M,rsl,train
FTSunIdXi1s,rsl,val
cdg4CF9S--M,rsl,train
3rBadhbSztQ,rsl,train
i5cW5zppeMs,rsl,train
I1OONIU7VSI,rsl,train
Dz5oEmBs4DM,rsl,val
GCAU6ZDj8kQ,rsl,train
Jleg8Ih7-p4,rsl,test
k2TEplLmQRg,rsl,train
9hAXWlZ2Bdg,rsl,train
p-jbOvvK1wk,rsl,train
oIRdql9BGTY,rsl,train
BLm1pwxe3cA,rsl,train
VV6dRoltdF0,rsl,train
WCOTufNufKk,rsl,train
TwKDZ5W_F_g,rsl,train
bTlje7lNuwc,rsl,train
i6JqSnVCSEc,rsl,train
CdRLsPl9Ntw,rsl,train
fYirmUzSAdU,rsl,train
2MQERJyXExU,rsl,train
VrPTtiKS5DQ,rsl,test
C4hrE2q61KM,rsl,val
rZVBZZy15ZM,rsl,train
vCCStXozZvg,rsl,train
lwgdWdm2PIs,rsl,train
B5_rHIVb2Os,rsl,train
oSEib1NsWDY,rsl,train
MUvmLQY9HdY,rsl,train
CrSzRV__ZZM,rsl,train
G4DFpHRhzgo,rsl,train
T71gVjLvXUQ,rsl,train
D9jsywupyC4,rsl,train
oDk7zTURYDk,rsl,test
Kl8OYp3Y6dg,rsl,train
ZxUFRRpCrgc,rsl,train
vVzb96MUO94,rsl,train
Aa58uE8TODo,rsl,train
XdzfDnHU5x0,rsl,train
GV6ckeIyZJg,rsl,train
ea3boMOfQ9s,rsl,train
c-T7fxd_yQE,rsl,train
GNW4H7jmB-o,rsl,test
wpS6RlMY1UE,rsl,train
sd8k4TebiSE,rsl,train
la-SbZH6bhg,rsl,train
JC-QQTR47LI,rsl,train
Irpqc3WHeHI,rsl,train
3QaRE1RCU2Y,rsl,train
jvWNx78-17M,rsl,train
Pzlt_vj5Pso,rsl,train
nSKgLI-0COc,rsl,train
HvclFApuP20,rsl,train
HMfgnc0NHRQ,rsl,train
vQ35xHZkthg,rsl,val
6rYHGR1_r6k,rsl,val
RX52cNDcFrs,rsl,train
E7RUmeVqoCI,rsl,val
WH3txmwIwcs,rsl,val
qKl8-jiih5U,rsl,train
hsA2ZXeA9nI,rsl,train
RtW8SohTiCk,rsl,train
hsIlOkTmQJc,rsl,train
QTdD-MeFZK4,rsl,train
yBmFwzGEIxY,rsl,train
g1_WC4oK8fA,rsl,train
LuJXeLCITTY,rsl,train
Gu41mIyA3NI,sfb,train
WCzELBNE5Is,sfb,test
xOpS1qtNdww,sfb,train
-eZL0eWInGA,sfb,train
NB9Aqp6RAkk,sfb,val
BFVIZffjIwo,sfb,train
dirJj9VpC3I,sfb,train
8ypkAlmrPvo,sfb,train
xPF1x5iOoiI,sfb,train
GiplRR-6Q84,sfb,train
eT2yzNoSbNo,sfb,train
fDVnYFbUe0g,sfb,train
OuGxzVzFvRY,sfb,train
yn4lCLlzfuI,sfb,train
s5wJfOmzJss,sfb,train
IoHubEUcFMY,sfb,train
p1P3uUczsTs,sfb,train
LUU5ePiz784,sfb,train
wnt6ylELKbs,sfb,train
hBKRQADu5pA,sfb,train
CtpL-OpsTIs,sfb,train
_zoeeLk0vq8,sfb,train
ild6X2V6w1Y,sfb,train
KUsdhaoOC0E,sfb,train
jzo7SQeQ97U,sfb,train
SRNwopIXFlk,sgg,train
se1tHa4XY-8,sgg,train
cMtP35lEqks,sgg,train
IbptenhwLiA,sgg,train
OZ8yuO0fqGM,sgg,train
NAaK6oYsmaw,sgg,train
pgGJxTis_4s,sgg,train
7j7NYYJnPUE,sgg,train
67EABDiD7B0,sgg,val
5uZrX6b9Ny4,sgg,train
HZGkhPYB-NA,sgg,train
Cbi1WuXOxrI,sgg,train
nh8tljqYABg,sgg,val
6hnACetSvT8,sgg,train
Ovv7lai9gRE,sgg,train
KLdnf2O_nHY,sgg,train
OUjk_-R5UlI,sgg,train
7gG6Ut98BY0,sgg,train
OyqhPKJbpMk,sgg,train
lNNIGg-Sni4,sgg,train
rhuCQkgohpY,sgg,train
Qz6p4hlba10,sgg,train
bPEnVUBWJnY,sgg,train
JJ5fGSKC2Ws,sgg,val
ThTRzOm4SFQ,sgg,train
oQMbi4uY9J0,sgg,train
8TANfDn4Ub8,sgg,train
d3J8CPRW49M,sgg,train
YUYTMLCjnlE,sgg,train
HJKl-sJzJKg,sgg,train
SG8UxHllHRM,sgg,train
QRaeOowyqfE,sgg,train
ArWeQJBnH68,sgg,train
U2ArZxVhgRc,sgg,train
NYojG52AlwI,sgg,val
W8v9227gqp0,sgg,test
r-V9W-lwRwQ,sgg,train
ycr5i5VRqsg,sgg,train
paaguNGhnUw,sgg,train
rTVrFNEQZ4M,sgg,train
npldg265LbA,sgg,train
QdJKAf7gc4g,sgg,train
oS6I96_rnPk,sgg,train
aunQOPDqFCQ,sgg,train
XYFzWzCJw6o,sgg,train
TYkMgvHlGa4,sgg,train
OuNMdn8fyMo,sgg,train
atKTreMXbZQ,sgg,train
Undo62xG2LI,sgg,test
YAt9CYHphpM,sgg,train
1UITF15Bdpo,sgg,train
B3mUGMqOd14,sgg,train
kWYtoTRlI6s,sgg,train
6CL29B4k1uQ,sgg,train
hXtWry1_quY,sgg,train
DldtRxrs2Eo,sgg,train
Xm1wl2A01_A,sgg,train
fpaFtEB0SOs,sgg,train
9j8W02LvvFs,sgg,train
vagOGPWb6ds,sgg,train
6X54AwXYxaI,sgg,train
RWMvEW8G6MM,sgg,train
oH9s7JK9H4A,sgg,val
XbEsOi6dyhE,sgg,train
QaKpC6CtlZo,sgg,train
0d-RKNdFd68,sgg,train
AurcXoK_UNc,sgg,train
xM0_NUBPVuk,sgg,train
AyyFkcBYoAo,sgg,train
xn4Rt3K5qW0,sgg,train
fA-k9adJ390,sgg,train
KiDjsnif4KU,sgg,train
0dMq7s14Y04,sgg,train
1Ew9n25FTTk,sgg,train
seWHssOS28g,sgg,train
0Gog1h7vq_w,sgg,train
_saIsvpdmJw,sgg,train
MB35b4Q4OxA,sgg,train
sCCxueXG_l0,sgg,test
qkpwNB6ke7k,sgg,train
iCYsKy9RTYo,sgg,train
GICO0MCDnv4,sgg,train
TnlhOG3_1fo,sgg,test
n8RbBqiEDTA,sgg,train
rdMY279U-Q8,sgg,train
nZvrFtEIvAA,sgg,train
-gutRivLu70,sgg,train
iDApbGASa5s,sgg,test
TjlPywVanBo,sgg,train
j7kQ46pdzlg,sgg,train
clQzw87bvk0,sgg,train
HYUqzpkA6f4,sgg,train
g3sHotpvawQ,sgg,train
XZzH5tRf3Dw,sgg,train
IlQ-CpJuHS8,sgg,train
wJMHhpnznw4,sgg,train
_Tx__9HbIfY,sgg,train
YOEnPm1IiT0,sgg,val
Fde-ZW0AdUU,sgg,train
sV6Sb_DTJTs,sgg,train
kcq85gUvgCc,sgg,test
iRIJReHFoKg,sgg,train
Nfgb02LcCwA,sgg,train
9JyNYfZHQGA,sgg,train
AVSaLaV72Aw,sgg,train
s2M_GnYnXgA,sgg,train
NyzesWrvgXs,sgg,train
_rdEORbVMoA,sgg,train
RgEQw6uYm2c,sgg,train
pLLUqkPQKL0,sgg,train
cmnDBWF_Hj0,sgg,train
JjxmHRHruB8,sgg,train
yV2I1Cw9ltg,sgg,test
d7xAP6bjvs0,sgg,train
4wLP15n6L40,sgg,train
QGV5WN0yU_A,sgg,train
r6nuMMCdN0g,sgg,train
CbGdUusjlLo,sgg,train
Tctg7CrdiVw,sgg,train
c1YGKVhWwHE,sgg,train
_Vsgp42fwfU,sgg,train
CU7MDkrYUzo,sgg,train
cR0LPftv_r0,sgg,train
ZXZTUX-ROnw,sgg,val
W0Ui0pO1Lng,sgg,train
fHjTLEyXfNY,sgg,train
r-nZr6YJqIs,sgg,train
ntls2TwVWZk,sgg,train
hSAP9iXbiN4,sgg,train
6BSYJ1aOgkY,sgg,val
Kru-5DrcU-k,sgg,train
ZnBMktDVX88,sgg,train
xAPTcV-1Ui0,sgg,train
xOLopJMzQ0g,sgg,train
Ykz79juSRtw,sgg,train
Yj-Dc67dDh4,sgg,train
R7l6AdAs6UE,sgg,train
YS1pI7oOqjE,sgg,test
Tz3GVoUbzJc,sgg,train
-Q7-2labkMk,sgg,train
kaNpJjmhJH4,sgg,train
JJuNczx09Hc,sgg,train
dqS19VqrcW0,sgg,train
UOtYq1EFQvc,sgg,train
zMuvANnMFik,sgg,train
1J-UTJvFPH4,sgg,train
nIzqaNCXni8,sgg,train
SpyS3qnudXk,sgg,train
goxdjxQUEWI,sgg,train
gtEA0-2hYP8,sgg,train
-4MYTVQ0Ia4,sgg,train
qXNh8r0mVIs,sgg,train
B5Nt6sXd00U,sgg,train
gBjeqv5JxDw,sgg,test
sMJnSfbAZZA,sgg,train
8Q51PwIrDNY,sgg,train
6c9SahmQYmw,sgg,train
WlWw09iX86c,sgg,train
Gazu36HgOqg,sgg,train
Q7tOsi2EBLs,sgg,train
uYg4MMFkusY,sgg,train
uBPlHNyPLTI,sgg,train
2YLBD8H8Nts,sgg,train
duMJjKLMNnM,sgg,train
sXqlcQuOsEU,sgg,train
DOvns-DoB2U,sgg,train
0ars4MPtWRw,sgg,train
jUVOkDuZBV0,sgg,train
j5RvkKRFbMk,sgg,train
dSE-yAUHpKE,sgg,train
eNLRE8Ka6wc,sgg,train
axQwk-Xmg6c,sgg,train
GgaHoH8iid8,sgg,train
_OyGmK2IzQo,sgg,train
fADa-Iuio5w,sgg,train
wdBRqeoJS-Y,sgg,train
Bjdo39XvpY0,sgg,train
P8P29gunbDE,sgg,train
kDT14MMamXI,sgg,train
yTmhD9Fq0p8,sgg,train
lybzMVvAv9s,sgg,train
4_lx2f4E8rU,sgg,train
w4wvfm-cPyo,sgg,train
wL9qttR4Eb0,sgg,val
VDhibEchIR0,sgg,train
tbeagW4o3qA,slf,train
qAIw8J7QvVw,slf,train
3VisD1coMHY,slf,train
RHsnvklz7DI,slf,train
jGSy2rm8X5Y,slf,train
IVyFs2Jvve4,slf,train
Axbh8wzrdYA,slf,train
snwruj41a0Y,slf,train
B20Xv2EZMKc,slf,train
opcNGgP5Vms,slf,train
OIix_Xzthfk,slf,train
_xPLP0xoBtw,slf,test
QC5ZAURyzcY,slf,train
kmFqZQ5JGnE,slf,train
ZFUc5aMZWp8,slf,train
y55B2hoh8RY,slf,val
tYe_J5d7tnA,slf,val
AZJfG2caQao,slf,train
gUQXb4sdgmY,slf,test
6cxjKrW-tjY,slf,train
MhQmOENCEkQ,slf,train
GxUMAek6s90,slf,train
2pnjsNowb_4,slf,train
kY7q4Tw4OuQ,slf,train
oO1avyBfok0,slf,train
Ew6xVqFq6uE,slf,train
LUC2epAECto,slf,train
wYO9OyGMS6k,slf,train
ApeNBizFzLw,slf,train
3TmCdip3NOs,slf,train
ne35VZ1xmdo,slovenia,train
8Fn86Uo-YZM,slovenia,test
n-XxSAlfDxA,slovenia,train
kVAO68VnX9U,slovenia,val
4L5LGpI3GJk,slovenia,train
IFHZxBImecQ,slovenia,train
zryIp4k8c4s,slovenia,train
Ymrs7AcK5zA,slovenia,train
50gABKTEGnw,slovenia,train
1yDRzTQug6g,slovenia,train
JtWRtM-8HoE,slovenia,train
L7x4cL-8xbU,slovenia,test
YCdT51NceJo,slovenia,train
d0Mn3XjjyYY,slovenia,train
Lpmj16IoTEU,slovenia,train
vp_etW_P5Fw,slovenia,train
S51N0i8DuPg,slovenia,train
1WW6poU1zd0,slovenia,train
y4qdB4_pmRw,slovenia,train
KXDCWoAhAGY,slovenia,train
oZ-7DIyV4j8,slovenia,train
DQnVIMmIG7Y,slovenia,train
Ew-PE3x0PBY,slovenia,train
VnZ1YMPrqbI,slovenia,train
7zqwEhLKiQk,slovenia,test
jdpzMF0MYcs,slovenia,test
wKf6jaVPcHg,slovenia,train
HNjaJyjGq30,slovenia,val
SP7cGt3AMFk,slovenia,train
IMrnRFhFPlc,slovenia,train
3cE9pOiFhe0,slovenia,train
la9WZZD0HRY,slovenia,train
31E5-DF6Rpo,slovenia,train
w63vPjGKZOo,slovenia,val
0mpCaf-0Mlw,slovenia,train
xudppLGEWC4,slovenia,train
nLOOQm5woWw,slovenia,train
4__tF8oDZ98,slovenia,train
3WdxDvHqNQ4,slovenia,train
oq7WQpfgz3M,slovenia,train
3yoNs26n5lo,slovenia,train
xxlLVRGnbaM,slovenia,train
6Tqy4DForVc,slovenia,train
q0wer4DXE0Q,slovenia,train
wPcdzd15FYk,slovenia,train
paAMVmpmDm0,slovenia,train
dCtpZTKKHLw,slovenia,train
GMzxHATsfSQ,slovenia,train
HDzCOav2Y-0,slovenia,train
lUmzm0ICL1w,slovenia,train
_VFOgQ-NClI,slovenia,train
b69bv-M7Pc0,slovenia,train
FUkpFTSvHEg,slovenia,train
uCKV2j2Fmqw,slovenia,train
86EdGH7Xy4I,slovenia,train
DHRjvBLkQh0,slovenia,train
-stsv3kgBN8,slovenia,train
NosrTkslpfM,slovenia,train
0sQqSRxUBk0,slovenia,train
F2BYRmQ8IIA,slovenia,train
ccAHj7XQEjE,slovenia,train
PEKqkZEXbxA,slovenia,train
LrRT37KYOuY,slovenia,train
l0AKr7IwUW8,slovenia,train
vuTVy0o6y9w,slovenia,train
fh1KBw0cneY,slovenia,train
iSYDVOu-p7w,slovenia,train
ezO0YkDQO9A,slovenia,train
pUBrbRHulmw,slovenia,train
VZeI6OKumps,slovenia,train
dY7WgTwJKBs,slovenia,train
7YhzJLQwqp0,slovenia,train
nqgFv4IQuI8,slovenia,train
N2cl_T6kxXA,slovenia,train
LR7tc4IwMDA,slovenia,train
0jJY3poYEWc,slovenia,train
0ntfgdGeMWY,slovenia,train
xA2va45e3JI,slovenia,train
4uNoQn4zhpk,slovenia,train
cVNcSc4bNr8,slovenia,val
WisloCjDqes,slovenia,train
_gxMjPKu4zQ,slovenia,train
WPArNRR4pdU,slovenia,train
_U3O-_K8KMA,slovenia,train
8cwgm_0-yLM,slovenia,train
gy83sPt-3Fg,slovenia,train
i_CyW7DoGp4,slovenia,train
dHSLWSgkEVI,slovenia,train
Odp1BFZ06LU,slovenia,train
QDGMNgIrh1c,slovenia,train
Zzzcxr9NuGg,slovenia,train
C_sCPKWeobk,slovenia,train
K_9XrPw0caE,slovenia,train
VuMdlj43Tfs,slovenia,test
ZY5cJOH1jvw,slovenia,train
ybl3-WKYEGw,slovenia,train
AwpvUeKv2yA,slovenia,train
xtDWpiYUeCU,slovenia,train
uFcV2eGLUdE,slovenia,train
Mbs5Wq3DcVU,slovenia,train
Cyo9oBuJpp0,slovenia,train
3yxMB9-FrLQ,slovenia,train
N2BcS76cX4g,slovenia,train
QEgx2fyYyAw,slovenia,train
1RNRsERpQWo,slovenia,train
Pk8XhmdwcK8,slovenia,train
AD3wHJVE3Ao,slovenia,train
cmm7nAzSF6k,slovenia,train
FLHvF3OA6dM,slovenia,train
ZKIzO2rOimo,slovenia,train
51sh-GvGOxo,slovenia,val
ItRKCZ2obaI,slovenia,train
IwujeAxBH98,slovenia,train
EstPK2p2Fs8,slovenia,train
wp7djQI0Tyw,slovenia,train
Wh32UatTe4s,slovenia,train
NByLSV8CPAY,slovenia,train
7aHsbeRHEUM,slovenia,test
kujAHlAozDk,slovenia,train
a_hpxgKkYts,slovenia,train
rIButUbYiqU,slovenia,train
GWJnpqHNkQ0,slovenia,train
3VPEHIbizXw,slovenia,train
Z-Jcs30HWDU,slovenia,val
mlRhU7L9uUw,slovenia,train
FxL1EY4YZxE,slovenia,train
tgXjK1LWxYE,slovenia,train
FgOTeoEIFzI,slovenia,val
jxk6wJTLEFo,slovenia,test
awz7u-3Uhj8,slovenia,train
PfArfv-5NJ8,slovenia,train
q1hxeTCnukw,slovenia,train
I4tWgrdoXxg,slovenia,train
WYH_XpTehCo,slovenia,train
D1DywqU4pQo,slovenia,train
vVNY34vOrEk,slovenia,train
ctowDjdA_qA,slovenia,train
Gb7aJ4ivBCw,slovenia,train
cMKn3YrXkiA,slovenia,train
rJiBbBNrpkw,sls,train
MmXNDENlxr0,sls,test
TGsAFXmkl-w,sls,train
dRvctkGHTWg,sls,train
z-91-TN9yBk,sls,train
VaWWbll6fUI,sls,train
fNngDHqnr-s,sls,test
yDFUvWfnbow,sls,train
OJJ94X5WRT4,sls,val
QkWJoYNZT9Q,sls,train
Em3k01bOSj4,sls,train
nm9L5urgz8g,sls,train
4kNuApC0Qm4,sls,train
-VnVnHewgf4,sls,train
A4eaeofHkQY,sls,train
qpU9fyeP5o8,sls,train
jGr4k3e8rQk,sls,train
a1JG-6ig4ys,sls,train
CrpdtgZ_Ze0,sls,train
trjhj9YF2Sw,sls,train
rSxQ-mKOxSI,sls,train
qvu-YpoL54I,sls,train
iMSJ-s5X5EU,sls,train
7sEOZ1QUP_A,sls,train
1RMhkhbbpgQ,sls,train
E9b-HSvRGiY,sls,train
7HiSLo1UaY4,sls,train
xsJo_PNTM1k,sls,train
MPFOdC02emY,sls,train
QDcjAYQsPhM,sls,train
JuayU_qVP2A,sls,train
v9Kpr-DzcFY,sls,train
nZjSA8RYilI,sls,train
uRtFS81ZIew,sls,train
RoGde5a4jFA,sls,train
sIIwrYTt-bc,sls,train
PCfc9TnH4R8,sls,test
JTB_59chMCs,sls,train
0QBvTBUBx9s,sls,train
K7nQlxVqNbg,sls,train
8kRrGrijwfA,sls,train
I23wrzL25d8,sls,train
0sr9B6OF08o,sls,train
L6q-JpH1Mc8,sls,train
YmqFufeh8LU,sls,train
EJxZdKWqO3Q,sls,val
3AXcmc1I230,sls,train
4jkBEJjen_I,sls,train
oyLZVKmR-Bs,sls,train
XPpk6qKTsws,sls,train
QbIBGsQaT0o,sls,train
t1zRkP6rlKw,sls,train
EKdI-1pbJGs,sls,train
Ks8A5-ldnOw,sls,val
wnqEc6BlV74,sls,train
1TqQRVlqDqE,sls,train
Dl7oY7Jf638,sls,train
L_bUdyAhUe8,sls,train
-PJOW098IKE,sls,train
4ROzrTBewZY,sls,train
gjv68O4RatA,sls,train
HHcP3gBhea4,sls,train
AT4pSTXxI5U,sls,train
7Cnw1YlT-VQ,sls,train
DlgWLK8rMcM,sls,train
9kAZQtx6IUo,sls,train
aCaYQHlUwrA,sls,train
3jZkrtOtrfA,sls,train
pknn5lalPt8,sls,train
o6cLpsA6m7w,sls,train
k_7m_L1rJtY,sls,train
Zq5jgTdw3CE,sls,train
egpFiqNJw4I,sls,test
Ajbph7ScSj8,sls,train
qtC5RMb01JY,sls,train
NiH6RaZOq9g,sls,train
mtbYJQ-6PGY,sls,val
gZduIo69h20,sls,train
Wv2xCebYUZo,sls,train
HJGYgKhFJVw,sls,train
wpkqq0Dufq4,sls,train
zF7C7O1GWlg,sls,train
DLmIkq5Sayg,sls,train
jotAziIIBTA,sls,train
KsFfOmPanTc,sls,train
jZRhU2SsKWI,sls,train
4sytGjHG47E,sls,train
aR1hbeRwl_c,sls,train
agsg6lYvrV4,sls,train
WbwiYNvbZWg,sls,val
BZkJqlB0fHQ,sls,train
SeUYAmzcwK0,sls,train
UD7k-VO5-S8,sls,test
UU-Kkg_LQl4,sls,train
k_noCmGRV8Q,sls,train
KflCyfH06Vw,sls,train
KWOGroRQYFo,sls,train
02hhk-6QZWY,sls,train
v0fMvY8UtMg,sls,train
TB2JVuRXVn8,sls,train
vVF4pexoEII,sls,train
TOJlHeBETc8,sls,train
UMqC7OmUlGw,ssp,train
uU8lO_qBeoQ,ssp,train
sq22FRYVTw4,ssp,train
_ZsdPnz2eHg,ssp,train
UG-RMBRiTGM,ssp,train
wKXJMGbkUrk,ssp,train
Hqnr3tZEK68,ssp,train
fgF9p0F4USk,ssp,train
5wGzhcFF63g,ssp,train
4VLdeYza5QY,ssp,train
2p95Xd62H2Y,ssp,test
V5kg3DmUMIQ,ssp,train
RbE5uQEHrq4,ssp,train
QulkZWI6GTE,ssp,train
Uty0HDt5gKQ,ssp,train
OErA6fJ_bN4,ssp,train
aQwZPWl8DGo,ssp,test
psq-u6KaFpo,ssp,train
mODD0qHwnLc,ssp,train
WCaHN5gd3fA,ssp,val
XEqKgLsyTxU,ssp,train
TmL9eBmnVZo,ssp,train
xpvEzSNlKMk,ssp,train
W9DaEffxngQ,ssp,train
xk1xD2AviKo,ssp,train
2QImm7A2rPI,ssp,train
cKnqpDcoZfk,ssp,train
GjK8gRb87xE,ssp,train
SACiQBtzB0s,ssp,train
ULKHAgXAzm4,ssp,train
oXDDqbvHhXI,ssp,train
azkZDFD3yFU,ssp,train
t6HBg8x_Vyc,ssp,train
29mM-9Yh8TI,ssp,train
RoNR9FnkEOE,ssp,train
LQorme_aGEQ,ssp,train
wZJ3V0_dmNg,ssp,train
dtDwF0g7ddE,ssp,train
Ebd0Z2-I6Es,ssp,test
4buZ2G_48Gk,ssp,train
turIZdhNQwU,ssp,train
IJgkWVTI51c,ssp,train
m2M5DpVyzhs,ssp,train
4j_FkW4vnFo,ssp,test
NQDPwuyUokg,ssp,train
I1gmu84UGgU,ssp,train
u6qc8_MTkro,ssp,train
doCNvc0-KNA,ssp,train
DgHrDoLjeyM,ssp,train
vwBElvixVnM,ssp,train
3DslPRtUATk,ssp,train
e8g8YLpt8YY,ssp,train
OMu2qix9jaY,ssp,train
zyvew2DOY9k,ssp,test
DGV9r2gCR7o,ssp,train
Xh8IGP-xX10,ssp,train
E-vG6D466rE,ssp,test
t8_PXb61tCQ,ssp,train
GeDtfa-V2v0,ssp,train
eIp5eJdMgEI,ssp,train
UfERpn4a30A,ssp,train
e6DMyud2e84,ssp,train
GuTe4QFvt-8,ssp,val
nsUJ994HT7Q,ssp,train
UjeYFOzI7V8,ssp,train
XeUalR-UCco,ssp,train
s8XtT5kHpCo,ssp,train
WfZfBugq1BY,ssp,train
kE4uxlEkdkg,ssp,train
cQHkMRTeTJU,ssp,test
TuhlBMyiYXw,ssp,train
Au3nKx8zwBE,ssp,train
lHaCX-0Zg18,ssp,train
KZmNRt_MbX8,ssp,train
BpNtnmukVXU,ssp,train
h5kVUCHRID8,ssp,train
oBQAMet71tI,ssp,train
au-kHPhV0v0,ssp,train
lT1vypw7wkA,ssp,train
MveeFUvLqvQ,ssp,train
i6IfIbupebQ,ssp,train
aNsxoG_bpN0,ssp,train
rhdXfcGTG9Q,ssp,train
2cc12h1cEzw,ssp,train
qCourMIjwvE,ssp,train
7zYEzg7k2d0,ssp,train
CQWwNw2HCjY,ssp,train
_QoxL9u_VrE,ssp,train
j6JByGXNqFo,ssp,train
PheI148SalU,ssp,train
pHN0wZap4L4,ssp,train
IwJXrRUJsc0,ssp,train
8XmHkQm1Bu4,ssp,train
Tgpi3SeJkC8,ssp,train
TJMHOqbs3VI,ssp,train
Yv7vrjf3210,ssp,train
dni4jdEJVo0,ssp,train
f6HeLoYdwTw,ssp,train
cnMixOsj0bA,ssp,train
zKaC2-RQJao,ssp,train
kdZfu4jzHac,ssp,val
GSV7b6nggXM,ssp,train
vhKcyh6t_6c,ssp,train
StLnZW4Ew3M,ssp,train
jsGTbAvBCCc,ssp,train
hetBDZTTDBI,ssp,train
4FHFVjmIFbA,ssp,train
JO-NgW1DJY0,ssp,train
EgEEO-YhYNs,ssp,train
DHHYL0jA0sk,ssp,train
eZ9BvDQoReM,ssp,train
jIsBG_9u8n4,ssp,train
b7HzDVyBnPE,ssp,train
szibhFE399w,ssp,train
-wz1Iuo6bZw,ssp,train
rQs9m3WRCaQ,ssp,train
0pGxkdRCb24,ssp,train
7EMAdTDM-Oc,ssp,train
rDA9c-osOE4,ssp,train
4x_xYzy3Mik,ssp,train
R4orPw2RUkk,ssp,train
NW8xekP_xK0,ssp,train
JNpzl8Khe30,ssp,train
Xr4eryd-0cs,ssp,train
A4tmpRnJVEg,ssp,train
OUmfPIa3zns,ssp,train
EWi6XZOSGxU,ssp,train
J9EYIt44vrI,ssp,test
6NYa8xkm7dE,ssp,train
ikEZJNV2s1U,ssp,train
KHqyQ0ZlBSE,ssp,train
2JuOEUUaPj8,ssp,train
no6LC0d2oIk,ssp,train
dOyl5hyUtac,ssp,train
oxvXouA4SWY,ssp,train
6k0JIXSFYQM,ssp,train
M3cF3cX8eyc,ssp,train
kJ-x6rbT19w,ssp,train
Lq8odHh4XdA,ssp,train
KlqRSPRvFLc,ssp,train
-l_aaw3NcMM,ssp,train
LLeio9txPk0,ssp,train
viuZktg7W3Y,ssp,train
TvdmHvMe_R4,ssp,train
_X76y9iTJPg,ssp,train
lI4IUwgs1jQ,ssp,train
x495oxhhrFs,ssp,test
TpKiMFUGNbQ,ssp,val
h4UKEPYUeQo,ssp,train
h_e4Yb5uev4,ssp,test
a-6T7nAkVw8,ssp,train
l6Oxg8VwTCc,ssp,train
bxI8aGUj9fk,ssp,train
7B9D5Qj6W2w,ssp,train
ieslSlHnZ4k,ssp,train
Wq4cvlHPr9A,ssp,train
gzDVl8ljHNY,ssp,train
kWZMg6Vqvbo,ssp,train
QQUwMR_6DQU,ssp,train
7iy1UPxYrcw,ssp,train
t7aGQ6KvCQg,ssp,train
ptTy4SK98iE,ssp,train
N-RqkwNB7GY,ssp,train
KKy3-A1erOw,ssp,train
ZKm-_BhPswg,ssp,train
Jg5jvXPo-PY,ssp,train
NK2ZyezuqZU,ssp,train
r2Ula5uVDEQ,ssp,train
vp6W4zfkPHs,ssp,train
ln4nY3ccmGQ,ssp,train
aG_ZraDPnyU,ssp,train
B6LCfQYom_Y,ssp,train
_WwUI8n6ZgE,ssp,train
dlJ9SXGJUdw,ssp,train
Q2rKFafDKiM,ssp,train
TD6UGjghP7k,ssp,train
4nHROkohRm8,ssp,train
bVKemnOm8LQ,ssp,train
H_EnLW_3ps8,ssp,val
vhunteoV_0w,ssp,train
_7DXOrcRuZ4,ssp,test
ziV_-kLOMl4,ssp,train
0ZrapD0uIek,ssp,train
eDwttkRD4WA,ssp,train
cIe6ij9syDs,ssp,train
wgfkGZUK1iM,ssp,train
bM8_jyNkipw,ssp,train
V4OA2lWlweg,ssp,val
EGnHryIOtbs,ssp,train
1OJm7FuNwpA,ssp,train
7EezGCa_8PY,ssp,train
sc2g_iiyA8k,ssp,train
YYZKllT3onY,ssp,train
85k-iOM8hnI,ssp,train
lJK4XsaxBDc,ssp,train
53fRFPJr9JY,ssp,train
DgPYCASAsro,ssp,train
0fuRN-tghQM,ssp,train
TFrBZpbzrMs,ssp,train
7s7o6N9Hsh8,ssp,train
fR3ybrAe-ls,ssp,train
Si9VKQEo1pY,ssp,val
0WFkck-T1Mk,ssp,val
hITp23B0mns,ssp,train
8t8WzgguGJI,ssp,train
1OFiWJo8Hh0,ssp,train
AglP2dvkQpo,ssp,train
0FSGxcUWThM,ssp,test
QJ0uksY6yfo,ssp,train
ni_o6w9xWVw,ssp,train
4T7rCtnD-Ek,ssp,train
GiqwnHfMKS4,ssp,train
8AVBP02dcU4,ssp,train
HVdUB34Bp6g,ssp,train
TKEZzHTyX_o,ssp,train
rbN451Dn7_M,ssp,train
ZSpQ3FB-MfI,ssp,train
Am8N3RJLJx0,ssp,val
mKh-GJRrsws,ssp,train
rApoNjzXMvQ,ssp,train
_65idd0uqpc,ssp,train
acQIqbStXew,ssp,train
uj0Mvi4q5d4,ssp,train
fLd4u5BiUKk,ssp,train
wYIPqGMDWK4,ssp,train
DEvB7pUydnE,ssp,train
OpIHevDHMnU,ssp,train
N4fBluP5ar0,ssp,val
iyoW_A94tZo,ssp,train
vZg5Qx0bAlY,ssp,train
1vr4Gj_ANm8,ssp,val
w70xQvyR2SA,ssp,train
CSbobF1B_mk,ssp,train
9yQcQya9CFs,ssp,train
G08jVRgfD_A,ssp,train
ZCjDX_82zuA,ssp,train
IWgItvCeZpw,ssp,val
UwueStlIAfw,ssp,train
QJ0ynaOk_i8,ssp,train
XTr95gChenA,ssp,train
DTke0gCSBqk,ssp,train
oH7lnrflkNE,ssp,train
njYkdiQOHO4,ssp,train
x8zIctU_zxY,ssp,train
Tqdl-heq3lE,ssp,train
2-Yz6ZvTq_w,ssp,train
fACe7KbCPDc,ssp,train
VD6oELZbPwc,ssp,train
1QeWFRtBy_A,ssp,train
UwoMccvUmJE,ssp,train
xwSfPaVpeCk,ssp,train
20xxcmliUhA,ssp,train
SPqWG42HCOc,ssp,train
-YjVd_8c6ao,ssp,train
gNKBwjwO42A,ssp,test
R0SxGEVNhBM,ssp,test
CsWtlIa1VDg,ssp,train
zG9ZErS2o60,ssp,train
DXjisNZfTl0,ssp,train
JT_7RTEHqWI,ssp,train
QteA666X-oI,ssp,train
Gpg1XJmxOQw,ssp,train
gebkQdkvvKw,ssp,train
wzyv9Z9bHQY,ssp,train
JZD3Gvaa0_0,ssp,train
tAGATr2oza4,ssp,train
lQmi4d6j184,ssp,test
VGKhmkLtl1s,ssp,train
68foec7PHiM,ssp,train
MA_dSzi2Pdo,ssp,train
1AfvA4ETdMI,ssp,train
MTcK4xwgP4Y,ssp,train
AcEd15pNkVM,ssp,train
GGkSPLRZlGc,ssp,train
BWCxBApVqgQ,ssp,val
Im2tLZtQXkw,ssp,train
I4IL2H1M69A,ssp,train
Vww4LIZvaWE,ssp,train
fGYTYWQNY1U,ssp,train
-2sOVXAyRZQ,ssp,train
T1wjn-iR3EI,ssp,train
A6rOsGXspis,ssp,train
7Tn3oOkuLfw,ssp,train
crIrWsubKTI,ssp,val
GWo0O1Of1j8,ssp,train
34wcw5Lw9ug,ssp,train
T5N8DuuEo9w,ssp,train
j08VjuZ-xPQ,ssp,train
hYtBu0L-Na8,ssp,train
6SXuBr86x1I,ssp,train
16dj_JY9OFc,ssp,test
ZFO9S0DuCy0,ssp,train
BuueWp_3ngM,ssp,train
ufEsdqVowqg,ssp,train
cSElGQTcYmc,ssp,train
y7A0slhp3ng,ssp,train
CmeU1-YiLBQ,ssp,train
3P2EtXMCCv0,ssp,train
hfbEPAzdkMU,ssp,train
GN40pU5mo8Y,ssp,train
7ZfFBASEGMA,ssp,train
0smBCKctlZ0,ssp,train
flsjUrjpsmo,ssp,train
Yx1pZ7OYKFk,ssp,train
0hN4rNAOH7k,ssp,train
etxVJkcCBys,ssp,train
6h3Kdf6cqlg,ssp,train
XFqZeXDYF6k,ssp,test
7OLRW_qrQlU,ssp,test
ANaJIaaFNac,ssp,train
Az_ulOvZBSc,ssp,train
cz9x_jsmNu4,ssp,train
FEgzYUF41EA,ssp,train
YFWI_sczhKE,ssp,val
4eSMhb9rBI4,ssp,train
sNZVTY4cV94,ssp,train
VK_sNPQV99o,ssp,train
noMX37Vny88,ssp,train
UlMJl2zCRus,ssp,train
t8-qeh1k2FA,ssp,test
PFpSNqb-8XI,ssp,train
e14IPrb7HF0,ssp,train
8FAnjucOMOg,ssp,train
GezEKUu4Vjo,ssp,train
qpxpRpQW45g,ssp,train
73FYGC0vD-U,ssp,test
qDKsRI1TFBw,ssp,train
raX2WMcmjNM,ssp,val
SHY-NlCd_H0,ssp,train
mz7s6ISmizE,ssp,train
5q6NrZRhsxA,ssp,train
IPGBsay9_a0,ssp,train
CSyaSVf9wDY,ssp,test
UAi-4VllsU4,ssp,train
wZnPaKdOjlc,ssp,train
kab1naiIg-8,ssp,train
0_5xt0JA1uE,ssp,train
OfwDvm851jw,ssp,train
iLjt9B62wgY,ssp,train
Mkdaq7JBc3c,ssp,train
U8IZacXWFpM,ssp,train
JZwJPGUeoiw,ssp,train
96psXighlAs,ssp,val
b8kOsNoO1GI,ssp,train
w3gr8pKSM3A,ssp,train
OynHkZlRy8A,ssp,train
aB240SeDbfs,ssp,train
5GkM9-Ii4k4,ssp,train
c7KB8doItLw,ssp,train
PMIOprVgwU4,ssp,train
9jpLZ2stGeQ,ssp,train
lwaxRYaCMwg,ssp,train
o1HGzCPMf9w,ssp,train
aX4xdUVnz1Y,ssp,train
X2TPKonBqTI,ssp,train
q9sYXiZLhQk,ssp,val
pE_HNb8vr68,ssp,train
wyWU_x97z90,ssp,train
7BVyxQECRxM,ssp,train
T6qP2g7qSos,ssp,train
ytfjtZ5UG9c,ssp,train
CenAwKquqE0,ssp,train
UPYuOMtxtiU,ssp,train
C3yAWd8OUE4,ssp,train
rpWBPqQA-YA,ssp,train
mtJaAXVQ5K4,ssp,train
FiaCGgRjHbY,ssp,train
L4iufVZTBlU,ssp,train
hBLk-9mn1UY,ssp,train
1I4MM9pRbXk,ssp,train
y7Anpq_MILg,ssp,train
dvn3TQxiQbo,ssp,train
9e9j0lUUsrw,ssp,val
k-_9e6wWZ1s,ssp,train
efYG7qmyFQw,ssp,train
Wou4dicK29Q,ssp,train
MnPM_76bfBI,ssp,train
id8V0oVZMe0,ssp,train
NG6dy4nta14,ssp,train
zFGyj-Jyk5w,ssp,train
QlzQg4XakAA,ssp,train
-UGmdDm5BvQ,ssp,train
izLT-f6rLc0,ssp,train
kpQWClZryxc,ssp,train
XuQ6J9Q1Fx8,ssp,train
vMMrBCUyTnE,ssp,train
Jp2_RgQRC4s,ssp,train
HA7mwprwj7I,ssp,train
pT6u3LHyKog,ssp,train
kFlRX7czCFo,ssp,train
El4nbBrs7y4,ssp,train
H93fsVroRjI,ssp,train
QK5D2_BBK1g,ssp,train
_-KCWiWaF7g,ssp,train
ljykIbsDKD8,ssp,train
k3Of8Bj1FY4,ssp,train
DcVJny_CZjQ,ssp,train
yVWzcUPO-Fc,ssp,train
H0iPUHefWrM,ssp,train
xycNaRiu20c,ssp,train
1b7S_U2fY8E,ssp,train
5281eHi58Ig,ssp,train
_WniK4uiX5k,ssp,train
h8vduS0KOuA,ssp,train
gZx-2mNiUsA,ssp,train
IWoXH_kicLU,ssp,train
frylfbWD1Ws,ssp,train
Puon0njSEqk,ssp,train
vuBJMnhFeh8,ssp,train
XeiN3pO1HhE,ssp,val
qdvB8yOBFW8,ssp,test
d4fFr75bsHo,ssp,train
_Y_KtYhm1u0,ssp,train
B4ZyBUJfWWA,ssp,train
ZLOYoZzJ9gY,ssp,train
qCLgcCRRWC8,ssp,train
98fdKlSVRiY,ssp,test
iFI7zHgCBU0,ssp,train
8IEass_XuDA,ssp,train
DJlSdMRvdEA,ssp,train
aPwD5Qw1-eg,ssp,train
RFNcI0OOXo4,ssp,train
cxPyNmqnb-Q,ssp,train
Sv03CZppkZE,ssp,train
L5lV_VhGkRU,ssp,train
cXv2_abLHTA,ssp,train
zfXhk_WpfWg,ssp,train
opvp_5nqMgI,ssp,train
6NHE1gtJTjg,ssp,train
LLG0aTiIZIc,ssp,train
AmRJ94_hsHY,ssp,train
aPPbIPHfFx4,ssp,train
zRHsgFMUPYY,ssp,train
tLIRZov17uw,ssp,train
2zNX5Al2kJQ,ssp,train
75YaLR8uwEo,ssp,train
TD0c32VOObw,ssp,train
nvQYWPzot8A,ssp,train
3cdS5ekayrA,ssp,train
2WzVaSkJZxQ,ssp,train
QngKFxjMY-0,ssp,train
ib8PW8f9TTU,ssp,train
MeSSv-ZiWmc,ssp,test
d0RJOY6s-O4,ssp,val
-wbXZyRHJQI,ssp,train
PKsp4QlzFQM,ssp,train
22fr-FLAyBc,ssp,train
sIZbH0pw7uk,ssp,train
_em7f21klA0,ssp,train
FUdY7Apzh6A,ssp,train
6ejSYcxR_-M,ssp,train
18i6NG-Y4SA,ssp,train
bTG-a22WGdY,ssp,train
Ozbq3OsrmOE,ssp,val
GRnaP9vNmQc,ssp,train
kXBxfMAf5-c,ssp,train
kX68TFppYqI,ssp,train
7WhYl74QCjI,ssp,train
b-ux1lVm8Mw,ssp,train
ml-CaIH5AQk,ssp,train
2evbyCoxqj0,ssp,train
KSUaEoJPNic,ssp,train
iv73HVuFzEs,ssp,test
KYIiSzYyf3M,ssp,train
rdu08H2e4vA,ssp,test
vXNhuPULkI8,ssp,train
FO5-udYMahQ,ssp,train
eOP6Zg6kLg4,ssp,val
V-8H23F-_dc,ssp,train
kDOps-Xbin0,ssp,train
sTw5KWJFzmI,ssp,train
jxLNcou4xXU,ssp,train
ILghWDjcppE,ssp,train
C6P0FKbXx2o,ssp,train
EjcycpR1v44,ssp,train
RFFTjGO84ZU,ssp,train
zCKnVboNP08,ssp,train
jbVlpbuEmGg,ssp,train
2CQa497Lm8k,ssp,train
V8E5o20VqSA,ssp,train
QEk1XZS0liw,ssp,val
uYqe80N6Akg,ssp,train
8C1T8hqSM00,ssp,train
0yEAmgXovmM,ssp,train
xKIm2KFoM4A,ssp,train
N-92dqZdqAg,ssp,train
54CnKfceF5o,ssp,train
b7qhJ1uZEdc,ssp,train
Z1PNpH92aTc,ssp,train
rZBj4aKHQn4,ssp,train
AuOilRyLjhA,ssp,train
CdNO0QmgQyI,ssp,train
uIxJNg4M4Rk,ssp,train
7WOJrlJXe_A,ssp,train
1TDlQngh_lA,ssp,train
OpQTVMwiLkc,ssp,train
pi_r8OgF7Bg,ssp,train
3cnxtqMJ7uo,ssp,train
1bXffuANVQM,ssp,train
6geZWZUkYGU,ssp,train
Wtgulrlpka8,ssp,test
Bk1sNz02zjg,ssp,train
5VORONgPaJ0,ssp,train
3vzMeE8AWvo,ssp,train
bCbJ82IN6n4,ssp,val
gpYNWl4hGh0,ssp,train
4HLYSGvGon8,ssp,train
wuEnCxc-JPk,ssp,train
_w7ONVVISS0,ssp,train
4h0bRmVXgHk,ssp,train
WJuYHxOWgCo,ssp,train
aAR9dhkXxC8,ssp,train
OiPJDsFjGYw,ssp,train
CzFAqNN7ke0,ssp,train
-n1b1YgrKd8,ssp,train
NAEHFr8Psu0,ssp,test
NorBI26hzMg,ssp,train
MuOaayysf0k,ssp,train
WT8O6cGB-do,ssp,train
wtWaXB9nEEw,ssp,train
4kECKPgYXwQ,ssp,train
TXGqdSR0skU,ssp,train
AN1bOmhQa4c,ssp,train
cIu5_SwVIrY,ssp,val
9qW6261hgy4,ssp,train
a8kjiVbo9JQ,ssp,val
tEPRhatyUqE,ssp,train
YNoJ11tFIBQ,ssp,train
-6Y0qQFnTIw,ssp,train
fWF6KpDPuJI,ssp,train
x2le8KUCgU0,ssp,train
E_rPQt5oWzw,ssp,train
VPlj3AJcxts,ssp,train
fB2p3iXZLbE,ssp,train
43QFL8dUSFM,ssp,train
Jb6JQtqJZZ4,ssp,train
4eQn8eGvjso,ssp,train
O5J-IySnX4s,ssp,train
jJ17KDvoCX8,ssp,train
oZw5D0vQe4M,ssp,train
B1sREGgeRUg,ssp,train
9t4LM5O9Tq4,ssp,train
8WMqOcYzTSc,ssp,train
1H4UJFuh7UM,ssp,train
SWPSUrMMhH4,ssp,train
fytHrKmB-dk,ssp,train
WlZmGpBh9oA,ssp,train
AwiKf7K-o6o,ssp,train
To1Mkj-jYOk,ssp,train
iIHGIQvItyY,ssp,train
YIjG_vsshZE,ssp,train
1DVs9Jd3X00,ssp,train
o9-9zKeBsYk,ssp,train
ujm6LbSXqAI,ssp,train
SOCwHQavXM4,ssp,train
RZ5DLiC7AZk,ssp,train
6o9FSgF3--Q,ssp,train
3094QU1xVA0,ssp,train
drlX5fvuaT4,ssp,train
Bij4A7nWUrc,ssp,train
hk0w5GI22q4,ssp,train
yv0CjcVCqHc,ssp,train
AXW-rc2ia0E,ssp,train
sz3vfhjZgkk,ssp,train
7zx7IYEgsDA,ssp,train
GLeWSwH9ZFo,ssp,train
JUqKaSMBlkA,ssp,train
i7XXDfdwcgY,ssp,train
XdRsriTbx4o,ssp,train
kTRezHnzw6w,ssp,train
One9a_PzSvc,ssp,train
Sugl7O1vasU,ssp,val
wPwxUUrrLxM,ssp,train
wttupkGvqx4,ssp,train
zt55bH0rgm4,ssp,train
1Ox6zmmAFk8,ssp,train
o-W99owiSlg,ssp,test
1cT1QvE21jE,ssp,train
FbDaH8106NI,ssp,train
8Z49iUKrQ5s,ssp,train
Cdzzhl52p2U,ssp,train
niLyeGQ1a2A,ssp,train
rqtxVSwNGx8,ssp,train
5U9oSE1A6nQ,ssp,train
t9V9iQ4nt7M,ssp,val
vo4FY5e-JYc,ssp,train
czKoubHrX3U,ssp,train
Ew_AniDrk_o,ssp,train
8eGq7vEPFEo,ssp,test
uUZBSkow6fI,ssp,train
0s9fX3XG_ks,ssp,train
zItyNh7Fpb0,ssp,train
oXz0uhTZjhg,ssp,train
I9Flx8pHCP4,ssp,train
1s4v-Mygobw,ssp,train
SqLAHlMvZAQ,ssp,train
xrUwmeCQj0c,ssp,train
31OPfBsTOxM,ssp,train
oWMDeiqYzic,ssp,train
YBarutxslcA,ssp,train
-UPZuxjqm4A,ssp,train
mCFhAS2xwdI,ssp,val
2BV1v3bucNs,ssp,train
znTJ7GJ28rM,ssp,train
DmgPkkJIHH4,ssp,val
-EaHn3dSBBk,ssp,train
CTtsphDUTUw,ssp,train
mfM2XgtvPFE,ssp,train
hMm7R9bFhv0,ssp,train
khTf8_RoXbA,ssp,train
uiRgwOKIIYo,ssp,train
KAHh80lxSBw,ssp,train
78HhiTvrwQE,ssp,train
6hzgi_otf1o,ssp,val
9WksPil3mrE,ssp,train
LPtbUB5FozI,ssp,train
fG3nfuT5exg,ssp,train
5kcpRZQ_CAA,ssp,train
lqTeixv3p2g,ssp,train
vQ9SdanZW7o,ssp,test
63qNoVcBJ4c,ssp,train
WBDRNocW9n0,ssp,train
UvMZ4IwYjKs,ssp,train
llrhWWj7o8I,ssp,train
k4rXLGXU6V4,ssp,train
AOoPia9_ofk,ssp,train
D77bhovjEBM,ssp,train
vXwZj0zT-As,ssp,train
7LrBrILYctI,ssp,train
sNRPtctlcfc,ssp,train
9ksEjdlUt50,ssp,train
L1PbBfC0mX8,ssp,train
CS-5JN7wPkE,ssp,train
i3l69krUgH4,ssp,train
uSZEIGHAQRY,ssp,test
TkoogDiGO_Y,ssp,train
_lJJOb1XC1o,ssp,val
1rNQ7YhHzt4,ssp,train
Erw_s1cP_zA,ssp,train
Qy4buiNV8oY,ssp,train
bZWg7-Ng2Sc,ssp,train
fyQkfz_tHWw,ssp,train
o6AY7Ka1lJc,ssp,train
zkSeU-k3-L0,ssp,train
SzGv0MYAur8,ssp,train
tjRjqLlrXSU,ssp,train
ofNtfJ6O5Fs,ssp,train
6_S8wWOvi4g,ssp,train
ALRooScHA0E,ssp,train
r4Q7_h6UOCs,ssp,train
o4TpZLIuneY,ssp,train
SfuSMJjbWnQ,ssp,test
7hkHDYOvHK0,ssp,train
PVzovEbkR7o,ssp,train
A0a9G2XJA4M,ssp,train
ibJOtSYgt5s,ssp,train
MmYr8OdpGJA,ssp,test
lcht_g7m5PE,ssp,train
nGFRhqro48Y,ssp,train
U4h3X0CNoNE,ssp,train
UpbG7D1tGxk,ssp,test
d1drLy_RXO0,ssp,train
0xIt5Er-g0g,ssp,train
c9tX2mOmXm0,ssp,train
kIEVoQ6pyQo,ssp,train
MtvOf18WNbk,ssp,train
RpMWYKvNMy4,ssp,train
mxvr9rgSysU,ssp,train
qe1bVXy-aS8,ssp,train
9ZbxKrS4jdY,ssp,val
THNuym6Fxnc,ssp,train
I35NEzzhxBE,ssp,train
AhAPl1DnIpE,ssp,train
ksICoqH_wJI,ssp,train
6XajKu_wAcY,ssp,train
SjxrKuANrB4,ssp,train
fWiZT0Gk0Lg,ssp,train
WcCswt2eXLs,ssp,train
wCs2DbJwBZQ,ssp,train
rlrsj_zv76o,ssp,train
WpFKpQAjs_A,ssp,train
_4Xdr-gi-uk,ssp,train
pyzoSmizzzw,ssp,train
xXzxLskD8SI,ssp,train
1wpJB4aEs6M,ssp,train
kql8qhB2RPw,ssp,train
SxqaOfK3taA,ssp,train
dx0k9iH1IDg,ssp,train
a4I6dHgqwpw,ssp,train
ciHAKpm7reQ,ssp,train
N4gtOa0uVI8,ssp,train
ZWPCq4Xy93c,ssp,train
jBS2RRF40Qs,ssp,train
ILIacJe7LJo,ssp,val
N5ydUeFjZMk,ssp,train
xKDRc5Fhrmo,ssp,train
85bc3kcK8JY,ssp,train
UxbQ1bp5_Zg,ssp,train
UmNUTEZKWsA,ssp,train
YQA1mwJ9lBU,ssp,train
5hkpkApYkTg,ssp,train
QldraZdLrBQ,ssr,train
RmPJP9apxwE,ssr,train
1CTMvrzoR5s,ssr,train
Pb_yiznfg3Y,ssr,test
eJ1KsTmrHSI,ssr,train
W4KOM45LpyM,ssr,train
KfjX6abm0Ak,ssr,train
P_LnLmMKAs4,ssr,train
dBYsw-PTKWQ,ssr,train
v5xGyEIso6E,ssr,train
lMaW2HkmGH8,ssr,train
yV7UTb_nA_A,ssr,train
dzoliugFSHw,ssr,train
0q0LHON1Dug,ssr,train
8fNtRbpv6oI,ssr,val
GsoXjjYrU4Q,ssr,train
cC0P7i2Gs8Y,ssr,train
BI4gHz9gPd8,ssr,test
nNUI0dt37KQ,ssr,train
CYryRQ76a6E,ssr,train
AqkZk6ADiuA,ssr,train
P4s_vpjc_EA,ssr,train
U6SblRJs4v8,ssr,train
W5ZQTtsPUAM,ssr,val
pJp7ZZqDl-o,ssr,train
mYmuD66bz0g,ssr,train
Fv205CoQf9M,ssr,train
G0qj8IMYO8o,ssr,train
bC5YUrEEing,ssr,train
q3TKJHEKk08,ssr,train
qleQXdW-24c,ssr,train
uUpvEzufO2U,ssr,train
l5ZINbUKY-8,ssr,train
b6W4LvdQcoc,svk,train
gEjHccgKR0I,svk,test
ObdQctD2rwg,svk,train
rm7CM65WaDk,svk,train
yTpYaE-b7RQ,svk,train
2I9Zzb6LOu4,svk,train
QLp_DAmOHQ4,svk,train
0O1z_YqUn-w,svk,train
rfjXJX_wDhs,svk,train
yPdnjzihkfM,svk,train
6yMnvMwlgr0,svk,val
f8ifeQffidk,svk,train
cTnkEJZYhdg,svk,train
5d_qdYLenIU,svk,train
NFbioc09fPA,svk,val
MP5hoH-E6pA,svk,train
w1tNGHV_34M,svk,train
jyQg5Lyny0Q,svk,train
fV_6brt51Jg,svk,train
_zHdoZNJ1CU,svk,train
9_QaubMG2aU,svk,train
Z7oET02SsaA,svk,train
RCrnMCgGRBY,svk,train
RlXGSWipOrM,svk,train
etQ09eh7AZk,svk,test
snk_dWGLftA,svk,train
aZ_7ekZ86-g,svk,train
zzIjy3QAYMU,svk,val
g6GGKQA8EOo,svk,train
gKVuFeTIrbk,svk,train
SzziglsAHIY,svk,train
05B_XyCZXkw,svk,train
vV6ro7A5soc,svk,train
XKAenAa3QwA,svk,train
eECIMjRNEzg,svk,train
eH3rw9O_M9I,svk,train
b9Wzb5aOsw0,svk,train
GaglzRjRwn4,svk,train
Vh7_QMEVxps,svk,train
NQvngyifnak,svk,train
M-CWBHMrP9U,svk,train
C3sgyr02deg,svk,train
2xUviSk2VqI,svk,train
mAPQvouwP7c,svk,train
qVgRuLXkEVg,svk,train
oio_ukPb3Ao,svk,train
7eMzmKdS2GA,svk,train
hmxQ6roFa_M,svk,train
KTnPl_iucHg,svk,train
OpSE6zkW1cY,svk,train
Y6rJeRHo2Ks,svk,train
JQVkykwxGuE,svk,train
1XoJGs6AYgo,svk,train
i_W1QHPyD9U,svk,test
afT52NVFu2I,svk,train
6-nK7Hc-yBQ,svk,train
Ebd0gT6Ke7c,svk,train
w3APWnfkhww,svk,train
GOX0ZfpMJvM,svk,train
XZA6ZICGfRQ,swl,train
wYSPrmkjF5k,swl,train
SzJ48olM2zA,swl,test
EqwTb1XLPh4,swl,train
MBXieNGA2jo,swl,train
Np7efUQJWyU,swl,train
A6V_idOTwuM,swl,train
W-XJ7s8Dh5A,swl,train
cP70DNwESwA,swl,train
0quanqV9TLM,swl,train
mEpaCPhLNlA,swl,train
vV2Adqotfyc,swl,train
wtoikMk6EHE,swl,test
lwU0ZNMenME,swl,train
EUik7Khxvhc,swl,train
ShHfe01U1to,swl,train
EWDVrdO79m8,swl,train
WZmps-ID9QA,swl,train
KHHjunqyVAg,swl,val
oVbLjxvB5G4,swl,train
80Kd5UiT8-M,swl,train
EgkQi6sQ-6o,swl,train
47AlAjqfW1Y,swl,train
tilIkPe7lag,swl,train
R8Hy_uvLR-w,swl,train
7SHvWO2kcXY,swl,train
M3iq2v017Tw,swl,val
6zU2uvzwXh0,swl,test
Ks2ozJL3ci8,swl,train
lvHO1HjG_Os,swl,train
R6d130gly-k,swl,train
mI1xYASB5a8,swl,train
RVN4RIEvETo,swl,train
yIRH3E-WMfY,swl,train
akZPxehQLUQ,swl,train
JXtXgBfjnuA,swl,train
6QOquypYd7E,swl,test
8q8qVca8IJw,swl,val
JB_KkJKKkTI,swl,train
qWsIlHnKqpw,swl,train
z4h3srveK0c,swl,train
V67n-bvuTlk,swl,train
RiCfJTkZawM,swl,train
DOzB5ctJ3Rg,swl,train
zUo0AN_rbJQ,swl,train
JRBI3Qcndcs,swl,train
xKgjKO7xKg0,swl,train
tCfXlGdxluc,swl,train
q3YdbxqoqI0,swl,train
TKH7rpsuFlg,swl,train
c8RB3y6mSQQ,swl,train
icz0ANRwxzk,swl,train
eFaQ5VIn8Bo,swl,val
oHDmE9Snack,swl,train
8hHI2Wmo5aQ,swl,test
J5SUlw9uD_Q,swl,train
MJ3mz3Onrgs,swl,val
VA24vWpLnhs,swl,train
s49MXQ5-L1o,swl,train
3ShrRyJHSU4,swl,train
DqpVyPZIi34,swl,train
Tmj8ZOBx6yk,swl,train
whp3qggCpBw,swl,train
LItziFlJnzg,swl,train
3jO6zC7vVEQ,swl,train
8pCWxUX81hM,swl,train
qfy_ByCgVhw,swl,train
D-Rf0tguWjQ,swl,train
mGJR3sPcftk,swl,train
cj3TfxvaYc0,swl,train
7lcE6M_fZz8,swl,train
lHbhFe2VG10,swl,train
n23eLRj5PUU,swl,train
SODonhrTRhs,swl,train
1-0JNGEc2t4,swl,train
ERMJ5g-IYBo,swl,train
kPdrfDv54p4,swl,train
XYd6rxL_l1M,swl,train
jk06BEKQNTg,swl,train
jAqRRSqw44A,swl,train
s6JiJyCDa88,swl,train
oCcgGyfkrrw,swl,train
iQzh0fgbTs4,swl,train
2M4urO1XobU,swl,train
j3L4uCsUdqc,swl,train
gE1vQu6wWEY,swl,train
N_KsgrWKOXI,swl,train
QzbyAl3ctHU,swl,val
-0weJcpOltM,swl,train
i3kLrLW6HiI,swl,train
_cEZhsArIa8,swl,train
JTEf5uz3z_Y,swl,train
7yxP5PqAHl0,swl,train
8MDkfB0R2ns,swl,train
QIxxiLPFEG4,swl,train
WGLmFBvilfY,swl,train
2cLv_SXudrk,swl,train
o-6WL1-MC28,swl,train
m_q7lOXHIHw,swl,train
Fk0OpANz_3w,swl,train
ieIJz7DTPws,swl,train
MRgmy4G2Kec,swl,val
7FTRL0BXyNQ,swl,train
ypFXkTymuiE,swl,val
hLGfgM9VTbM,swl,train
WaFD2QJOTV4,swl,train
G7o6Xoets3w,swl,train
HroFP3xdP1c,swl,train
R4gZsh86cbs,swl,train
77vCh8pvFcw,swl,train
6tRqvWqexPg,swl,train
AD_Gj5v-W3U,swl,train
b5XQFDUlGEU,swl,train
B_xcOk3mHk8,swl,test
ZKjHEBKPYfE,swl,train
iLVluI9hMF8,swl,train
790x2c1V7eM,swl,train
x_GFCELZo5Q,swl,train
ispxhDR7ZUQ,swl,train
7-0g0WxvaKM,swl,train
CBNeSzwukmU,swl,train
L3YER6UhQLk,swl,train
GBbzfCi98BY,swl,train
pr_11bPuSOs,swl,train
UUMtkTk4Ryk,swl,train
VyKo6H1K44k,swl,train
EOWKcjcZveY,swl,test
SGhOZTGkVz4,swl,train
oG4UJeNxWR8,swl,train
l6I7hHEYvA0,swl,train
8eX7bg4qcok,swl,train
GxNhcmfOeE0,swl,train
yuz6CqxdpwE,swl,train
wL8O9zgyjCQ,swl,train
Ly9TkfRZayE,swl,train
OBOIdM3otGQ,swl,train
qU3w83Z0708,swl,train
Co23M0p22xw,swl,train
9MthmAtSwh8,swl,train
kfEpuFXfgzo,swl,train
thxox_Bsf38,swl,train
sNv9r8Xl86Y,swl,train
sTKssQR8QBI,swl,val
wxwu_Y1z-Wg,swl,train
UTiL1A1bK2U,swl,train
6AD0QbKxzlo,swl,train
GLSfXpNhtvo,swl,train
8MBCA2uNGPI,swl,train
RgyXr5yiWnQ,swl,train
KpFSHOE2UAQ,swl,train
tclI5_BFVVQ,swl,train
QcOqJv9LE1E,swl,train
ViABW_imBJ4,swl,train
VSKJ1AyaTsQ,swl,train
1Q-FOGPcx0Q,swl,train
yAzIOTnsv6s,swl,train
LWrBMm0EHu4,swl,train
QFHRJ4_9XT4,swl,train
-CosCZc61-E,swl,test
jk4x_twzcLU,swl,train
klHY02ntyPk,swl,test
6ZNQpafzPdg,swl,train
89Yoaxh8NTM,swl,train
1c9mX597yaM,swl,train
mgY_o8Gvy14,swl,train
HdScOVFeYSw,swl,train
3-Lq_VenWYY,swl,train
-rt_keMLDSU,swl,train
MYfL6jLE32Q,swl,train
2OwY8Lkn5dk,swl,train
aCeixBmnx94,swl,train
rdn4GkJUTbw,swl,train
UVKqayGIzvA,swl,train
fBC7-_EdVsQ,swl,train
IxGNzNOUlRo,swl,train
oEiuvpYckCs,swl,train
lMjDdHoPxns,swl,train
kEzqyw1QeA0,swl,train
soEVZjGQ3mQ,swl,train
oa6T9VWSfxU,swl,train
bwCAueTvGeg,swl,train
bCXvEN2Q_2k,swl,train
XJtLw51xQxs,swl,train
v5CeHByOop0,swl,train
LTIViZejgXE,swl,train
9Iz3EWIt-ns,swl,train
Wp4GtlpAHFg,swl,train
DpszZRQH39g,swl,train
_tawe1fqbac,swl,train
aS3R-8unZck,swl,train
0MfC_BSQx4Y,swl,train
zWeYlnaYez0,swl,train
vfF8Hh5yHMU,swl,train
otOTb4dtXYI,swl,train
iyopbYUuH6Q,swl,train
cFSoutlG8ik,swl,train
B_3M4KLfjkA,swl,train
IVeByiEwd14,swl,train
HZDXODUrow8,swl,train
ocni9KnZFcs,swl,train
ASRv9BVuzew,swl,train
-KHNIBQ4Dqw,swl,train
A1Tiryk0sRw,swl,train
sgO8ne59l4s,swl,train
UC9O1Oc11I8,swl,train
l2k8-cAw0K4,swl,train
pLSUFEjakKA,swl,train
n0fuK-A0fnA,swl,test
5FuJX7P3OcU,swl,train
D5gx7rIcb_4,swl,train
bZzyNKdi21U,swl,train
_wVTh-Wan7Y,swl,train
2FIHMSOgX7U,swl,train
MZwGtM6WFGQ,swl,train
72-5UvX7WXc,swl,train
BBe8miaWLrk,swl,train
yXebeIYEyu0,swl,val
_k1J0W7SSyw,swl,train
kg5SvN6vmt0,swl,train
j4RSuPs0Hgs,swl,train
Wr34FHo6yCw,swl,train
Z4PmSVheRgA,swl,train
r46zcE4dqqw,swl,train
x9XvTJTy6Rs,swl,train
zj2fQKfDvKc,swl,train
4vL3z-XlGKE,swl,train
DoHa4c20H-g,swl,val
_tdTiwEIlz8,swl,test
4XD62SFnMjs,swl,train
S8kZoQVxU40,swl,train
_LM2h9ogX4o,swl,train
-BRhtB-FFdk,swl,train
sotdboIxkvg,swl,train
_GhomyGQPS0,swl,test
y9XcyW6e-Rc,swl,train
B5hpdwQ5J9Y,swl,train
rNP40eCaPGw,swl,train
ppWGKKBjnAc,swl,train
JJTl_QGS9TI,swl,train
7-qlm-yjD9A,swl,test
SJLTiTdilI4,swl,train
gJK-dIQloxI,swl,train
AM_NGPEiqos,swl,train
CppCf8sjOKc,swl,train
IrCHpHkkdqM,swl,train
S0UQkwKROQQ,swl,train
Hv81DdiwYyc,swl,test
vgpED2_TUPs,swl,train
NdopaSMxnkY,swl,test
BvgjplVcXtI,swl,train
kWTeGVoJuJo,swl,train
MAmTiNzkL4k,swl,train
oefAl-kvAPg,swl,train
oYNHX2Hh6dw,swl,train
suVivInBpkA,swl,train
JCUfC3jltCs,swl,train
OgcbYFfzjeo,swl,train
SlvwVifbAPk,swl,train
6KOjj8XE0cI,swl,train
S96HbNsx2oQ,swl,train
owDWmX3C8Gg,swl,train
jheSPc2598w,swl,train
SiJ_nkWbJJg,swl,train
p7RcMlHrwbA,swl,train
xcMvJW44nHU,swl,train
m6NWqKPy9vA,swl,train
BmLQ5GDLITQ,swl,train
8Pi_2f7GRLM,swl,train
nLf4o0buiVI,swl,train
elX7iJxaris,swl,train
zrETHn8FUaE,swl,val
MFLhKKXan0U,swl,train
Eivd-fmxcok,swl,train
3St-OFQ3274,swl,train
0bigmk_64OE,swl,train
J6MpJ6u-M-I,swl,train
SRe6hGRuyo4,swl,train
9AeUM12487Y,swl,train
nSJlxg6DpR8,swl,train
XtGokGiaxYI,swl,train
2cK530UlxYY,swl,train
KOLuvQOd0gk,swl,train
Et_C6tLF13I,swl,train
1JvOw09N3Dc,swl,train
mitBPZKXvX0,swl,train
A-L2nsRYIqE,swl,train
WebOcGddFW0,swl,train
wQ3UJo9H-6A,swl,train
Kuy3GvMIWTo,swl,train
CnUajCRzdfA,swl,train
X6ryZfE6KWQ,swl,train
QYgMne3mYGQ,swl,train
TCt4lpcmXPE,swl,train
nkp8yUaW4_Y,swl,test
R-yxjBsm5LU,swl,train
Umjd6pIYSy8,swl,train
6NOXXs5PIGo,swl,train
a5IloiuufL4,swl,train
MmUFhM9jjss,swl,train
qv-9nanDqLw,swl,train
97r9bu-OyjU,swl,train
ylM0p4aq8Qw,swl,train
5ODWg6sm52E,swl,train
JYCx1Gkys6I,swl,train
bJ74hOS_BNI,swl,val
GHwQ1bILyv4,swl,train
p8XTtFtt30s,swl,train
tk0SsK30DE0,swl,train
YxYflxKCiTk,swl,train
kMd7P0jQVS4,swl,train
EqK-7ta6w8Y,swl,train
AN4sMiEJ2NU,swl,train
RsUwdkjXw-U,swl,train
w4qhXwPxTnc,swl,train
8mp6QYur680,swl,train
RAUArYEdImI,swl,val
KvcYdaasaiE,swl,train
nv-ONLr6YPE,swl,train
nR2-AHy0z0E,swl,train
hskAEf3XUC4,swl,train
B7WR-hvYDxc,swl,train
r8nkMy_MnVc,swl,train
SxauKIaUSJ4,swl,train
Hku1RwmMbT4,swl,train
nnTGNNlDxT8,swl,train
iy77SDiLK98,swl,train
6eaU3ExmU6E,swl,train
X29nmb4t6IQ,swl,train
3HXF73Rfnw4,swl,train
zLsbhsdnAdY,swl,train
CCja90IYSro,swl,train
aUSwQCPb3nI,swl,train
_Q9wFg3ydE0,swl,test
FrkscRyseAk,swl,train
56QkhBWicI0,swl,test
AzONNO5JZqQ,swl,train
XlSMVd7ErPs,swl,train
V071kaozdVs,swl,train
Xl7OiskIFYk,swl,train
GKf-dKGvfGs,swl,train
a5xFreXC_i0,swl,train
a2ZylNljDVI,swl,train
P1KD8GBBfL8,swl,train
PNcMssdOfY8,swl,train
ufGXWWKdqms,swl,train
IpvksGFkvEw,swl,train
WsNiSHKlgqo,swl,train
KQRKbNvFjyY,swl,train
p0OjcG3vhDI,swl,train
NWmzc_0eGCo,swl,train
ZHZy_PFqsn8,swl,train
6Lcq7FajjOM,swl,train
jufzNX2sudU,swl,train
iuvTggRzKoQ,swl,train
velUqbFZZag,swl,train
NgFlJNFsBB4,swl,train
tG0gp869HJU,swl,train
n8KyQJbSIrk,swl,train
seTf4wNSDtg,swl,train
H0Amt9NCqfc,swl,train
DOFyVh0zaHY,swl,val
EdB-D97ux9s,swl,train
8IkiPXn74jE,swl,train
Gkj67Ijq82w,swl,train
oILema5KTZ8,swl,train
-JkycklWD1M,swl,train
UEpN26kzjXM,swl,train
ADDK0zLiwdw,swl,train
Et9GyR_sMaM,swl,train
haRTiR6KECs,swl,train
zxBFepvmXVo,swl,train
C9UI-FROzVE,swl,train
GdM0j_KBbn8,swl,train
pRM1sbseWEw,swl,train
LiTQpqvqfzc,swl,train
-_ZpPM27CkY,swl,train
kXDQ86UGmcs,swl,train
rj36bm1n_gU,swl,train
F_6ZJGzJ1QU,swl,train
kRo977iuFRY,swl,train
ZjJky81sZuo,swl,train
4bNBYro4hMA,swl,train
hfVMqkmB0to,swl,train
-HZN60iM3Po,swl,train
QR3CmSDhnoI,swl,train
oTN-9xcanjA,swl,test
aJnk59PLavw,swl,val
2a_q2zdahjs,swl,train
WKf7RKlNKzw,swl,train
B-8oRY3nMdw,swl,train
w3GS94Q91lg,swl,train
D6wNJyGwaYk,swl,test
73tsqr6Pxnw,swl,train
YGbTYTIKqGY,swl,train
nuq4GzW87sQ,swl,train
YG5yE-uf6RQ,swl,train
PM7lm7utldY,swl,val
K-FDQnr13do,swl,train
N_sif4CAJrg,swl,val
T-rcgL_Sqow,swl,train
nt1SyN364Vw,swl,train
_3RcFiU26uk,swl,train
bvs_5QSV2C0,swl,train
xTTduvnneJw,swl,train
qSIElVn8f2I,swl,train
7uOzI6hVFTc,swl,val
aKKyVXeDl2g,swl,val
YmpHQdwytHE,swl,train
RYHNJr2K_Kk,swl,train
7WtsMzq9vIQ,swl,train
oVhlcuR0res,tsm,train
OmIa21bjxpQ,tsm,train
2d9aTwjGUdI,tsm,train
A2fkcweHcug,tsm,train
GnRydH0ybu8,tsm,train
u_BIK8av44c,tsm,train
f9mZc0MU9fs,tsm,train
lG5D2cy1kxs,tsm,train
nB5VWllhDso,tsm,train
M-z9QISHS3w,tsm,train
SeI9xqn-gmY,tsm,train
wYf7LFXa348,tsm,train
Bt_FNR1xyyY,tsm,train
TYtKNVGfSzQ,tsm,train
0jUjR_hp7iw,tsm,train
2nldVzL3KHo,tsm,train
T0LFtQLQts4,tsm,train
bEotU9eNr3I,tsm,train
x9b7c5Zwk_U,tsm,train
j5FxKYfbQ8I,tsm,train
wM_91q3upmw,tsm,train
B3Me81Xf2PU,tsm,train
r7fahIKMsV0,tsm,train
WBVp-x-YQxw,tsm,train
q55OY5vd1qs,tsm,train
yi455vFExb8,tsm,train
T1s-cp_NJJg,tsm,train
GVz_FdM5T_A,tsm,train
rDC7Xze6OIc,tsm,train
-UFYNRIE208,tsm,train
kaWg31dwjYw,tsm,train
rBJ2tF7fm1s,tsm,train
WLj9ZiuJQuU,tsm,train
KQ8XoQZFI78,tsm,train
qCPpVyS0tsg,tsm,train
lep5asxvMgo,tsm,train
jgMrs2wLp7A,tsm,train
IhyAijElLW8,tsm,train
HW6hRQw4Mws,tsm,train
5uEDtP3qjhs,tsm,train
GnfWw4BL-tY,tsm,train
SN0zlJDpBsU,tsm,train
NsMVYivzNso,tsm,train
zTFVSUyB5DE,tsm,train
Z0o2--xR3EE,tsm,test
NBqc9UvhhNQ,tsm,train
m6MhpXKoX8E,tsm,train
H--qa7oP_es,tsm,train
g9VoJmOcWH0,tsm,train
QtgBXqP4wVk,tsm,train
GFgcixtn-0M,tsm,val
IEpB6fkbETI,tsm,train
t52KyjKiDuc,tsm,train
xqirEtZ8Snk,tsm,train
4Oo3smnl3oU,tsm,train
Ysjg2E7UJ7s,tsm,train
ihRyX4agAE8,tsm,train
IH366s0nnQc,tsm,train
GudaRnF7ciM,tsm,val
mBWH4IYUYgM,tsm,train
FRZt17La__U,tsm,train
oSd71tUTNEo,tsm,train
paQjSxw440w,tsm,train
6TPoDDOwF4U,tsm,train
HhKpiY4bBpo,tsm,train
ucSh_RqY5mQ,tsm,train
uQNLhdJumC4,tsm,train
FmX_BJgA-Cc,tsm,train
yvFFq2hOejE,tsm,train
KnFILxdiAN8,tsm,train
lB75p8TNdvo,tsm,train
4QfzfPSo8zE,tsm,train
WmOv8FDuth8,tsm,train
LLxuDt5Sjag,tsm,train
g3GGMN24FLs,tsm,train
MNOflggn5yk,tsm,train
ckdsNJm6VDI,tsm,train
ijNVkcP5ljc,tsm,train
_daO5h5l7hQ,tsm,train
h18A03wTraY,tsm,train
AKAUXWspSno,tsm,train
HJ0V_JzS1go,tsm,test
RalKU175Muo,tsm,train
JGb5qIiC6Ac,tsm,train
nmAowJhz0mc,tsm,train
PXH3yJ1e5do,tsm,train
cHyvZ9-DU6U,tsm,train
bRZjTApMXMc,tsm,train
Mo_qDv3DQSM,tsm,test
man78Dosoj4,tsm,train
xgoxo-Kp05Y,tsm,train
KwafsRFGiOo,tsm,val
aOFjtmvfvuA,tsm,train
DqU0ZbhNrn0,tsm,train
oYEg5-z4P-A,tsm,train
P6wOLWFdLhE,tsm,train
ZBvmnre7ADU,tsm,train
vgrsb-1POe4,tsm,train
iUf09_NMpbg,tsm,train
KIN-TbR5NjA,tsm,train
RV03UAWGfm8,tsm,train
-EqWhX84htQ,tsm,train
gq3v4oLmvFk,tsm,train
_MQem_JkThg,tsm,train
t4Mex9WZzS8,tsm,train
Js2W7aWrht0,tsm,train
EbNFyqUEh_0,tsm,train
BlOnEngKeME,tsm,train
jneNA309RFQ,tsm,train
e0yrzxt22ik,tsm,train
vQIDsG3S_fA,tsm,train
Aj5ePlJUs_s,tsm,train
cB7oA1mgmyE,tsm,train
92iBQEHPmv4,tsm,train
AAMWt7b9wAI,tsm,train
A3vz_Ymw8Wk,tsm,train
QeO2Tfv-7jY,tsm,val
Qiy60BGwRT8,tsm,train
-JWRLbQAfSE,tsm,train
eo65Je6yHg4,tsm,val
Z5Dp577tG6A,tsm,train
pLKx_LSBDhA,tsm,train
iKJOp7ZFQjg,tsm,train
j1V385_Q5SY,tsm,train
lngoE4c6FxU,tsm,train
_6TLPgHwGxg,tsm,test
Bb5WO3L5Ndw,tsm,train
ocTT5Rs1wHo,tsm,train
WjIuDVESkw8,tsm,train
yIUxLd3S4mo,tsm,train
SXX4DCU513g,tsm,train
rlbyZT8iuNg,tsm,train
iaWkobV_WZg,tsm,train
8U_cbcYNa0o,tsm,train
ovL8yZTx5sc,tsm,train
49HqEE4uUVk,tsm,train
9xXdZrixqxw,tsm,train
V2FjfhooLZk,tsm,train
opCjqzszh0k,tsm,train
P3rfmUTPYhE,tsm,train
Hz0Dims5XZw,tsm,train
YrFv4XnI-N4,tsm,train
mjjh-RvgpSc,tsm,train
PPf6XyLEKNA,tsm,train
c2S7KDNiVrc,tsm,train
fYK-JuLNm14,tsm,test
NtaH7qkSFoM,tsm,val
j-XWdSy1Tf4,tsm,train
dMbqGJyq-GY,tsm,val
d8o5qeaXYR0,tsm,train
JyyK7cbnB24,tsm,test
IIbjlav3ma8,tsm,train
5FiUeQc79k4,tsm,train
6KMJI1QIU5s,tsm,train
LTqH26rL8Ig,tsm,val
_y0ZeSEMlmQ,tsm,train
l6YeTdFmuGc,tsm,train
KlNNBBTnhEs,tsm,train
kx-D9ZbjCME,tsm,test
BBbsRucxlpE,tsm,test
j4Jho0nxaYQ,tsm,train
itX1mSGTHGU,tsm,train
LS2Y7YAyI_w,tsm,train
Ro2SjMoIS50,tsm,train
V_JUXzVc1Bo,tsm,train
mP0LfnYxVFw,tsm,train
CZuKCIheRuE,tsm,train
34HVUjviw7s,tsm,train
9Vw_ZfWSe8c,tsm,test
JI8wR049sX0,tsm,train
XGKafLZgmiY,tsm,train
PTjdeS-1Qmc,tsm,train
EASo9-T5g3Y,tsm,train
A5WP62y9lz0,tsm,train
QvdKebXziaw,tsm,train
PoAocZO_QnY,tsm,train
9dfSycw1g1U,tsm,train
KBdpoPIO474,tsm,train
d4hFOorY4mc,tsm,train
lFWzGqYi9Yc,tsm,train
PG75iyUAJKw,tsm,val
Cw1tLhzEQrw,tsm,train
zBvgllhTr3I,tsm,train
02Nk-lAcavw,tsm,train
4q-kinGYW5M,tsm,train
HS-N0CwrI_c,tsm,train
roBUap1sgmM,tsm,train
LK__td7VESc,tsm,train
MuQXyvCwT8A,tsm,train
VpXLUNvogJM,tsq,train
wD42Hx2-qKI,tsq,val
wW77GSGjx6o,tsq,train
w9n34ph8Ves,tsq,train
xzpmtJMFA-Q,tsq,train
ZmsMTy2u1sA,tsq,train
X1w_1HbvD1U,tsq,train
-xyTG_ffCJ0,tsq,train
y2UkYonlhA4,tsq,train
BtOCKbs8rmw,tsq,train
JUxRnR4ASF4,tsq,train
nSCOt-iXxT0,tsq,train
9kSsZajhH9I,tsq,train
Q0nTRlutCTI,tsq,train
6RhxHpiMb9s,tsq,train
7wJGk38xftw,tsq,train
sSZfvLt6ups,tsq,train
oR8x0jBuipk,tsq,train
eub4UhTx0tQ,tsq,train
fxygKINuEpY,tsq,train
fDXxgXe2elA,tsq,train
0Q9dJHWc4uw,tsq,train
8U9D2p1ekcc,tsq,train
hJioiyBiG1E,tsq,train
m_VSwObhbJQ,tsq,train
yAarq13OyPA,tsq,train
r9A9Ob3KEzk,tsq,val
MQHUxkOiwyU,tsq,train
m_Hp2NLeAXI,tsq,train
OlFUBPGMbaU,tsq,train
TAbUIQ983bg,tsq,train
73vjLHL_KJc,tsq,val
HMuUcAj143I,tsq,train
WCXfkRFqSos,tsq,train
KBY6Ie9yeZw,tsq,train
GVcdC1WI6uo,tsq,train
zqnNJdvQ5hY,tsq,train
HfGETEXMXdE,tsq,train
23sXKbr_pY0,tsq,train
xBeM8MJvyyA,tsq,val
hgHhcVM-wKQ,tsq,train
kQr0crMc1dE,tsq,train
ZJxXhZko2No,tsq,train
b6Xdh8CCABg,tsq,train
ziwCNPpdlgM,tsq,train
yN_Gx_2AEAI,tsq,train
kd4sD9ascs4,tsq,train
flTVObpJzY0,tsq,train
x1ZZsMmZRjs,tsq,train
lLBHNnzEYMI,tsq,test
v5zdNWFaBjg,tsq,train
nheHmqs_yZw,tsq,train
LopghdUrwJ8,tsq,train
6QHcDizyMx8,tsq,train
4JBEACFKEl8,tsq,train
F27JDtSPYZ4,tsq,train
-WebafnYx4Q,tsq,train
NwWtq8WdqTE,tsq,train
8vwhZK0Q_bE,tsq,train
9WuCsc-t9Bg,tsq,train
zftE6rKuDUI,tsq,test
hJlCSA7-T6M,tsq,train
rTHcrwODLjU,tsq,train
ktV8wwJArZY,tsq,train
jdggXHBpB8Y,tsq,train
KhCqJerWmCg,tsq,train
o1vRmEphYXM,tsq,train
7YnwajH2RkM,tsq,train
JXxjUE1TFlc,tsq,train
4IOUsCE_Nmg,tsq,train
2HvGMDzYujc,tsq,train
Wsym82cwXns,tsq,test
285rs86fLlQ,tsq,train
mqEsoIF-1rc,tsq,train
GRXIfckbGBA,tsq,train
Ee3WHXqIqM0,tsq,train
M1YDLQSoQig,tsq,train
Ya3x6IpOOxY,tsq,train
nP_xNcFbeo8,tsq,test
M0gNPmpNGSw,tsq,train
Z9p_uYi-AKw,tsq,train
cbscmFXha9c,tsq,train
b_7a5fiVkyw,tsq,train
c9oznuDoEog,tsq,train
MfgT5zFQOC8,tsq,train
pRIFr-HlngM,tsq,train
RDhwP6rOO9w,tsq,val
MWPcoNuEZFo,tsq,train
-YeZylTsbXA,tsq,train
4CxaeMCdYVI,tsq,train
isHE2DbNTjA,tsq,train
KxLzjtYnBWY,tsq,train
plZBNnCyxlE,tsq,train
9975UQz6iP4,tsq,test
tJacomLLwq4,tsq,train
U0B-h6XaxyU,tsq,train
iaVgYK7vDSk,tsq,train
Bbe1K755Qzo,tsq,train
E7FQCmnOKkM,tsq,train
p3p2tNzGy0o,tsq,train
pC7wG2tFhvM,tsq,train
bqz83cFWIAs,tsq,train
e2W-8ZP2MXw,tsq,train
FOvnc0ljRbU,tsq,train
Tgl0dVynIoE,tsq,train
q4cFMO3NoG0,tsq,train
pP1yGIl-ygg,tss,train
mSYlP0l5LUk,tss,train
83tJNp5ajaQ,tss,val
13MWjQbGfeU,tss,train
XNCtQrRG3nE,tss,train
T1GS_HeinW0,tss,train
T7rlDWesgYI,tss,train
4HXHfpsxisU,tss,train
BXW4NTc5cQs,tss,train
Bh3ffITMGEg,tss,train
aj_fMyotvF4,tss,test
ln31rc2qbr8,tss,train
rmeh-pWqLgo,tss,train
0MWnY3JN1wA,tss,train
jU66X5td2Y8,tss,train
YjHsgArQ2aA,tss,train
FASd5ZW2AUA,tss,train
EQVXXZtJ8kY,tss,train
b5hXsvpJCck,tss,train
8c_XlUkxGBg,tss,train
Kx7vHi7cLJw,tss,train
YoV8huMhJzE,tss,train
wNWc9e__La0,tss,train
xZP0DtvLjgo,tss,train
chplWLJcZC0,tss,train
yCdKt4CaWg8,tss,train
AFuuqEhbO6U,tss,train
ue7RA6bJi84,tss,train
AT4ACSQP1SY,tss,test
Rk7t3vJymho,tss,train
S6qHSHfu6Ac,tss,val
D0Z2qtKFn80,tss,train
R6_rhyhl5_k,tss,train
GccGvxa027o,tss,train
2PepwUJYpCM,tss,train
ppX62dV22kQ,tss,val
vpd99O17G_k,tss,train
KL2ppdAXT4Y,tss,train
jhbJFyYARCQ,tss,train
tLIdiVG-coI,tss,train
i1kXDCj52Lw,tss,train
7NO7B5GfrKQ,tss,train
o7aT1kS_nG0,tss,train
wNaoRTd3Lm4,tss,train
1MzdWYERdiY,tss,train
hgFVYkJP4Xw,tss,test
MwaUuRwsWLs,tss,train
v_p7AGWcarY,tss,train
7iZ54VBMm-g,tss,train
tMr9yEKAzYc,tss,train
qC92vLv8Nuo,tss,train
_yNt8glgPIw,tss,train
lN9lsz_Sp7Y,tss,train
MJNpSUtNsrw,tss,train
Rf_gsgYFNDY,tss,train
AI0zm71sGuE,tss,train
UH5qllqHvEw,tss,test
lm4fGzzwP08,tss,train
Nz-Zhabjzys,tss,train
vDb1n7JgwB8,tss,train
wUZhkzb-9tk,tss,train
zNfT6ATpKXk,tss,train
Kzcw2tGXpN8,tss,train
qls9u82lE8w,tss,train
oHQtMH4EpV8,tss,train
v2B2_56GiCk,tss,train
VaCv0y17Qcw,tss,train
xKrltTaJSEY,tss,train
fT7SdcqUAYc,tss,val
51w5NO1M2yc,tss,train
zX_ClgNMBG4,tss,train
77n_9HhrWgE,tss,train
vAq49WfMkEY,tss,train
9-Vs2DVBB-o,tss,train
LFoaopkSeXE,tss,train
Gmzg5spOSTw,tss,val
8bBY9xQyXNE,tss,train
Wrfm_fdbqRI,tss,train
3gXcgA1w7bo,tss,train
ivRXDvtf8xw,tss,train
ClUXJiwwqvI,tss,train
zfgHktQ2W84,tss,train
7s9tKmH1A-A,tss,train
VxVxP1OkWqI,tss,train
s65HlBHMw7Q,tss,train
XZlLgPISbaY,tss,train
5mb8nN82-J4,tss,train
1V5n7D8VcPU,tss,train
-Gv7DVRCqzM,tss,train
CxrOgLty_d8,tss,train
NZuf5LyUMCg,tss,train
jUtSm9xzqms,tss,train
jWktQu7-nkg,tss,train
wRDzBeyxZFA,tss,train
MwMaVEHZT2U,tss,train
hzyI9pl_R1w,tss,train
qNA75gnXIcw,tss,train
IAc1m1nr29U,tss,train
v1NmR5QOD5Y,tss,train
iwa6uWwA6mI,tss,train
M7u9tmwQm54,tss,train
F36x4i7H3l0,tss,train
AtLn0cTR7Nc,tss,test
dIBuokxjYuI,tss,train
_P0hRnldELQ,tss,train
MSbxQ9VHfRA,tss,train
0tBpwAbWOZ0,tss,train
JuR6RniFDb4,tss,train
nE4kuhO0l3E,tss,train
MI95Fcl1rs8,tss,train
3jsWV4NKX2M,tss,train
Lt3nKngl1qM,tss,train
TRyEwZ9TM58,tss,train
P768bsbwIGU,tss,train
q1AIWDCNrqg,tss,train
ekeUjjPqbm0,tss,train
BbRunLBlmtI,tss,train
rYBA3NQYmMY,tss,train
d349jRXqxeY,tss,train
un4MFaizaCI,tss,train
NufhnkyLxHk,tss,val
jwcjIB_0xO0,tss,train
2mXpJdrdeDQ,tss,train
3K0Fu4JVHPw,tss,train
sr-25wcq9vA,tss,train
d0iKiQ5oJGQ,tss,train
CodzI0ygvIc,tss,train
wD-Jz9nmPXw,tss,test
2IffWHpDSjo,tss,train
2c_MCdS8zk4,tss,train
3ARJP6C5MFY,vgt,train
Qk_3QYOVllw,vgt,train
hA4_VidSAnE,vgt,train
pQbX-NTZ_ds,vgt,train
2zABejrwqVs,vgt,train
cQbyKeEBQ0E,vgt,train
XBUdqboIe2c,vgt,train
AlHUIKknu7Q,vgt,train
dIU0kCuV3x8,vgt,train
MdPcwWJer6Y,vgt,train
Slb57x8tpc8,vgt,train
SG12P0hJ6So,vgt,train
jDHQKJJJmaw,vgt,train
mkQbzexy2i8,vgt,test
7e5JXfxL6Yg,vgt,train
AzvyO-r223A,vgt,train
PTnAavceDJA,vgt,train
uaQmcA_n7_c,vgt,train
9X_8myNnPmQ,vgt,train
xQj_avTOjsE,vgt,train
7-76oHHDegQ,vgt,train
IskKjx3y_1Q,vgt,train
1lnF8La_IcI,vgt,train
hIa1ftESQks,vgt,train
NjOzPGnWqBY,vgt,train
hVZ_b9dSf3w,vgt,train
KnojNkwapj8,vgt,train
HIfNL_5ICRk,vgt,train
NRTuqR4cT7M,vgt,train
zF5Zi6sNhhM,vgt,train
pZQmMBdI_vs,vgt,train
-Ye3NVAvqtc,vgt,val
xUM3cL8fJUM,vgt,train
1LmL2VjM_wg,vgt,test
eFjqVHyi2U4,vgt,val
L6WlfqZARKw,vgt,train
ne39tKfhZl8,vgt,train
rPCckKfaUNE,vgt,train
2cY_LSzwqR4,vgt,train
L00xvlINaac,vgt,train
ijeODaRhJ68,vgt,train
k2HbvufIMHU,vgt,train
w0z2_43uJ-4,vgt,train
MOa2sSEaZeI,vgt,test
k_Abs1HfB8Y,vgt,train
ctCt8jRulak,vgt,train
vEpGc-9Vpmk,vgt,train
hFYqNtJrkns,vgt,val
JYC3Hz1JUGI,vgt,train
iPJeT5QkEOk,vgt,train
0_unq0qOCIU,vgt,train
kE0P4UTl3Qk,vgt,train
2kHzH50wGhM,vgt,train
liFQ7LLvOOw,vgt,train
n8rV5Cg5UvU,vgt,train
7gM3KIsLTvw,vgt,train
A8mUrEz_1vc,vgt,train
IxkTsspLGT4,vietnam,train
qdIMqo2_sA4,vietnam,train
TD-1FY1A_OE,vietnam,train
3In_HVX3kzc,vietnam,train
U_gesIkWu-g,vietnam,train
VRopPf-3Fyk,vietnam,train
psXao5ooQgY,vietnam,train
7UxDvcueuBU,vietnam,train
UoeObdVpTV0,vietnam,test
2YJxD_xrkB8,vietnam,train
QO13V5iofd0,vietnam,train
4qw6V0E4rIc,vietnam,train
P_8Zg6tHdV8,vietnam,train
PkO0jCxD6cA,vietnam,train
nI6iqs1sFgs,vietnam,train
u1Rae5E6hBE,vietnam,train
iyeyQTJ7b90,vietnam,train
mPUzXfFtBXs,vietnam,train
iJ6_YjPaa00,vietnam,train
NkHHzou_7NI,vietnam,train
QVNXbq8BmdE,vietnam,train
ory3Bm5m3PU,vietnam,val
u5L5izLuXXw,vietnam,train
olPvePvhND4,vietnam,train
4LkrDm3S1_E,vietnam,val
tIg0eDeD2MM,vietnam,train
LjuwZ6XHD6g,vietnam,train
1UxlgLlvWeI,vietnam,test
9YDSihRDaCk,vietnam,train
O3hd3Q4MUco,vietnam,train
TjI7eHQjnw0,vietnam,train
U1ZLCSzcLgs,vietnam,train
RsjaeSi0PzI,vietnam,train
MY8zCu21-uM,vietnam,train
eLJh6QIXG4Q,vietnam,train
FCFDyDid1WY,vietnam,train
